#K-Path     Band-1    Band-2    Band-3    Band-4      ...     Band-n
  0.0000  -49.3613  -49.2974  -49.2920  -44.3421  -44.2813  -44.2737  -23.8011  -23.2865  -23.2508  -23.2078   -7.3078   -6.5104   -6.1189   -5.9278   -5.2746   -5.2568   -5.2150   -5.1798   -4.3334   -3.9381   -3.9260   -3.6299   -2.7096   -2.5230   -2.2740   -1.2938   -0.9048    2.3913    3.9385    4.5186    4.5576    5.3338    5.4016    7.4868    7.9623    9.5686   10.6217   12.3094   13.0323   13.5223   13.8084   14.7560   16.4336   17.0589   20.5045   20.6488   21.3443   21.3689
  0.0222  -49.3613  -49.2974  -49.2920  -44.3421  -44.2813  -44.2737  -23.8007  -23.2871  -23.2505  -23.2078   -7.3067   -6.5103   -6.1190   -5.9271   -5.2755   -5.2565   -5.2147   -5.1795   -4.3341   -3.9400   -3.9275   -3.6304   -2.7094   -2.5228   -2.2738   -1.2928   -0.9047    2.3949    3.9387    4.5185    4.5575    5.3334    5.4015    7.4840    7.9595    9.5723   10.6259   12.3030   13.0098   13.5460   13.8156   14.7570   16.4337   17.0600   20.5015   20.6119   21.3515   21.3867
  0.0445  -49.3613  -49.2974  -49.2920  -44.3421  -44.2813  -44.2737  -23.7997  -23.2889  -23.2497  -23.2080   -7.3034   -6.5099   -6.1191   -5.9251   -5.2783   -5.2557   -5.2136   -5.1786   -4.3365   -3.9463   -3.9311   -3.6321   -2.7087   -2.5224   -2.2731   -1.2899   -0.9043    2.4056    3.9393    4.5183    4.5572    5.3323    5.4014    7.4751    7.9519    9.5829   10.6387   12.2842   12.9529   13.6051   13.8385   14.7603   16.4341   17.0634   20.4925   20.5148   21.3536   21.4893
  0.0667  -49.3613  -49.2974  -49.2920  -44.3421  -44.2813  -44.2737  -23.7979  -23.2917  -23.2485  -23.2082   -7.2978   -6.5091   -6.1195   -5.9217   -5.2831   -5.2544   -5.2117   -5.1770   -4.3403   -3.9582   -3.9355   -3.6350   -2.7077   -2.5215   -2.2721   -1.2852   -0.9037    2.4234    3.9402    4.5180    4.5566    5.3304    5.4011    7.4586    7.9419    9.5994   10.6603   12.2539   12.8783   13.6782   13.8808   14.7657   16.4347   17.0692   20.3813   20.4769   21.3451   21.4531
  0.0889  -49.3613  -49.2974  -49.2920  -44.3421  -44.2813  -44.2737  -23.7956  -23.2955  -23.2472  -23.2086   -7.2901   -6.5081   -6.1199   -5.9169   -5.2900   -5.2526   -5.2087   -5.1747   -4.3457   -3.9756   -3.9406   -3.6389   -2.7062   -2.5204   -2.2707   -1.2786   -0.9029    2.4481    3.9414    4.5174    4.5558    5.3278    5.4007    7.4327    7.9326    9.6198   10.6908   12.2132   12.7964   13.7484   13.9476   14.7732   16.4355   17.0772   20.2270   20.4540   21.2045   21.3740
  0.1111  -49.3613  -49.2974  -49.2920  -44.3421  -44.2813  -44.2738  -23.7926  -23.3002  -23.2457  -23.2091   -7.2803   -6.5069   -6.1204   -5.9107   -5.2991   -5.2505   -5.2047   -5.1717   -4.3525   -3.9981   -3.9465   -3.6440   -2.7043   -2.5190   -2.2689   -1.2704   -0.9019    2.4796    3.9430    4.5168    4.5548    5.3245    5.4001    7.3955    7.9273    9.6425   10.7307   12.1638   12.7122   13.8094   14.0384   14.7827   16.4362   17.0876   20.0608   20.4228   20.9737   21.3521
  0.1334  -49.3613  -49.2974  -49.2920  -44.3421  -44.2813  -44.2738  -23.7888  -23.3053  -23.2442  -23.2096   -7.2683   -6.5053   -6.1211   -5.9031   -5.3104   -5.2479   -5.1997   -5.1679   -4.3607   -4.0252   -3.9533   -3.6503   -2.7022   -2.5173   -2.2668   -1.2606   -0.9007    2.5178    3.9450    4.5161    4.5536    5.3206    5.3995    7.3460    7.9287    9.6657   10.7801   12.1074   12.6277   13.8651   14.1458   14.7942   16.4372   17.1003   19.8876   20.3826   20.7363   21.3455
  0.1556  -49.3613  -49.2974  -49.2920  -44.3421  -44.2813  -44.2738  -23.7843  -23.3112  -23.2427  -23.2101   -7.2544   -6.5035   -6.1219   -5.8941   -5.3239   -5.2451   -5.1936   -5.1634   -4.3704   -4.0566   -3.9607   -3.6576   -2.6997   -2.5154   -2.2645   -1.2494   -0.8993    2.5623    3.9472    4.5152    4.5523    5.3161    5.3988    7.2846    7.9380    9.6878   10.8387   12.0459   12.5440   13.9195   14.2620   14.8075   16.4386   17.1154   19.7106   20.3328   20.4985   21.3383
  0.1778  -49.3613  -49.2974  -49.2920  -44.3421  -44.2813  -44.2738  -23.7792  -23.3178  -23.2411  -23.2107   -7.2385   -6.5015   -6.1227   -5.8836   -5.3395   -5.2420   -5.1866   -5.1580   -4.3813   -4.0919   -3.9688   -3.6660   -2.6970   -2.5133   -2.2620   -1.2370   -0.8977    2.6130    3.9498    4.5142    4.5507    5.3110    5.3980    7.2122    7.9551    9.7073   10.9062   11.9810   12.4614   13.9754   14.3820   14.8225   16.4401   17.1329   19.5320   20.2635   20.2730   21.3297
  0.2001  -49.3613  -49.2974  -49.2920  -44.3421  -44.2813  -44.2738  -23.7735  -23.3248  -23.2398  -23.2114   -7.2207   -6.4992   -6.1236   -5.8717   -5.3571   -5.2389   -5.1787   -5.1517   -4.3935   -4.1307   -3.9773   -3.6754   -2.6941   -2.5110   -2.2593   -1.2235   -0.8959    2.6697    3.9527    4.5131    4.5490    5.3054    5.3971    7.1307    7.9797    9.7237   10.9820   11.9143   12.3800   14.0336   14.5026   14.8391   16.4416   17.1528   19.3532   20.0337   20.2034   21.3188
  0.2223  -49.3613  -49.2974  -49.2921  -44.3421  -44.2813  -44.2738  -23.7672  -23.3327  -23.2386  -23.2123   -7.2013   -6.4967   -6.1246   -5.8583   -5.3765   -5.2356   -5.1702   -5.1445   -4.4068   -4.1726   -3.9860   -3.6859   -2.6910   -2.5085   -2.2565   -1.2091   -0.8941    2.7318    3.9558    4.5119    4.5472    5.2993    5.3961    7.0413    8.0109    9.7364   11.0646   11.8474   12.3005   14.0946   14.6211   14.8570   16.4432   17.1752   19.1756   19.8118   20.1244   21.3070
  0.2445  -49.3613  -49.2974  -49.2921  -44.3421  -44.2813  -44.2738  -23.7603  -23.3411  -23.2374  -23.2130   -7.1802   -6.4940   -6.1257   -5.8434   -5.3976   -5.2324   -5.1612   -5.1363   -4.4213   -4.2173   -3.9948   -3.6974   -2.6879   -2.5059   -2.2537   -1.1940   -0.8921    2.7991    3.9593    4.5107    4.5452    5.2929    5.3951    6.9458    8.0481    9.7454   11.1522   11.7820   12.2236   14.1585   14.7348   14.8762   16.4449   17.2001   18.9998   19.6003   20.0376   21.2911
  0.2667  -49.3613  -49.2974  -49.2921  -44.3421  -44.2813  -44.2738  -23.7528  -23.3496  -23.2362  -23.2137   -7.1576   -6.4910   -6.1268   -5.8271   -5.4203   -5.2292   -5.1517   -5.1272   -4.4368   -4.2644   -4.0035   -3.7098   -2.6846   -2.5032   -2.2509   -1.1784   -0.8900    2.8714    3.9630    4.5093    4.5432    5.2861    5.3941    6.8455    8.0905    9.7505   11.2415   11.7200   12.1507   14.2259   14.8413   14.8964   16.4467   17.2275   18.8262   19.4024   19.9440   21.2742
  0.2890  -49.3613  -49.2974  -49.2921  -44.3421  -44.2813  -44.2738  -23.7446  -23.3589  -23.2349  -23.2142   -7.1337   -6.4878   -6.1279   -5.8095   -5.4442   -5.2260   -5.1420   -5.1172   -4.4531   -4.3133   -4.0119   -3.7231   -2.6813   -2.5005   -2.2480   -1.1625   -0.8879    2.9482    3.9670    4.5080    4.5411    5.2789    5.3931    6.7412    8.1378    9.7519   11.3258   11.6654   12.0851   14.2961   14.9175   14.9375   16.4487   17.2576   18.6541   19.2221   19.8449   21.2554
  0.3112  -49.3613  -49.2974  -49.2921  -44.3421  -44.2813  -44.2738  -23.7358  -23.3686  -23.2339  -23.2149   -7.1088   -6.4843   -6.1290   -5.7906   -5.4692   -5.2230   -5.1323   -5.1062   -4.4704   -4.3638   -4.0197   -3.7373   -2.6781   -2.4978   -2.2452   -1.1465   -0.8857    3.0293    3.9713    4.5066    4.5390    5.2713    5.3921    6.6339    8.1892    9.7494   11.3902   11.6268   12.0326   14.3693   14.9391   15.0201   16.4505   17.2904   18.4830   19.0640   19.7417   21.2339
  0.3334  -49.3613  -49.2974  -49.2921  -44.3421  -44.2813  -44.2738  -23.7267  -23.3788  -23.2329  -23.2155   -7.0829   -6.4805   -6.1302   -5.7707   -5.4947   -5.2202   -5.1226   -5.0944   -4.4883   -4.4154   -4.0268   -3.7521   -2.6748   -2.4950   -2.2425   -1.1305   -0.8834    3.1140    3.9760    4.5052    4.5369    5.2633    5.3910    6.5243    8.2445    9.7432   11.4105   11.6161   12.0061   14.4450   14.9610   15.0861   16.4524   17.3258   18.3112   18.9331   19.6356   21.2101
  0.3556  -49.3613  -49.2974  -49.2921  -44.3421  -44.2813  -44.2738  -23.7171  -23.3894  -23.2319  -23.2160   -7.0565   -6.4763   -6.1313   -5.7502   -5.5202   -5.2174   -5.1133   -5.0818   -4.5068   -4.4676   -4.0331   -3.7677   -2.6717   -2.4924   -2.2399   -1.1148   -0.8812    3.2019    3.9812    4.5038    4.5348    5.2548    5.3900    6.4131    8.3034    9.7333   11.3870   11.6156   12.0232   14.5229   14.9830   15.1326   16.4542   17.3641   18.1383   18.8336   19.5277   21.1836
  0.3779  -49.3613  -49.2974  -49.2921  -44.3421  -44.2813  -44.2738  -23.7070  -23.4004  -23.2310  -23.2166   -7.0297   -6.4718   -6.1324   -5.7302   -5.5445   -5.2149   -5.1046   -5.0684   -4.5259   -4.5201   -4.0383   -3.7838   -2.6687   -2.4898   -2.2375   -1.0995   -0.8791    3.2924    3.9870    4.5024    4.5327    5.2457    5.3890    6.3010    8.3653    9.7195   11.3446   11.5952   12.0894   14.6023   15.0048   15.1575   16.4559   17.4051   17.9646   18.7682   19.4189   21.1537
  0.4001  -49.3613  -49.2974  -49.2921  -44.3421  -44.2813  -44.2738  -23.6966  -23.4119  -23.2301  -23.2170   -7.0028   -6.4668   -6.1335   -5.7127   -5.5652   -5.2125   -5.0967   -5.0543   -4.5724   -4.5453   -4.0423   -3.8004   -2.6658   -2.4873   -2.2351   -1.0848   -0.8769    3.3849    3.9939    4.5010    4.5306    5.2358    5.3881    6.1887    8.4300    9.7019   11.2967   11.5563   12.1904   14.6811   15.0263   15.1609   16.4575   17.4491   17.7908   18.7379   19.3100   21.1197
  0.4223  -49.3613  -49.2974  -49.2921  -44.3421  -44.2813  -44.2738  -23.6856  -23.4237  -23.2292  -23.2174   -6.9763   -6.4614   -6.1346   -5.7021   -5.5778   -5.2103   -5.0900   -5.0397   -4.6239   -4.5650   -4.0451   -3.8173   -2.6630   -2.4849   -2.2329   -1.0708   -0.8749    3.4784    4.0023    4.4997    4.5287    5.2246    5.3871    6.0772    8.4973    9.6803   11.2483   11.5092   12.3116   14.7554   15.0470   15.1467   16.4590   17.4959   17.6182   18.7421   19.2016   21.0806
  0.4446  -49.3613  -49.2974  -49.2921  -44.3421  -44.2813  -44.2738  -23.6743  -23.4358  -23.2285  -23.2179   -6.9506   -6.4555   -6.1355   -5.7037   -5.5765   -5.2083   -5.0850   -5.0247   -4.6739   -4.5847   -4.0464   -3.8345   -2.6605   -2.4827   -2.2309   -1.0578   -0.8730    3.5713    4.0134    4.4984    4.5268    5.2115    5.3863    5.9674    8.5665    9.6544   11.2010   11.4605   12.4446   14.8130   15.0667   15.1278   16.4605   17.4479   17.5456   18.7786   19.0946   21.0346
  0.4668  -49.3613  -49.2974  -49.2921  -44.3421  -44.2813  -44.2738  -23.6626  -23.4481  -23.2279  -23.2183   -6.9260   -6.4490   -6.1364   -5.7173   -5.5615   -5.2065   -5.0823   -5.0093   -4.7216   -4.6043   -4.0462   -3.8517   -2.6582   -2.4807   -2.2291   -1.0457   -0.8713    3.6613    4.0291    4.4972    4.5251    5.1957    5.3855    5.8610    8.6374    9.6242   11.1560   11.4139   12.5856   14.8271   15.0852   15.1330   16.4618   17.2807   17.5981   18.8442   18.9894   20.9799
  0.4890  -49.3613  -49.2974  -49.2921  -44.3421  -44.2813  -44.2738  -23.6506  -23.4605  -23.2273  -23.2187   -6.9030   -6.4421   -6.1373   -5.7374   -5.5377   -5.2048   -5.0826   -4.9939   -4.7660   -4.6236   -4.0446   -3.8689   -2.6561   -2.4788   -2.2274   -1.0347   -0.8696    3.7439    4.0531    4.4961    4.5236    5.1754    5.3847    5.7599    8.7095    9.5895   11.1140   11.3712   12.7320   14.7801   15.1020   15.1829   16.4628   17.1178   17.6533   18.8867   18.9350   20.9140
  0.5112  -49.3613  -49.2974  -49.2921  -44.3421  -44.2813  -44.2738  -23.6384  -23.4732  -23.2268  -23.2190   -6.8821   -6.4350   -6.1380   -5.7597   -5.5093   -5.2034   -5.0870   -4.9786   -4.8058   -4.6423   -4.0415   -3.8859   -2.6542   -2.4772   -2.2260   -1.0251   -0.8682    3.8128    4.0912    4.4952    4.5222    5.1486    5.3841    5.6671    8.7823    9.5502   11.0757   11.3337   12.8829   14.6892   15.1172   15.2629   16.4638   16.9598   17.7110   18.7870   19.0466   20.8349
  0.5335  -49.3613  -49.2974  -49.2921  -44.3421  -44.2813  -44.2738  -23.6261  -23.4860  -23.2264  -23.2193   -6.8636   -6.4277   -6.1386   -5.7816   -5.4786   -5.2022   -5.0962   -4.9638   -4.8396   -4.6600   -4.0369   -3.9024   -2.6527   -2.4758   -2.2247   -1.0167   -0.8669    3.8624    4.1476    4.4943    4.5210    5.1125    5.3835    5.5865    8.8555    9.5063   11.0418   11.3016   13.0371   14.5733   15.1305   15.3566   16.4647   16.8077   17.7706   18.6913   19.1747   20.7407
  0.5557  -49.3613  -49.2974  -49.2921  -44.3421  -44.2813  -44.2738  -23.6139  -23.4989  -23.2261  -23.2196   -6.8479   -6.4208   -6.1391   -5.8016   -5.4469   -5.2012   -5.1108   -4.9500   -4.8663   -4.6762   -4.0311   -3.9182   -2.6513   -2.4746   -2.2237   -1.0098   -0.8659    3.8936    4.2202    4.4936    4.5200    5.0649    5.3830    5.5213    8.9282    9.4579   11.0129   11.2752   13.1936   14.4420   15.1415   15.4562   16.4653   16.6632   17.8312   18.6007   19.3145   20.6312
  0.5779  -49.3613  -49.2974  -49.2921  -44.3421  -44.2813  -44.2738  -23.6018  -23.5115  -23.2259  -23.2198   -6.8354   -6.4146   -6.1396   -5.8185   -5.4159   -5.2004   -5.1299   -4.9379   -4.8855   -4.6903   -4.0243   -3.9329   -2.6503   -2.4737   -2.2229   -1.0043   -0.8651    3.9120    4.3007    4.4930    4.5192    5.0069    5.3826    5.4735    9.0000    9.4056   10.9898   11.2548   13.3516   14.3004   15.1504   15.5565   16.4658   16.5290   17.8911   18.5174   19.4612   20.5091
  0.6002  -49.3613  -49.2974  -49.2921  -44.3421  -44.2813  -44.2738  -23.5904  -23.5231  -23.2257  -23.2199   -6.8263   -6.4096   -6.1399   -5.8314   -5.3879   -5.1999   -5.1506   -4.9281   -4.8979   -4.7014   -4.0171   -3.9458   -2.6496   -2.4731   -2.2224   -1.0004   -0.8645    3.9224    4.3790    4.4925    4.5186    4.9447    5.3824    5.4423    9.0693    9.3502   10.9730   11.2403   13.5099   14.1525   15.1567   15.6507   16.4111   16.4662   17.9463   18.4452   19.6065   20.3811
  0.6224  -49.3613  -49.2974  -49.2921  -44.3421  -44.2814  -44.2738  -23.5811  -23.5327  -23.2257  -23.2201   -6.8208   -6.4064   -6.1401   -5.8394   -5.3669   -5.1996   -5.1679   -4.9218   -4.9047   -4.7086   -4.0108   -3.9555   -2.6491   -2.4727   -2.2220   -0.9980   -0.8642    3.9278    4.4414    4.4920    4.5182    4.8914    5.3822    5.4250    9.1327    9.2952   10.9627   11.2316   13.6652   14.0028   15.1606   15.7250   16.3226   16.4664   17.9890   18.3923   19.7332   20.2644
  0.6446  -49.3613  -49.2974  -49.2921  -44.3421  -44.2813  -44.2738  -23.5769  -23.5368  -23.2256  -23.2201   -6.8190   -6.4053   -6.1401   -5.8422   -5.3587   -5.1994   -5.1749   -4.9195   -4.9068   -4.7111   -4.0081   -3.9593   -2.6490   -2.4726   -2.2219   -0.9972   -0.8640    3.9295    4.4673    4.4914    4.5181    4.8690    5.3821    5.4195    9.1687    9.2621   10.9593   11.2288   13.7773   13.8924   15.1619   15.7554   16.2876   16.4665   18.0060   18.3719   19.7925   20.2086
  0.6446  -49.3613  -49.2974  -49.2921  -44.3421  -44.2813  -44.2738  -23.5769  -23.5368  -23.2256  -23.2201   -6.8190   -6.4053   -6.1401   -5.8422   -5.3587   -5.1994   -5.1749   -4.9195   -4.9068   -4.7111   -4.0081   -3.9593   -2.6490   -2.4726   -2.2219   -0.9972   -0.8640    3.9295    4.4673    4.4914    4.5181    4.8690    5.3821    5.4195    9.1687    9.2621   10.9593   11.2288   13.7773   13.8924   15.1619   15.7554   16.2876   16.4665   18.0060   18.3719   19.7925   20.2086
  0.6641  -49.3613  -49.2974  -49.2921  -44.3421  -44.2814  -44.2738  -23.5773  -23.5360  -23.2257  -23.2201   -6.8189   -6.4050   -6.1396   -5.8423   -5.3604   -5.2000   -5.1753   -4.9236   -4.9013   -4.7117   -4.0079   -3.9594   -2.6485   -2.4724   -2.2221   -0.9973   -0.8650    3.9301    4.4651    4.4914    4.5181    4.8718    5.3826    5.4214    9.1667    9.2644   10.9618   11.2295   13.7561   13.9092   15.1497   15.7656   16.2376   16.5163   18.0033   18.3662   19.7866   20.2163
  0.6836  -49.3613  -49.2974  -49.2921  -44.3421  -44.2813  -44.2739  -23.5785  -23.5340  -23.2259  -23.2201   -6.8188   -6.4042   -6.1382   -5.8427   -5.3652   -5.2020   -5.1766   -4.9296   -4.8908   -4.7135   -4.0075   -3.9594   -2.6470   -2.4718   -2.2226   -0.9977   -0.8678    3.9318    4.4590    4.4911    4.5179    4.8799    5.3839    5.4275    9.1611    9.2710   10.9694   11.2319   13.7108   13.9407   15.1172   15.7889   16.1518   16.6044   17.9961   18.3493   19.7709   20.2379
  0.7030  -49.3613  -49.2974  -49.2922  -44.3421  -44.2813  -44.2740  -23.5802  -23.5309  -23.2263  -23.2202   -6.8186   -6.4028   -6.1358   -5.8432   -5.3730   -5.2056   -5.1783   -4.9351   -4.8785   -4.7161   -4.0069   -3.9595   -2.6445   -2.4709   -2.2234   -0.9983   -0.8725    3.9347    4.4496    4.4905    4.5174    4.8925    5.3854    5.4383    9.1530    9.2810   10.9819   11.2360   13.6569   13.9702   15.0731   15.8020   16.0817   16.6933   17.9861   18.3221   19.7488   20.2692
  0.7225  -49.3612  -49.2974  -49.2923  -44.3421  -44.2813  -44.2742  -23.5823  -23.5269  -23.2270  -23.2203   -6.8182   -6.4009   -6.1325   -5.8440   -5.3832   -5.2109   -5.1806   -4.9398   -4.8654   -4.7191   -4.0063   -3.9594   -2.6410   -2.4696   -2.2246   -0.9991   -0.8790    3.9387    4.4381    4.4896    4.5166    4.9087    5.3866    5.4545    9.1430    9.2936   10.9989   11.2420   13.5991   13.9913   15.0261   15.7689   16.0629   16.7727   17.9764   18.2862   19.7243   20.3061
  0.7420  -49.3612  -49.2974  -49.2925  -44.3420  -44.2813  -44.2744  -23.5845  -23.5222  -23.2276  -23.2204   -6.8177   -6.3985   -6.1285   -5.8451   -5.3953   -5.2180   -5.1835   -4.9438   -4.8523   -4.7215   -4.0060   -3.9591   -2.6367   -2.4679   -2.2261   -1.0001   -0.8872    3.9438    4.4252    4.4883    4.5155    4.9274    5.3877    5.4763    9.1318    9.3085   11.0200   11.2501   13.5391   14.0001   14.9832   15.6888   16.0933   16.8374   17.9699   18.2445   19.7003   20.3450
  0.7615  -49.3612  -49.2974  -49.2926  -44.3420  -44.2813  -44.2746  -23.5866  -23.5171  -23.2285  -23.2206   -6.8171   -6.3957   -6.1237   -5.8463   -5.4090   -5.2265   -5.1872   -4.9473   -4.8409   -4.7218   -4.0062   -3.9584   -2.6316   -2.4659   -2.2280   -1.0014   -0.8969    3.9500    4.4116    4.4868    4.5139    4.9476    5.3885    5.5038    9.1198    9.3252   11.0443   11.2605   13.4776   13.9939   14.9485   15.5894   16.1426   16.8831   17.9675   18.2022   19.6790   20.3831
  0.7809  -49.3611  -49.2974  -49.2928  -44.3419  -44.2813  -44.2749  -23.5887  -23.5117  -23.2294  -23.2207   -6.8162   -6.3925   -6.1182   -5.8477   -5.4237   -5.2361   -5.1921   -4.9504   -4.8328   -4.7183   -4.0072   -3.9573   -2.6258   -2.4636   -2.2302   -1.0030   -0.9081    3.9572    4.3980    4.4849    4.5121    4.9686    5.3892    5.5370    9.1071    9.3437   11.0711   11.2738   13.4153   13.9717   14.9232   15.4859   16.1934   16.9079   17.9630   18.1705   19.6621   20.4186
  0.8004  -49.3611  -49.2974  -49.2931  -44.3419  -44.2812  -44.2752  -23.5906  -23.5059  -23.2304  -23.2209   -6.8152   -6.3888   -6.1123   -5.8493   -5.4391   -5.2465   -5.1984   -4.9531   -4.8295   -4.7096   -4.0092   -3.9557   -2.6194   -2.4609   -2.2328   -1.0048   -0.9206    3.9655    4.3850    4.4827    4.5099    4.9898    5.3899    5.5759    9.0940    9.3639   11.0991   11.2906   13.3523   13.9342   14.9048   15.3863   16.2374   16.9133   17.9416   18.1667   19.6513   20.4501
  0.8199  -49.3611  -49.2973  -49.2933  -44.3418  -44.2812  -44.2756  -23.5923  -23.4999  -23.2317  -23.2213   -6.8138   -6.3848   -6.1061   -5.8510   -5.4549   -5.2574   -5.2064   -4.9557   -4.8309   -4.6957   -4.0121   -3.9539   -2.6125   -2.4579   -2.2357   -1.0069   -0.9340    3.9747    4.3727    4.4803    4.5073    5.0107    5.3906    5.6203    9.0805    9.3858   11.1271   11.3114   13.2890   13.8835   14.8862   15.2979   16.2681   16.9040   17.8975   18.1962   19.6481   20.4770
  0.8393  -49.3610  -49.2973  -49.2936  -44.3417  -44.2812  -44.2760  -23.5936  -23.4936  -23.2330  -23.2216   -6.8122   -6.3805   -6.0997   -5.8528   -5.4709   -5.2684   -5.2162   -4.9580   -4.8358   -4.6778   -4.0159   -3.9519   -2.6053   -2.4546   -2.2391   -1.0096   -0.9481    3.9848    4.3616    4.4775    4.5045    5.0313    5.3915    5.6702    9.0668    9.4094   11.1540   11.3368   13.2258   13.8228   14.8561   15.2302   16.2805   16.8870   17.8397   18.2479   19.6542   20.4989
  0.8588  -49.3610  -49.2973  -49.2939  -44.3416  -44.2812  -44.2765  -23.5947  -23.4871  -23.2344  -23.2220   -6.8102   -6.3760   -6.0934   -5.8547   -5.4867   -5.2795   -5.2279   -4.9601   -4.8431   -4.6571   -4.0206   -3.9499   -2.5977   -2.4510   -2.2428   -1.0132   -0.9623    3.9958    4.3519    4.4744    4.5013    5.0513    5.3925    5.7251    9.0531    9.4345   11.1789   11.3668   13.1630   13.7552   14.8044   15.1907   16.2705   16.8687   17.7771   18.3104   19.6712   20.5161
  0.8783  -49.3609  -49.2973  -49.2943  -44.3415  -44.2811  -44.2770  -23.5955  -23.4806  -23.2359  -23.2224   -6.8078   -6.3711   -6.0874   -5.8567   -5.5023   -5.2902   -5.2415   -4.9621   -4.8515   -4.6346   -4.0260   -3.9482   -2.5901   -2.4471   -2.2469   -1.0186   -0.9755    4.0076    4.3436    4.4711    4.4979    5.0708    5.3937    5.7849    9.0394    9.4612   11.2015   11.4006   13.1012   13.6834   14.7306   15.1768   16.2373   16.8526   17.7148   18.3763   19.7006   20.5289
  0.8978  -49.3609  -49.2973  -49.2946  -44.3414  -44.2811  -44.2775  -23.5959  -23.4739  -23.2375  -23.2229   -6.8051   -6.3661   -6.0819   -5.8587   -5.5174   -5.3005   -5.2568   -4.9638   -4.8605   -4.6112   -4.0322   -3.9469   -2.5824   -2.4429   -2.2515   -1.0269   -0.9863    4.0202    4.3370    4.4675    4.4942    5.0899    5.3953    5.8491    9.0258    9.4894   11.2218   11.4368   13.0411   13.6096   14.6423   15.1782   16.1835   16.8389   17.6560   18.4410   19.7433   20.5381
  0.9172  -49.3608  -49.2972  -49.2950  -44.3413  -44.2811  -44.2781  -23.5959  -23.4671  -23.2392  -23.2234   -6.8020   -6.3608   -6.0771   -5.8607   -5.5320   -5.3103   -5.2737   -4.9655   -4.8696   -4.5873   -4.0390   -3.9460   -2.5748   -2.4385   -2.2565   -1.0390   -0.9938    4.0335    4.3320    4.4636    4.4903    5.1085    5.3973    5.9176    9.0123    9.5190   11.2401   11.4736   12.9837   13.5354   14.5469   15.1851   16.1139   16.8256   17.6026   18.5018   19.7997   20.5446
  0.9367  -49.3607  -49.2972  -49.2955  -44.3412  -44.2810  -44.2787  -23.5957  -23.4603  -23.2410  -23.2240   -6.7984   -6.3554   -6.0732   -5.8628   -5.5458   -5.3201   -5.2913   -4.9670   -4.8785   -4.5633   -4.0464   -3.9458   -2.5675   -2.4337   -2.2619   -1.0542   -0.9984    4.0473    4.3287    4.4594    4.4861    5.1268    5.3999    5.9899    8.9991    9.5499   11.2568   11.5092   12.9305   13.4621   14.4488   15.1901   16.0338   16.8106   17.5555   18.5574   19.8693   20.5492
  0.9562  -49.3607  -49.2972  -49.2959  -44.3411  -44.2810  -44.2793  -23.5952  -23.4535  -23.2429  -23.2247   -6.7944   -6.3498   -6.0706   -5.8648   -5.5590   -5.3318   -5.3074   -4.9684   -4.8870   -4.5395   -4.0544   -3.9462   -2.5604   -2.4287   -2.2678   -1.0711   -1.0012    4.0618    4.3273    4.4550    4.4816    5.1447    5.4031    6.0659    8.9862    9.5820   11.2716   11.5416   12.8829   13.3906   14.3504   15.1882   15.9478   16.7935   17.5148   18.6076   19.9506   20.5529
  0.9757  -49.3606  -49.2971  -49.2964  -44.3410  -44.2810  -44.2799  -23.5943  -23.4465  -23.2449  -23.2254   -6.7900   -6.3440   -6.0692   -5.8669   -5.5713   -5.3485   -5.3183   -4.9698   -4.8949   -4.5162   -4.0629   -3.9472   -2.5537   -2.4234   -2.2742   -1.0891   -1.0029    4.0768    4.3276    4.4503    4.4770    5.1622    5.4073    6.1451    8.9735    9.6151   11.2841   11.5688   12.8427   13.3215   14.2532   15.1757   15.8597   16.7749   17.4796   18.6527   20.0413   20.5564
  0.9951  -49.3605  -49.2971  -49.2968  -44.3408  -44.2809  -44.2806  -23.5929  -23.4397  -23.2470  -23.2261   -6.7851   -6.3381   -6.0693   -5.8690   -5.5828   -5.3702   -5.3239   -4.9712   -4.9021   -4.4937   -4.0718   -3.9488   -2.5475   -2.4179   -2.2810   -1.1074   -1.0040    4.0922    4.3297    4.4454    4.4721    5.1793    5.4126    6.2274    8.9613    9.6491   11.2935   11.5897   12.8116   13.2553   14.1581   15.1500   15.7718   16.7566   17.4489   18.6936   20.1388   20.5606
  1.0146  -49.3604  -49.2973  -49.2971  -44.3407  -44.2813  -44.2809  -23.5913  -23.4328  -23.2490  -23.2269   -6.7798   -6.3321   -6.0710   -5.8712   -5.5935   -5.3945   -5.3260   -4.9728   -4.9087   -4.4721   -4.0811   -3.9511   -2.5418   -2.4121   -2.2882   -1.1259   -1.0044    4.1080    4.3336    4.4402    4.4671    5.1957    5.4194    6.3126    8.9495    9.6838   11.2982   11.6042   12.7906   13.1926   14.0658   15.1103   15.6855   16.7402   17.4217   18.7312   20.2399   20.5661
  1.0341  -49.3603  -49.2978  -49.2971  -44.3406  -44.2821  -44.2808  -23.5893  -23.4260  -23.2511  -23.2278   -6.7740   -6.3260   -6.0741   -5.8736   -5.6035   -5.4203   -5.3254   -4.9746   -4.9144   -4.4517   -4.0909   -3.9538   -2.5367   -2.4060   -2.2960   -1.1443   -1.0044    4.1241    4.3392    4.4348    4.4619    5.2112    5.4280    6.4004    8.9381    9.7189   11.2959   11.6130   12.7796   13.1341   13.9769   15.0575   15.6006   16.7265   17.3976   18.7658   20.3411   20.5740
  1.0536  -49.3603  -49.2984  -49.2970  -44.3404  -44.2828  -44.2808  -23.5871  -23.4193  -23.2532  -23.2287   -6.7678   -6.3197   -6.0788   -5.8761   -5.6129   -5.4469   -5.3225   -4.9769   -4.9193   -4.4326   -4.1009   -3.9569   -2.5322   -2.3996   -2.3041   -1.1625   -1.0040    4.1404    4.3465    4.4292    4.4565    5.2255    5.4389    6.4906    8.9272    9.7543   11.2843   11.6185   12.7769   13.0809   13.8917   14.9940   15.5162   16.7155   17.3765   18.7981   20.4378   20.5856
  1.0730  -49.3602  -49.2989  -49.2970  -44.3403  -44.2836  -44.2807  -23.5844  -23.4126  -23.2554  -23.2297   -6.7612   -6.3133   -6.0849   -5.8789   -5.6218   -5.4740   -5.3174   -4.9797   -4.9233   -4.4151   -4.1113   -3.9602   -2.5284   -2.3930   -2.3127   -1.1803   -1.0032    4.1569    4.3556    4.4234    4.4510    5.2383    5.4524    6.5831    8.9168    9.7896   11.2611   11.6236   12.7788   13.0349   13.8110   14.9237   15.4310   16.7060   17.3591   18.8280   20.5215   20.6056
  1.0925  -49.3601  -49.2995  -49.2970  -44.3401  -44.2844  -44.2807  -23.5814  -23.4061  -23.2576  -23.2307   -6.7541   -6.3068   -6.0922   -5.8819   -5.6306   -5.5011   -5.3101   -4.9830   -4.9264   -4.3993   -4.1219   -3.9637   -2.5251   -2.3861   -2.3216   -1.1978   -1.0020    4.1735    4.3662    4.4175    4.4454    5.2495    5.4689    6.6777    8.9068    9.8246   11.2252   11.6307   12.7797   12.9990   13.7355   14.8503   15.3438   16.6959   17.3464   18.8556   20.5742   20.6482
  1.1120  -49.3600  -49.3000  -49.2969  -44.3400  -44.2852  -44.2806  -23.5782  -23.3996  -23.2599  -23.2318   -6.7467   -6.3001   -6.1007   -5.8851   -5.6395   -5.5277   -5.3009   -4.9870   -4.9287   -4.3853   -4.1328   -3.9671   -2.5226   -2.3790   -2.3309   -1.2149   -1.0005    4.1902    4.3783    4.4114    4.4397    5.2589    5.4886    6.7742    8.8973    9.8588   11.1775   11.6408   12.7730   12.9755   13.6666   14.7777   15.2542   16.6831   17.3394   18.8806   20.5993   20.7039
  1.1314  -49.3599  -49.3006  -49.2969  -44.3398  -44.2860  -44.2806  -23.5746  -23.3934  -23.2622  -23.2330   -6.7390   -6.2933   -6.1102   -5.8886   -5.6493   -5.5530   -5.2898   -4.9915   -4.9303   -4.3733   -4.1438   -3.9704   -2.5206   -2.3716   -2.3405   -1.2314   -0.9988    4.2068    4.3914    4.4056    4.4339    5.2664    5.5114    6.8725    8.8884    9.8917   11.1197   11.6536   12.7563   12.9627   13.6058   14.7095   15.1621   16.6654   17.3388   18.9029   20.6164   20.7482
  1.1509  -49.3598  -49.3012  -49.2968  -44.3397  -44.2868  -44.2805  -23.5708  -23.3873  -23.2645  -23.2342   -6.7310   -6.2864   -6.1205   -5.8923   -5.6608   -5.5760   -5.2773   -4.9966   -4.9314   -4.3633   -4.1549   -3.9734   -2.5193   -2.3641   -2.3502   -1.2475   -0.9967    4.2234    4.3971    4.4085    4.4283    5.2723    5.5375    6.9724    8.8801    9.9226   11.0547   11.6680   12.7326   12.9525   13.5555   14.6490   15.0676   16.6417   17.3447   18.9221   20.6275   20.7750
  1.1704  -49.3597  -49.3017  -49.2968  -44.3395  -44.2877  -44.2805  -23.5667  -23.3814  -23.2668  -23.2355   -6.7227   -6.2794   -6.1314   -5.8962   -5.6752   -5.5953   -5.2634   -5.0021   -4.9320   -4.3553   -4.1660   -3.9760   -2.5185   -2.3609   -2.3556   -1.2630   -0.9944    4.2399    4.3913    4.4199    4.4266    5.2767    5.5667    7.0737    8.8724    9.9508   10.9850   11.6829   12.7069   12.9352   13.5176   14.5992   14.9713   16.6113   17.3563   18.9380   20.6270   20.7895
  1.1899  -49.3596  -49.3023  -49.2968  -44.3393  -44.2885  -44.2804  -23.5622  -23.3756  -23.2690  -23.2368   -6.7142   -6.2722   -6.1427   -5.9004   -5.6930   -5.6103   -5.2484   -5.0081   -4.9323   -4.3493   -4.1771   -3.9782   -2.5183   -2.3705   -2.3481   -1.2781   -0.9920    4.2563    4.3848    4.4155    4.4427    5.2798    5.5989    7.1763    8.8653    9.9750   10.9133   11.6969   12.6833   12.9045   13.4921   14.5629   14.8738   16.5745   17.3724   18.9501   20.6077   20.8034
  1.2093  -49.3595  -49.3029  -49.2967  -44.3392  -44.2893  -44.2804  -23.5576  -23.3701  -23.2712  -23.2382   -6.7055   -6.2651   -6.1542   -5.9050   -5.7137   -5.6213   -5.2328   -5.0146   -4.9323   -4.3450   -4.1881   -3.9801   -2.5187   -2.3806   -2.3400   -1.2926   -0.9893    4.2724    4.3781    4.4096    4.4615    5.2818    5.6339    7.2800    8.8590    9.9937   10.8424   11.7086   12.6641   12.8583   13.4769   14.5420   14.7754   16.5321   17.3913   18.9583   20.5684   20.8267
  1.2093  -49.3595  -49.3029  -49.2967  -44.3392  -44.2893  -44.2804  -23.5501  -23.3991  -23.2606  -23.2266   -6.7653   -6.4310   -6.0640   -5.9248   -5.8409   -5.4622   -5.0684   -4.9412   -4.9350   -4.3691   -4.2025   -3.9409   -2.4931   -2.3977   -2.2654   -1.3964   -1.1553    4.2510    4.3719    4.3782    4.8056    5.1756    5.4836    7.2706    8.8426   10.2086   10.7603   11.6683   12.6883   12.7520   13.3821   14.8709   15.0270   16.6278   16.8380   19.0077   20.0530   20.8382
  1.2288  -49.3596  -49.3023  -49.2968  -44.3394  -44.2885  -44.2804  -23.5548  -23.4034  -23.2583  -23.2266   -6.7618   -6.4484   -6.0634   -5.9064   -5.8155   -5.4542   -5.0868   -4.9403   -4.9353   -4.3753   -4.1951   -3.9369   -2.4937   -2.3973   -2.2682   -1.3767   -1.1488    4.2346    4.3787    4.3846    4.7596    5.1729    5.4793    7.1642    8.8373   10.1868   10.8401   11.6673   12.7011   12.8120   13.3742   14.8977   15.1197   16.6271   16.8899   18.9580   20.0921   20.9003
  1.2483  -49.3597  -49.3017  -49.2968  -44.3395  -44.2877  -44.2805  -23.5592  -23.4078  -23.2561  -23.2266   -6.7576   -6.4658   -6.0641   -5.8880   -5.7877   -5.4466   -5.1057   -4.9435   -4.9312   -4.3830   -4.1869   -3.9334   -2.4950   -2.3977   -2.2702   -1.3562   -1.1417    4.2179    4.3855    4.3911    4.7141    5.1722    5.4755    7.0587    8.8330   10.1606   10.9171   11.6655   12.6933   12.8929   13.3694   14.9368   15.2103   16.6077   16.9603   18.9017   20.1340   20.9633
  1.2678  -49.3598  -49.3012  -49.2968  -44.3397  -44.2868  -44.2805  -23.5634  -23.4124  -23.2540  -23.2265   -6.7530   -6.4830   -6.0658   -5.8698   -5.7580   -5.4394   -5.1248   -4.9461   -4.9276   -4.3923   -4.1781   -3.9302   -2.4971   -2.3988   -2.2714   -1.3351   -1.1340    4.2008    4.3922    4.3976    4.6702    5.1729    5.4720    6.9542    8.8296   10.1318   10.9874   11.6652   12.6821   12.9767   13.3696   14.9874   15.2977   16.5803   17.0390   18.8404   20.1774   20.9896
  1.2872  -49.3599  -49.3006  -49.2969  -44.3398  -44.2860  -44.2806  -23.5672  -23.4172  -23.2519  -23.2264   -6.7479   -6.4997   -6.0682   -5.8516   -5.7272   -5.4326   -5.1440   -4.9476   -4.9247   -4.4031   -4.1688   -3.9274   -2.4999   -2.4008   -2.2717   -1.3134   -1.1258    4.1834    4.3988    4.4042    4.6284    5.1744    5.4687    6.8507    8.8274   10.1014   11.0478   11.6687   12.6690   13.0617   13.3765   15.0483   15.3807   16.5505   17.1215   18.7756   20.2216   20.9627
  1.3067  -49.3600  -49.3000  -49.2969  -44.3400  -44.2852  -44.2806  -23.5709  -23.4222  -23.2498  -23.2262   -6.7425   -6.5156   -6.0710   -5.8334   -5.6958   -5.4265   -5.1631   -4.9482   -4.9225   -4.4153   -4.1591   -3.9250   -2.5034   -2.4034   -2.2713   -1.2914   -1.1171    4.1658    4.4052    4.4108    4.5891    5.1763    5.4654    6.7486    8.8262   10.0697   11.0955   11.6774   12.6549   13.1479   13.3911   15.1179   15.4578   16.5217   17.2055   18.7086   20.2654   20.9127
  1.3262  -49.3601  -49.2994  -49.2970  -44.3401  -44.2844  -44.2807  -23.5742  -23.4274  -23.2479  -23.2260   -6.7370   -6.5306   -6.0741   -5.8153   -5.6643   -5.4208   -5.1816   -4.9477   -4.9208   -4.4288   -4.1493   -3.9228   -2.5076   -2.4067   -2.2702   -1.2690   -1.1080    4.1481    4.4114    4.4174    4.5527    5.1786    5.4622    6.6479    8.8261   10.0373   11.1285   11.6917   12.6417   13.2354   13.4134   15.1945   15.5277   16.4969   17.2897   18.6408   20.3081   20.8423
  1.3457  -49.3602  -49.2989  -49.2970  -44.3403  -44.2836  -44.2807  -23.5772  -23.4327  -23.2460  -23.2258   -6.7318   -6.5442   -6.0773   -5.7975   -5.6332   -5.4157   -5.1993   -4.9462   -4.9198   -4.4435   -4.1394   -3.9210   -2.5125   -2.4105   -2.2686   -1.2465   -1.0984    4.1305    4.4171    4.4238    4.5197    5.1810    5.4590    6.5488    8.8271   10.0042   11.1473   11.7098   12.6319   13.3238   13.4435   15.2758   15.5889   16.4785   17.3730   18.5735   20.3487   20.7566
  1.3651  -49.3603  -49.2984  -49.2970  -44.3404  -44.2828  -44.2808  -23.5800  -23.4381  -23.2443  -23.2255   -6.7272   -6.5560   -6.0806   -5.7802   -5.6030   -5.4109   -5.2157   -4.9437   -4.9192   -4.4593   -4.1295   -3.9196   -2.5180   -2.4146   -2.2664   -1.2240   -1.0884    4.1130    4.4221    4.4299    4.4906    5.1832    5.4557    6.4513    8.8292    9.9706   11.1537   11.7275   12.6288   13.4110   13.4830   15.3584   15.6413   16.4689   17.4543   18.5080   20.3865   20.6588
  1.3846  -49.3603  -49.2978  -49.2971  -44.3406  -44.2821  -44.2808  -23.5823  -23.4437  -23.2426  -23.2253   -6.7237   -6.5654   -6.0839   -5.7638   -5.5742   -5.4063   -5.2303   -4.9403   -4.9191   -4.4761   -4.1198   -3.9184   -2.5241   -2.4190   -2.2639   -1.2017   -1.0780    4.0958    4.4248    4.4352    4.4674    5.1853    5.4524    6.3559    8.8326    9.9367   11.1507   11.7404   12.6356   13.4868   13.5413   15.4369   15.6875   16.4697   17.5328   18.4457   20.4204   20.5532
  1.4041  -49.3604  -49.2973  -49.2971  -44.3407  -44.2813  -44.2809  -23.5845  -23.4493  -23.2409  -23.2250   -6.7218   -6.5720   -6.0871   -5.7487   -5.5475   -5.4014   -5.2426   -4.9360   -4.9193   -4.4938   -4.1104   -3.9177   -2.5308   -2.4235   -2.2612   -1.1798   -1.0672    4.0791    4.4197    4.4392    4.4562    5.1869    5.4490    6.2624    8.8372    9.9023   11.1411   11.7446   12.6545   13.5429   13.6259   15.5021   15.7348   16.4812   17.6071   18.3881   20.4314   20.4607
  1.4235  -49.3605  -49.2971  -49.2968  -44.3408  -44.2809  -44.2806  -23.5862  -23.4550  -23.2394  -23.2247   -6.7221   -6.5752   -6.0903   -5.7354   -5.5234   -5.3956   -5.2523   -4.9310   -4.9196   -4.5122   -4.1013   -3.9172   -2.5379   -2.4281   -2.2582   -1.1587   -1.0558    4.0630    4.4052    4.4434    4.4571    5.1879    5.4456    6.1715    8.8432    9.8675   11.1272   11.7384   12.6859   13.5933   13.7216   15.5433   15.7938   16.5021   17.6757   18.3368   20.3252   20.4784
  1.4430  -49.3606  -49.2972  -49.2964  -44.3410  -44.2810  -44.2799  -23.5878  -23.4608  -23.2379  -23.2243   -6.7246   -6.5748   -6.0935   -5.7247   -5.5028   -5.3881   -5.2590   -4.9265   -4.9189   -4.5313   -4.0925   -3.9172   -2.5454   -2.4326   -2.2551   -1.1385   -1.0439    4.0477    4.3892    4.4479    4.4617    5.1882    5.4421    6.0832    8.8506    9.8325   11.1108   11.7219   12.7291   13.6441   13.8214   15.5582   15.8672   16.5302   17.7370   18.2934   20.2129   20.4977
  1.4625  -49.3606  -49.2972  -49.2959  -44.3411  -44.2810  -44.2793  -23.5889  -23.4666  -23.2366  -23.2239   -6.7293   -6.5710   -6.0966   -5.7171   -5.4857   -5.3782   -5.2627   -4.9253   -4.9142   -4.5510   -4.0842   -3.9176   -2.5533   -2.4371   -2.2520   -1.1195   -1.0314    4.0332    4.3752    4.4525    4.4672    5.1874    5.4385    5.9979    8.8594    9.7972   11.0934   11.6966   12.7821   13.6961   13.9234   15.5545   15.9481   16.5632   17.7891   18.2596   20.1044   20.5112
  1.4820  -49.3607  -49.2972  -49.2955  -44.3412  -44.2810  -44.2787  -23.5897  -23.4724  -23.2353  -23.2236   -6.7357   -6.5642   -6.0996   -5.7132   -5.4717   -5.3659   -5.2636   -4.9263   -4.9066   -4.5709   -4.0764   -3.9184   -2.5615   -2.4414   -2.2489   -1.1020   -1.0181    4.0197    4.3638    4.4570    4.4728    5.1852    5.4348    5.9160    8.8697    9.7614   11.0756   11.6644   12.8424   13.7489   14.0267   15.5408   16.0284   16.5996   17.8307   18.2360   20.0030   20.5181
  1.5014  -49.3608  -49.2972  -49.2950  -44.3413  -44.2811  -44.2781  -23.5901  -23.4782  -23.2340  -23.2232   -6.7433   -6.5551   -6.1025   -5.7132   -5.4595   -5.3519   -5.2618   -4.9279   -4.8979   -4.5911   -4.0690   -3.9195   -2.5698   -2.4454   -2.2458   -1.0861   -1.0041    4.0072    4.3553    4.4614    4.4783    5.1812    5.4312    5.8382    8.8815    9.7255   11.0582   11.6274   12.9078   13.8017   14.1303   15.5231   16.1010   16.6390   17.8614   18.2223   19.9118   20.5183
  1.5209  -49.3609  -49.2973  -49.2946  -44.3414  -44.2811  -44.2775  -23.5903  -23.4840  -23.2328  -23.2229   -6.7514   -6.5441   -6.1055   -5.7171   -5.4482   -5.3372   -5.2578   -4.9298   -4.8885   -4.6112   -4.0620   -3.9212   -2.5782   -2.4493   -2.2428   -1.0720   -0.9896    3.9957    4.3499    4.4655    4.4835    5.1749    5.4274    5.7650    8.8948    9.6893   11.0417   11.5875   12.9764   13.8534   14.2334   15.5064   16.1597   16.6820   17.8822   18.2163   19.8339   20.5116
  1.5404  -49.3609  -49.2973  -49.2943  -44.3415  -44.2811  -44.2770  -23.5903  -23.4896  -23.2318  -23.2225   -6.7598   -6.5319   -6.1084   -5.7244   -5.4370   -5.3222   -5.2522   -4.9318   -4.8787   -4.6310   -4.0555   -3.9232   -2.5866   -2.4528   -2.2400   -1.0596   -0.9747    3.9853    4.3474    4.4693    4.4886    5.1655    5.4236    5.6974    8.9097    9.6529   11.0265   11.5462   13.0469   13.9025   14.3350   15.4944   16.2000   16.7293   17.8948   18.2152   19.7717   20.4982
  1.5599  -49.3610  -49.2973  -49.2939  -44.3416  -44.2812  -44.2765  -23.5898  -23.4952  -23.2308  -23.2222   -6.7682   -6.5186   -6.1114   -5.7344   -5.4259   -5.3073   -5.2454   -4.9338   -4.8691   -4.6502   -4.0494   -3.9257   -2.5949   -2.4561   -2.2373   -1.0487   -0.9598    3.9759    4.3480    4.4730    4.4933    5.1523    5.4198    5.6364    8.9262    9.6163   11.0127   11.5047   13.1181   13.9474   14.4339   15.4908   16.2195   16.7796   17.9011   18.2172   19.7267   20.4785
  1.5793  -49.3610  -49.2973  -49.2936  -44.3417  -44.2812  -44.2760  -23.5892  -23.5007  -23.2299  -23.2219   -6.7763   -6.5048   -6.1144   -5.7465   -5.4149   -5.2925   -5.2380   -4.9356   -4.8602   -4.6683   -4.0437   -3.9286   -2.6030   -2.4591   -2.2347   -1.0391   -0.9452    3.9675    4.3517    4.4763    4.4977    5.1345    5.4160    5.5829    8.9443    9.5796   11.0005   11.4639   13.1893   13.9862   14.5291   15.4987   16.2192   16.8286   17.9021   18.2220   19.6989   20.4533
  1.5988  -49.3611  -49.2973  -49.2933  -44.3418  -44.2812  -44.2756  -23.5883  -23.5061  -23.2291  -23.2216   -6.7839   -6.4907   -6.1175   -5.7598   -5.4045   -5.2776   -5.2306   -4.9373   -4.8530   -4.6845   -4.0383   -3.9318   -2.6107   -2.4617   -2.2324   -1.0307   -0.9312    3.9600    4.3583    4.4793    4.5017    5.1116    5.4121    5.5379    8.9639    9.5428   10.9900   11.4247   13.2598   14.0169   14.6197   15.5207   16.2019   16.8701   17.8995   18.2309   19.6870   20.4236
  1.6183  -49.3611  -49.2973  -49.2931  -44.3418  -44.2813  -44.2752  -23.5870  -23.5112  -23.2283  -23.2212   -6.7909   -6.4765   -6.1207   -5.7736   -5.3949   -5.2627   -5.2234   -4.9386   -4.8483   -4.6981   -4.0333   -3.9353   -2.6180   -2.4641   -2.2303   -1.0235   -0.9180    3.9534    4.3678    4.4821    4.5053    5.0836    5.4081    5.5018    8.9852    9.5061   10.9814   11.3878   13.3295   14.0377   14.7055   15.5580   16.1719   16.8969   17.8966   18.2446   19.6884   20.3908
  1.6378  -49.3612  -49.2974  -49.2928  -44.3419  -44.2813  -44.2749  -23.5856  -23.5162  -23.2277  -23.2210   -6.7973   -6.4627   -6.1240   -5.7873   -5.3863   -5.2478   -5.2167   -4.9393   -4.8472   -4.7082   -4.0286   -3.9391   -2.6248   -2.4661   -2.2283   -1.0172   -0.9060    3.9477    4.3797    4.4845    4.5085    5.0512    5.4039    5.4742    9.0079    9.4695   10.9743   11.3535   13.3979   14.0473   14.7864   15.6099   16.1332   16.9027   17.8977   18.2626   19.6994   20.3564
  1.6572  -49.3612  -49.2974  -49.2926  -44.3420  -44.2813  -44.2746  -23.5840  -23.5207  -23.2272  -23.2208   -6.8029   -6.4495   -6.1272   -5.8003   -5.3789   -5.2335   -5.2105   -4.9395   -4.8504   -4.7142   -4.0241   -3.9430   -2.6309   -2.4679   -2.2267   -1.0118   -0.8953    3.9428    4.3937    4.4866    4.5113    5.0161    5.3995    5.4542    9.0319    9.4333   10.9689   11.3226   13.4647   14.0456   14.8632   15.6728   16.0914   16.8840   17.9063   18.2837   19.7164   20.3221
  1.6767  -49.3612  -49.2974  -49.2925  -44.3420  -44.2813  -44.2744  -23.5824  -23.5250  -23.2267  -23.2206   -6.8077   -6.4374   -6.1304   -5.8122   -5.3726   -5.2207   -5.2044   -4.9387   -4.8575   -4.7165   -4.0200   -3.9469   -2.6362   -2.4693   -2.2252   -1.0073   -0.8859    3.9387    4.4092    4.4883    4.5136    4.9802    5.3949    5.4404    9.0572    9.3976   10.9650   11.2952   13.5298   14.0329   14.9358   15.7386   16.0554   16.8406   17.9229   18.3057   19.7360   20.2898
  1.6962  -49.3612  -49.2974  -49.2923  -44.3421  -44.2813  -44.2742  -23.5808  -23.5289  -23.2264  -23.2205   -6.8117   -6.4266   -6.1335   -5.8225   -5.3676   -5.2108   -5.1974   -4.9369   -4.8675   -4.7163   -4.0163   -3.9507   -2.6407   -2.4705   -2.2240   -1.0036   -0.8782    3.9354    4.4254    4.4897    4.5155    4.9457    5.3907    5.4314    9.0834    9.3627   10.9623   11.2721   13.5927   14.0107   15.0036   15.7890   16.0435   16.7760   17.9448   18.3268   19.7550   20.2614
  1.7156  -49.3613  -49.2974  -49.2922  -44.3421  -44.2813  -44.2740  -23.5793  -23.5321  -23.2260  -23.2203   -6.8149   -6.4177   -6.1361   -5.8309   -5.3637   -5.2049   -5.1891   -4.9338   -4.8790   -4.7147   -4.0130   -3.9541   -2.6443   -2.4714   -2.2231   -1.0008   -0.8720    3.9328    4.4410    4.4907    4.5168    4.9150    5.3871    5.4256    9.1102    9.3293   10.9607   11.2535   13.6526   13.9808   15.0649   15.8012   16.0791   16.6956   17.9679   18.3453   19.7711   20.2384
  1.7351  -49.3613  -49.2974  -49.2921  -44.3421  -44.2813  -44.2739  -23.5780  -23.5345  -23.2258  -23.2202   -6.8171   -6.4109   -6.1383   -5.8371   -5.3609   -5.2017   -5.1817   -4.9293   -4.8906   -4.7129   -4.0104   -3.9569   -2.6469   -2.4720   -2.2224   -0.9988   -0.8676    3.9310    4.4544    4.4913    4.5176    4.8906    5.3844    5.4220    9.1362    9.2984   10.9598   11.2399   13.7083   13.9457   15.1153   15.7842   16.1535   16.6055   17.9879   18.3597   19.7830   20.2217
  1.7546  -49.3613  -49.2974  -49.2921  -44.3421  -44.2814  -44.2738  -23.5772  -23.5362  -23.2257  -23.2201   -6.8185   -6.4067   -6.1396   -5.8409   -5.3593   -5.2000   -5.1766   -4.9236   -4.9011   -4.7116   -4.0087   -3.9587   -2.6485   -2.4724   -2.2220   -0.9976   -0.8649    3.9299    4.4638    4.4915    4.5180    4.8746    5.3827    5.4201    9.1586    9.2731   10.9594   11.2316   13.7551   13.9107   15.1496   15.7638   16.2384   16.5165   18.0013   18.3688   19.7901   20.2118
  1.7741  -49.3613  -49.2974  -49.2921  -44.3421  -44.2813  -44.2738  -23.5769  -23.5368  -23.2256  -23.2201   -6.8190   -6.4053   -6.1401   -5.8422   -5.3587   -5.1994   -5.1749   -4.9195   -4.9068   -4.7111   -4.0081   -3.9593   -2.6490   -2.4726   -2.2219   -0.9972   -0.8640    3.9295    4.4673    4.4914    4.5181    4.8690    5.3821    5.4195    9.1687    9.2621   10.9593   11.2288   13.7773   13.8924   15.1619   15.7554   16.2876   16.4665   18.0060   18.3719   19.7925   20.2086
  1.7741  -49.3613  -49.2974  -49.2921  -44.3421  -44.2813  -44.2738  -23.5769  -23.5368  -23.2256  -23.2201   -6.8190   -6.4053   -6.1401   -5.8422   -5.3587   -5.1994   -5.1749   -4.9195   -4.9068   -4.7111   -4.0081   -3.9593   -2.6490   -2.4726   -2.2219   -0.9972   -0.8640    3.9295    4.4673    4.4914    4.5181    4.8690    5.3821    5.4195    9.1687    9.2621   10.9593   11.2288   13.7773   13.8924   15.1619   15.7554   16.2876   16.4665   18.0060   18.3719   19.7925   20.2086
  1.7963  -49.3613  -49.2974  -49.2921  -44.3421  -44.2814  -44.2738  -23.5769  -23.5368  -23.2258  -23.2201   -6.8195   -6.4084   -6.1401   -5.8386   -5.3591   -5.1997   -5.1734   -4.9190   -4.9056   -4.7113   -4.0091   -3.9601   -2.6491   -2.4727   -2.2214   -0.9987   -0.8642    3.9296    4.4661    4.4916    4.5182    4.8725    5.3822    5.4212    9.1481    9.2677   10.9635   11.2402   13.7749   13.8919   15.1622   15.7584   16.2892   16.4672   18.0046   18.3718   19.7866   20.2041
  1.8185  -49.3613  -49.2974  -49.2921  -44.3421  -44.2813  -44.2738  -23.5766  -23.5364  -23.2264  -23.2201   -6.8212   -6.4174   -6.1402   -5.8282   -5.3602   -5.2003   -5.1691   -4.9174   -4.9018   -4.7118   -4.0122   -3.9625   -2.6495   -2.4730   -2.2201   -1.0031   -0.8646    3.9300    4.4630    4.4921    4.5185    4.8829    5.3824    5.4264    9.0992    9.2721   10.9773   11.2733   13.7678   13.8902   15.1629   15.7673   16.2942   16.4692   18.0006   18.3714   19.7692   20.1902
  1.8407  -49.3613  -49.2974  -49.2921  -44.3421  -44.2813  -44.2738  -23.5761  -23.5358  -23.2273  -23.2201   -6.8239   -6.4315   -6.1404   -5.8117   -5.3617   -5.2013   -5.1621   -4.9148   -4.8956   -4.7128   -4.0175   -3.9663   -2.6502   -2.4735   -2.2179   -1.0103   -0.8652    3.9308    4.4583    4.4928    4.5190    4.8998    5.3828    5.4349    9.0348    9.2642   11.0029   11.3242   13.7562   13.8874   15.1643   15.7817   16.3023   16.4725   17.9940   18.3707   19.7396   20.1650
  1.8630  -49.3613  -49.2974  -49.2921  -44.3421  -44.2813  -44.2738  -23.5754  -23.5351  -23.2284  -23.2202   -6.8278   -6.4497   -6.1405   -5.7903   -5.3634   -5.2027   -5.1526   -4.9113   -4.8870   -4.7140   -4.0251   -3.9713   -2.6511   -2.4742   -2.2149   -1.0204   -0.8661    3.9317    4.4523    4.4937    4.5197    4.9228    5.3833    5.4468    8.9601    9.2409   11.0417   11.3892   13.7405   13.8835   15.1661   15.8011   16.3135   16.4771   17.9849   18.3697   19.6973   20.1253
  1.8852  -49.3613  -49.2974  -49.2921  -44.3421  -44.2813  -44.2738  -23.5747  -23.5342  -23.2299  -23.2204   -6.8327   -6.4709   -6.1408   -5.7652   -5.3650   -5.2044   -5.1410   -4.9069   -4.8760   -4.7156   -4.0350   -3.9774   -2.6522   -2.4752   -2.2112   -1.0332   -0.8673    3.9329    4.4454    4.4947    4.5206    4.9516    5.3840    5.4621    8.8780    9.2024   11.0940   11.4649   13.7212   13.8784   15.1684   15.8245   16.3274   16.4830   17.9737   18.3681   19.6413   20.0672
  1.9074  -49.3613  -49.2974  -49.2921  -44.3421  -44.2813  -44.2738  -23.5738  -23.5331  -23.2315  -23.2207   -6.8389   -6.4939   -6.1411   -5.7374   -5.3660   -5.2063   -5.1274   -4.9017   -4.8629   -4.7175   -4.0474   -3.9842   -2.6537   -2.4763   -2.2068   -1.0486   -0.8687    3.9344    4.4382    4.4958    4.5216    4.9856    5.3847    5.4807    8.7905    9.1502   11.1590   11.5489   13.6989   13.8723   15.1711   15.8510   16.3438   16.4901   17.9604   18.3660   19.5709   19.9872
  1.9297  -49.3613  -49.2974  -49.2921  -44.3421  -44.2813  -44.2738  -23.5728  -23.5320  -23.2334  -23.2211   -6.8462   -6.5180   -6.1414   -5.7081   -5.3663   -5.2083   -5.1121   -4.8960   -4.8476   -4.7197   -4.0622   -3.9917   -2.6553   -2.4776   -2.2018   -1.0663   -0.8703    3.9360    4.4307    4.4971    4.5228    5.0244    5.3856    5.5025    8.6989    9.0862   11.2350   11.6394   13.6739   13.8653   15.1743   15.8793   16.3622   16.4983   17.9453   18.3632   19.4856   19.8845
  1.9519  -49.3613  -49.2974  -49.2921  -44.3421  -44.2813  -44.2738  -23.5716  -23.5306  -23.2354  -23.2216   -6.8547   -6.5424   -6.1418   -5.6780   -5.3657   -5.2104   -5.0951   -4.8897   -4.8305   -4.7221   -4.0791   -3.9999   -2.6572   -2.4790   -2.1963   -1.0863   -0.8721    3.9378    4.4233    4.4984    4.5242    5.0680    5.3866    5.5275    8.6044    9.0126   11.3204   11.7348   13.6469   13.8574   15.1780   15.9084   16.3825   16.5077   17.9287   18.3596   19.3850   19.7624
  1.9741  -49.3613  -49.2974  -49.2921  -44.3421  -44.2813  -44.2738  -23.5704  -23.5290  -23.2377  -23.2223   -6.8643   -6.5665   -6.1422   -5.6478   -5.3640   -5.2125   -5.0765   -4.8830   -4.8117   -4.7247   -4.0980   -4.0087   -2.6594   -2.4806   -2.1903   -1.1083   -0.8740    3.9398    4.4161    4.4998    4.5256    5.1157    5.3877    5.5556    8.5078    8.9309   11.4137   11.8345   13.6183   13.8488   15.1819   15.9367   16.4040   16.5180   17.9110   18.3553   19.2688   19.6275
  1.9963  -49.3613  -49.2974  -49.2921  -44.3421  -44.2813  -44.2738  -23.5690  -23.5273  -23.2400  -23.2230   -6.8751   -6.5898   -6.1426   -5.6181   -5.3611   -5.2146   -5.0563   -4.8762   -4.7914   -4.7273   -4.1186   -4.0181   -2.6617   -2.4823   -2.1841   -1.1320   -0.8761    3.9419    4.4093    4.5013    4.5272    5.1673    5.3889    5.5868    8.4098    8.8431   11.5133   11.9375   13.5887   13.8398   15.1863   15.9627   16.4261   16.5292   17.8921   18.3501   19.1374   19.4876
  2.0186  -49.3613  -49.2974  -49.2921  -44.3421  -44.2813  -44.2738  -23.5675  -23.5254  -23.2426  -23.2240   -6.8870   -6.6120   -6.1431   -5.5892   -5.3571   -5.2166   -5.0348   -4.8692   -4.7698   -4.7300   -4.1407   -4.0281   -2.6642   -2.4842   -2.1777   -1.1573   -0.8784    3.9440    4.4028    4.5029    4.5289    5.2228    5.3901    5.6209    8.3109    8.7502   11.6178   12.0431   13.5584   13.8303   15.1909   15.9849   16.4483   16.5413   17.8726   18.3441   18.9919   19.3493
  2.0408  -49.3613  -49.2974  -49.2921  -44.3421  -44.2813  -44.2738  -23.5660  -23.5234  -23.2453  -23.2249   -6.8998   -6.6328   -6.1436   -5.5616   -5.3520   -5.2185   -5.0119   -4.8624   -4.7472   -4.7326   -4.1639   -4.0388   -2.6669   -2.4861   -2.1712   -1.1839   -0.8807    3.9462    4.3969    4.5046    4.5306    5.2818    5.3914    5.6581    8.2117    8.6535   11.7263   12.1510   13.5278   13.8206   15.1957   16.0020   16.4699   16.5541   17.8525   18.3373   18.8350   19.2170
  2.0630  -49.3613  -49.2974  -49.2921  -44.3421  -44.2813  -44.2738  -23.5644  -23.5213  -23.2480  -23.2259   -6.9135   -6.6521   -6.1442   -5.5354   -5.3459   -5.2202   -4.9880   -4.8557   -4.7351   -4.7236   -4.1879   -4.0500   -2.6698   -2.4882   -2.1646   -1.2114   -0.8831    3.9484    4.3915    4.5063    4.5324    5.3441    5.3928    5.6980    8.1124    8.5539   11.8377   12.2608   13.4973   13.8108   15.2008   16.0123   16.4904   16.5674   17.8321   18.3297   18.6701   19.0929
  2.0853  -49.3613  -49.2974  -49.2921  -44.3421  -44.2813  -44.2738  -23.5628  -23.5191  -23.2509  -23.2269   -6.9278   -6.6699   -6.1447   -5.5106   -5.3389   -5.2218   -4.9632   -4.8495   -4.7373   -4.6994   -4.2123   -4.0619   -2.6728   -2.4902   -2.1581   -1.2396   -0.8855    3.9506    4.3865    4.5080    4.5342    5.3941    5.4095    5.7408    8.0133    8.4520   11.9512   12.3719   13.4672   13.8011   15.2059   16.0147   16.5089   16.5813   17.8117   18.3215   18.5011   18.9782
  2.1075  -49.3613  -49.2974  -49.2921  -44.3421  -44.2814  -44.2738  -23.5611  -23.5168  -23.2538  -23.2281   -6.9425   -6.6860   -6.1453   -5.4872   -5.3313   -5.2231   -4.9380   -4.8438   -4.7391   -4.6748   -4.2369   -4.0744   -2.6758   -2.4923   -2.1518   -1.2683   -0.8879    3.9527    4.3821    4.5098    4.5361    5.3955    5.4780    5.7864    7.9147    8.3485   12.0658   12.4841   13.4379   13.7917   15.2112   16.0078   16.5248   16.5954   17.7914   18.3126   18.3314   18.8735
  2.1297  -49.3613  -49.2974  -49.2920  -44.3422  -44.2814  -44.2738  -23.5594  -23.5145  -23.2567  -23.2292   -6.9573   -6.7007   -6.1458   -5.4651   -5.3232   -5.2242   -4.9127   -4.8388   -4.7404   -4.6500   -4.2611   -4.0874   -2.6790   -2.4944   -2.1456   -1.2969   -0.8903    3.9548    4.3781    4.5115    4.5379    5.3970    5.5491    5.8346    7.8168    8.2440   12.1810   12.5971   13.4094   13.7824   15.2165   15.9907   16.5372   16.6098   17.7716   18.1640   18.3034   18.7794
  2.1519  -49.3613  -49.2974  -49.2921  -44.3421  -44.2814  -44.2738  -23.5578  -23.5121  -23.2596  -23.2304   -6.9722   -6.7139   -6.1464   -5.4443   -5.3148   -5.2251   -4.8879   -4.8346   -4.7412   -4.6252   -4.2847   -4.1009   -2.6821   -2.4965   -2.1397   -1.3253   -0.8927    3.9568    4.3746    4.5132    4.5397    5.3982    5.6226    5.8855    7.7197    8.1389   12.2960   12.7104   13.3824   13.7738   15.2216   15.9629   16.5454   16.6240   17.7522   18.0018   18.2938   18.6964
  2.1742  -49.3613  -49.2974  -49.2921  -44.3421  -44.2814  -44.2738  -23.5562  -23.5097  -23.2625  -23.2315   -6.9866   -6.7257   -6.1469   -5.4247   -5.3062   -5.2259   -4.8642   -4.8313   -4.7412   -4.6006   -4.3070   -4.1149   -2.6853   -2.4985   -2.1342   -1.3530   -0.8950    3.9587    4.3716    4.5148    4.5414    5.3996    5.6982    5.9388    7.6238    8.0338   12.4096   12.8234   13.3568   13.7657   15.2267   15.9244   16.5484   16.6382   17.7336   17.8470   18.2841   18.6245
  2.1964  -49.3613  -49.2974  -49.2921  -44.3421  -44.2814  -44.2738  -23.5548  -23.5075  -23.2652  -23.2325   -7.0006   -6.7363   -6.1475   -5.4063   -5.2975   -5.2264   -4.8421   -4.8290   -4.7407   -4.5764   -4.3276   -4.1293   -2.6883   -2.5005   -2.1290   -1.3798   -0.8972    3.9604    4.3689    4.5164    4.5430    5.4008    5.7758    5.9946    7.5290    7.9289   12.5211   12.9354   13.3332   13.7584   15.2316   15.8755   16.5452   16.6519   17.7023   17.7159   18.2744   18.5635
  2.2186  -49.3613  -49.2974  -49.2920  -44.3421  -44.2814  -44.2738  -23.5532  -23.5051  -23.2679  -23.2336   -7.0137   -6.7456   -6.1480   -5.3891   -5.2889   -5.2268   -4.8275   -4.8222   -4.7395   -4.5528   -4.3461   -4.1441   -2.6913   -2.5024   -2.1243   -1.4054   -0.8993    3.9621    4.3667    4.5179    4.5446    5.4020    5.8549    6.0528    7.4356    7.8248   12.6293   13.0456   13.3119   13.7520   15.2364   15.8175   16.5347   16.6653   17.5701   17.6994   18.2649   18.5128
  2.2409  -49.3613  -49.2974  -49.2921  -44.3421  -44.2814  -44.2738  -23.5519  -23.5030  -23.2705  -23.2346   -7.0259   -6.7539   -6.1485   -5.3732   -5.2805   -5.2271   -4.8268   -4.8051   -4.7379   -4.5300   -4.3619   -4.1591   -2.6942   -2.5041   -2.1199   -1.4293   -0.9012    3.9635    4.3648    4.5193    4.5460    5.4031    5.9351    6.1131    7.3436    7.7220   12.7330   13.1514   13.2944   13.7466   15.2407   15.7518   16.5160   16.6776   17.4531   17.6840   18.2556   18.4716
  2.2631  -49.3613  -49.2974  -49.2921  -44.3422  -44.2814  -44.2738  -23.5508  -23.5011  -23.2728  -23.2355   -7.0370   -6.7611   -6.1489   -5.3588   -5.2721   -5.2272   -4.8266   -4.7912   -4.7359   -4.5083   -4.3747   -4.1742   -2.6968   -2.5057   -2.1161   -1.4513   -0.9029    3.9648    4.3633    4.5205    4.5473    5.4041    6.0161    6.1755    7.2533    7.6212   12.8308   13.2369   13.2959   13.7425   15.2447   15.6806   16.4887   16.6893   17.3534   17.6701   18.2471   18.4388
  2.2853  -49.3613  -49.2974  -49.2921  -44.3422  -44.2814  -44.2738  -23.5496  -23.4992  -23.2751  -23.2364   -7.0469   -6.7672   -6.1493   -5.3461   -5.2640   -5.2272   -4.8268   -4.7807   -4.7339   -4.4877   -4.3843   -4.1892   -2.6992   -2.5071   -2.1127   -1.4710   -0.9045    3.9660    4.3620    4.5217    4.5485    5.4050    6.0972    6.2391    7.1649    7.5231   12.9207   13.2464   13.3700   13.7399   15.2482   15.6067   16.4535   16.6997   17.2718   17.6577   18.2391   18.4130
  2.3075  -49.3613  -49.2974  -49.2921  -44.3422  -44.2814  -44.2738  -23.5487  -23.4976  -23.2769  -23.2371   -7.0554   -6.7724   -6.1496   -5.3353   -5.2563   -5.2272   -4.8273   -4.7734   -4.7319   -4.4687   -4.3909   -4.2039   -2.7014   -2.5084   -2.1098   -1.4883   -0.9058    3.9669    4.3609    4.5226    4.5495    5.4058    6.1778    6.3034    7.0789    7.4291   13.0013   13.2364   13.4586   13.7392   15.2514   15.5333   16.4127   16.7089   17.2086   17.6470   18.2321   18.3935
  2.3298  -49.3613  -49.2974  -49.2921  -44.3422  -44.2814  -44.2738  -23.5479  -23.4963  -23.2785  -23.2377   -7.0625   -6.7766   -6.1499   -5.3265   -5.2492   -5.2272   -4.8279   -4.7689   -4.7301   -4.4516   -4.3948   -4.2178   -2.7032   -2.5094   -2.1075   -1.5027   -0.9069    3.9677    4.3601    4.5235    4.5503    5.4065    6.2569    6.3667    6.9959    7.3409   13.0703   13.2268   13.5386   13.7411   15.2540   15.4639   16.3702   16.7167   17.1616   17.6381   18.2261   18.3789
  2.3520  -49.3613  -49.2974  -49.2921  -44.3422  -44.2814  -44.2738  -23.5472  -23.4951  -23.2798  -23.2382   -7.0681   -6.7798   -6.1501   -5.3197   -5.2431   -5.2271   -4.8285   -4.7665   -4.7285   -4.4371   -4.3963   -4.2303   -2.7047   -2.5103   -2.1056   -1.5142   -0.9078    3.9684    4.3595    4.5241    4.5510    5.4070    6.3333    6.4260    6.9172    7.2613   13.1252   13.2198   13.6036   13.7467   15.2562   15.4028   16.3307   16.7231   17.1284   17.6311   18.2214   18.3684
  2.3742  -49.3613  -49.2974  -49.2921  -44.3422  -44.2814  -44.2738  -23.5468  -23.4943  -23.2807  -23.2386   -7.0721   -6.7821   -6.1503   -5.3148   -5.2384   -5.2271   -4.8290   -4.7656   -4.7274   -4.4261   -4.3962   -4.2406   -2.7057   -2.5109   -2.1043   -1.5226   -0.9084    3.9688    4.3591    4.5246    4.5514    5.4074    6.4042    6.4760    6.8463    7.1953   13.1632   13.2173   13.6482   13.7571   15.2577   15.3545   16.2987   16.7276   17.1067   17.6260   18.2179   18.3615
  2.3965  -49.3613  -49.2975  -49.2920  -44.3422  -44.2814  -44.2738  -23.5465  -23.4939  -23.2814  -23.2389   -7.0746   -6.7835   -6.1504   -5.3120   -5.2354   -5.2270   -4.8293   -4.7653   -4.7266   -4.4195   -4.3951   -4.2475   -2.7064   -2.5112   -2.1035   -1.5277   -0.9088    3.9691    4.3589    4.5248    4.5517    5.4076    6.4629    6.5080    6.7911    7.1498   13.1818   13.2205   13.6714   13.7692   15.2588   15.3233   16.2778   16.7305   17.0945   17.6229   18.2157   18.3575
  2.4187  -49.3613  -49.2975  -49.2920  -44.3422  -44.2814  -44.2738  -23.5464  -23.4936  -23.2816  -23.2390   -7.0754   -6.7840   -6.1504   -5.3111   -5.2343   -5.2270   -4.8294   -4.7653   -4.7264   -4.4174   -4.3945   -4.2500   -2.7066   -2.5113   -2.1032   -1.5294   -0.9089    3.9692    4.3588    4.5249    4.5518    5.4077    6.4912    6.5156    6.7686    7.1334   13.1860   13.2236   13.6780   13.7747   15.2592   15.3126   16.2706   16.7315   17.0906   17.6219   18.2150   18.3562
  2.4187  -49.3613  -49.2975  -49.2920  -44.3422  -44.2814  -44.2738  -23.5464  -23.4936  -23.2816  -23.2390   -7.0754   -6.7840   -6.1504   -5.3111   -5.2343   -5.2270   -4.8294   -4.7653   -4.7264   -4.4174   -4.3945   -4.2500   -2.7066   -2.5113   -2.1032   -1.5294   -0.9089    3.9692    4.3588    4.5249    4.5518    5.4077    6.4912    6.5155    6.7686    7.1334   13.1860   13.2236   13.6780   13.7747   15.2592   15.3126   16.2706   16.7315   17.0906   17.6219   18.2150   18.3562
  2.4420  -49.3613  -49.2975  -49.2921  -44.3422  -44.2814  -44.2738  -23.5463  -23.4939  -23.2815  -23.2390   -7.0745   -6.7839   -6.1510   -5.3200   -5.2329   -5.2188   -4.8310   -4.7661   -4.7269   -4.4189   -4.3941   -4.2487   -2.7058   -2.5111   -2.1036   -1.5285   -0.9094    3.9696    4.3596    4.5247    4.5515    5.4066    6.4806    6.5136    6.7736    7.1472   13.1823   13.2230   13.6738   13.7705   15.1829   15.3807   16.2677   16.7487   17.0925   17.6224   18.2146   18.3556
  2.4653  -49.3613  -49.2975  -49.2921  -44.3422  -44.2814  -44.2739  -23.5458  -23.4945  -23.2810  -23.2389   -7.0720   -6.7838   -6.1527   -5.3407   -5.2286   -5.2004   -4.8358   -4.7684   -4.7285   -4.4235   -4.3928   -4.2450   -2.7036   -2.5106   -2.1048   -1.5257   -0.9108    3.9711    4.3619    4.5239    4.5505    5.4035    6.4525    6.5069    6.7888    7.1861   13.1704   13.2219   13.6608   13.7587   15.0809   15.4581   16.2641   16.7964   17.0983   17.6236   18.2140   18.3549
  2.4886  -49.3613  -49.2974  -49.2922  -44.3421  -44.2814  -44.2740  -23.5448  -23.4954  -23.2802  -23.2386   -7.0679   -6.7836   -6.1555   -5.3663   -5.2217   -5.1786   -4.8438   -4.7722   -4.7311   -4.4308   -4.3906   -4.2389   -2.6999   -2.5096   -2.1067   -1.5213   -0.9132    3.9736    4.3657    4.5227    4.5489    5.3983    6.4116    6.4968    6.8134    7.2444   13.1489   13.2209   13.6382   13.7417   14.9753   15.5190   16.2706   16.8649   17.1075   17.6238   18.2139   18.3568
  2.5120  -49.3613  -49.2974  -49.2923  -44.3421  -44.2813  -44.2742  -23.5435  -23.4966  -23.2792  -23.2384   -7.0621   -6.7834   -6.1591   -5.3939   -5.2125   -5.1562   -4.8550   -4.7773   -4.7344   -4.4407   -4.3874   -4.2308   -2.6949   -2.5082   -2.1094   -1.5151   -0.9164    3.9771    4.3710    4.5210    4.5466    5.3912    6.3623    6.4858    6.8462    7.3167   13.1172   13.2199   13.6052   13.7225   14.8690   15.5576   16.2969   16.9444   17.1194   17.6207   18.2162   18.3650
  2.5353  -49.3612  -49.2974  -49.2925  -44.3421  -44.2813  -44.2744  -23.5419  -23.4980  -23.2779  -23.2381   -7.0547   -6.7830   -6.1633   -5.4225   -5.2018   -5.1342   -4.8694   -4.7838   -4.7382   -4.4527   -4.3832   -4.2210   -2.6886   -2.5065   -2.1128   -1.5075   -0.9207    3.9815    4.3778    4.5188    4.5437    5.3824    6.3084    6.4755    6.8855    7.3991   13.0748   13.2184   13.5621   13.7032   14.7635   15.5724   16.3465   17.0262   17.1337   17.6112   18.2241   18.3842
  2.5586  -49.3612  -49.2974  -49.2926  -44.3420  -44.2813  -44.2746  -23.5400  -23.4995  -23.2764  -23.2377   -7.0457   -6.7826   -6.1679   -5.4515   -5.1901   -5.1132   -4.8870   -4.7916   -4.7423   -4.4662   -4.3782   -4.2095   -2.6811   -2.5043   -2.1169   -1.4985   -0.9259    3.9868    4.3860    4.5161    4.5402    5.3719    6.2525    6.4669    6.9302    7.4892   13.0218   13.2155   13.5105   13.6850   14.6606   15.5664   16.4167   17.0996   17.1527   17.5930   18.2422   18.4181
  2.5819  -49.3612  -49.2974  -49.2928  -44.3419  -44.2813  -44.2749  -23.5379  -23.5011  -23.2748  -23.2373   -7.0352   -6.7820   -6.1726   -5.4806   -5.1783   -5.0932   -4.9077   -4.8006   -4.7462   -4.4808   -4.3724   -4.1967   -2.6726   -2.5018   -2.1217   -1.4884   -0.9320    3.9929    4.3955    4.5130    4.5361    5.3600    6.1963    6.4607    6.9795    7.5851   12.9583   13.2097   13.4527   13.6680   14.5614   15.5449   16.5010   17.1417   17.1911   17.5657   18.2757   18.4689
  2.6053  -49.3611  -49.2974  -49.2931  -44.3419  -44.2813  -44.2752  -23.5359  -23.5026  -23.2732  -23.2369   -7.0233   -6.7812   -6.1772   -5.5095   -5.1674   -5.0745   -4.9314   -4.8106   -4.7493   -4.4960   -4.3659   -4.1828   -2.6632   -2.4989   -2.1272   -1.4773   -0.9392    3.9999    4.4063    4.5094    4.5314    5.3469    6.1408    6.4572    7.0329    7.6860   12.8851   13.1987   13.3919   13.6520   14.4674   15.5127   16.5919   17.1571   17.2374   17.5325   18.3288   18.5377
  2.6286  -49.3611  -49.2974  -49.2933  -44.3418  -44.2813  -44.2756  -23.5340  -23.5036  -23.2715  -23.2366   -7.0101   -6.7801   -6.1814   -5.5380   -5.1585   -5.0572   -4.9575   -4.8217   -4.7514   -4.5112   -4.3589   -4.1679   -2.6530   -2.4956   -2.1332   -1.4655   -0.9473    4.0077    4.4183    4.5054    4.5262    5.3327    6.0869    6.4567    7.0899    7.7911   12.8032   13.1778   13.3333   13.6365   14.3799   15.4733   16.6815   17.1623   17.2688   17.5012   18.4033   18.6237
  2.6519  -49.3610  -49.2973  -49.2936  -44.3417  -44.2812  -44.2760  -23.5326  -23.5040  -23.2698  -23.2361   -6.9956   -6.7787   -6.1851   -5.5660   -5.1529   -5.0423   -4.9851   -4.8336   -4.7520   -4.5259   -4.3512   -4.1523   -2.6423   -2.4919   -2.1398   -1.4531   -0.9565    4.0162    4.4314    4.5011    4.5204    5.3178    6.0350    6.4596    7.1506    7.9000   12.7140   13.1391   13.2852   13.6205   14.3002   15.4290   16.7604   17.1512   17.2904   17.4817   18.4982   18.7258
  2.6752  -49.3610  -49.2973  -49.2939  -44.3416  -44.2812  -44.2765  -23.5320  -23.5033  -23.2679  -23.2356   -6.9800   -6.7767   -6.1879   -5.5934   -5.1518   -5.0358   -5.0073   -4.8461   -4.7512   -4.5394   -4.3431   -4.1361   -2.6311   -2.4878   -2.1469   -1.4405   -0.9666    4.0253    4.4456    4.4963    4.5142    5.3023    5.9854    6.4660    7.2145    8.0123   12.6186   13.0787   13.2518   13.6027   14.2293   15.3812   16.8180   17.1106   17.3252   17.4769   18.6101   18.8426
  2.6985  -49.3609  -49.2973  -49.2943  -44.3415  -44.2812  -44.2770  -23.5323  -23.5014  -23.2662  -23.2350   -6.9636   -6.7741   -6.1898   -5.6199   -5.1568   -5.0559   -5.0048   -4.8590   -4.7493   -4.5508   -4.3347   -4.1197   -2.6196   -2.4833   -2.1545   -1.4277   -0.9778    4.0351    4.4606    4.4912    4.5077    5.2865    5.9384    6.4760    7.2815    8.1275   12.5181   13.0026   13.2278   13.5816   14.1682   15.3310   16.8478   17.0407   17.3880   17.4816   18.7352   18.9723
  2.7219  -49.3609  -49.2973  -49.2946  -44.3414  -44.2811  -44.2775  -23.5334  -23.4983  -23.2645  -23.2344   -6.9465   -6.7706   -6.1907   -5.6455   -5.1699   -5.0841   -4.9942   -4.8721   -4.7471   -4.5592   -4.3259   -4.1030   -2.6079   -2.4785   -2.1624   -1.4150   -0.9898    4.0455    4.4760    4.4858    4.5012    5.2706    5.8941    6.4898    7.3517    8.2457   12.4139   12.9180   13.2070   13.5560   14.1172   15.2796   16.8515   16.9516   17.4682   17.4985   18.8695   19.1134
  2.7452  -49.3608  -49.2972  -49.2950  -44.3413  -44.2811  -44.2781  -23.5350  -23.4943  -23.2629  -23.2338   -6.9293   -6.7658   -6.1904   -5.6702   -5.1930   -5.1100   -4.9839   -4.8852   -4.7459   -4.5634   -4.3168   -4.0865   -2.5962   -2.4734   -2.1707   -1.4026   -1.0027    4.0564    4.4800    4.4874    4.4994    5.2548    5.8524    6.5074    7.4248    8.3664   12.3065   12.8285   13.1864   13.5250   14.0758   15.2278   16.8314   16.8554   17.4908   17.5909   19.0097   19.2643
  2.7685  -49.3607  -49.2972  -49.2955  -44.3412  -44.2811  -44.2787  -23.5370  -23.4897  -23.2614  -23.2333   -6.9121   -6.7592   -6.1889   -5.6938   -5.2255   -5.1325   -4.9749   -4.8980   -4.7471   -4.5625   -4.3077   -4.0701   -2.5847   -2.4679   -2.1792   -1.3908   -1.0165    4.0678    4.4740    4.4831    4.5135    5.2392    5.8135    6.5291    7.5008    8.4897   12.1969   12.7364   13.1648   13.4885   14.0423   15.1765   16.7352   16.8156   17.4974   17.7084   19.1530   19.4234
  2.7918  -49.3607  -49.2972  -49.2959  -44.3411  -44.2810  -44.2793  -23.5391  -23.4845  -23.2601  -23.2327   -6.8957   -6.7504   -6.1861   -5.7162   -5.2646   -5.1534   -4.9677   -4.9103   -4.7514   -4.5562   -4.2984   -4.0542   -2.5735   -2.4621   -2.1879   -1.3796   -1.0309    4.0796    4.4677    4.4755    4.5315    5.2241    5.7772    6.5548    7.5797    8.6151   12.0855   12.6433   13.1415   13.4471   14.0145   15.1272   16.6185   16.7842   17.5000   17.8329   19.2973   19.5890
  2.8151  -49.3606  -49.2972  -49.2963  -44.3410  -44.2810  -44.2799  -23.5412  -23.4789  -23.2590  -23.2321   -6.8805   -6.7389   -6.1822   -5.7374   -5.3079   -5.1745   -4.9629   -4.9214   -4.7590   -4.5449   -4.2891   -4.0388   -2.5626   -2.4561   -2.1967   -1.3693   -1.0460    4.0918    4.4612    4.4674    4.5505    5.2096    5.7436    6.5848    7.6615    8.7427   11.9730   12.5501   13.1166   13.4019   13.9892   15.0811   16.4963   16.7511   17.4980   17.9605   19.4405   19.7592
  2.8385  -49.3605  -49.2971  -49.2968  -44.3409  -44.2809  -44.2806  -23.5433  -23.4729  -23.2579  -23.2313   -6.8670   -6.7243   -6.1770   -5.7573   -5.3537   -5.1964   -4.9616   -4.9299   -4.7695   -4.5299   -4.2799   -4.0241   -2.5522   -2.4499   -2.2055   -1.3600   -1.0613    4.1043    4.4544    4.4591    4.5703    5.1960    5.7123    6.6191    7.7461    8.8721   11.8598   12.4579   13.0900   13.3538   13.9635   15.0397   16.3703   16.7185   17.4905   18.0889   19.5811   19.9316
  2.8618  -49.3604  -49.2973  -49.2971  -44.3407  -44.2813  -44.2809  -23.5453  -23.4667  -23.2571  -23.2308   -6.8551   -6.7064   -6.1707   -5.7760   -5.4010   -5.2194   -4.9657   -4.9340   -4.7821   -4.5123   -4.2708   -4.0102   -2.5424   -2.4435   -2.2141   -1.3522   -1.0768    4.1172    4.4474    4.4508    4.5907    5.1833    5.6833    6.6577    7.8335    9.0031   11.7462   12.3672   13.0617   13.3036   13.9345   15.0045   16.2413   16.6879   17.4763   18.2160   19.7177   20.1023
  2.8851  -49.3603  -49.2978  -49.2971  -44.3406  -44.2821  -44.2809  -23.5472  -23.4602  -23.2564  -23.2301   -6.8448   -6.6856   -6.1632   -5.7935   -5.4493   -5.2433   -4.9741   -4.9345   -4.7963   -4.4933   -4.2619   -3.9973   -2.5334   -2.4371   -2.2226   -1.3459   -1.0919    4.1303    4.4400    4.4428    4.6118    5.1719    5.6565    6.7006    7.9236    9.1355   11.6325   12.2788   13.0320   13.2519   13.9002   14.9766   16.1101   16.6605   17.4544   18.3400   19.8494   20.2637
  2.9084  -49.3603  -49.2984  -49.2970  -44.3404  -44.2828  -44.2808  -23.5488  -23.4537  -23.2560  -23.2296   -6.8357   -6.6621   -6.1548   -5.8097   -5.4980   -5.2680   -4.9846   -4.9337   -4.8115   -4.4740   -4.2532   -3.9855   -2.5251   -2.4307   -2.2308   -1.3415   -1.1065    4.1435    4.4321    4.4352    4.6334    5.1618    5.6317    6.7478    8.0164    9.2688   11.5192   12.1933   13.0009   13.1990   13.8593   14.9566   15.9771   16.6371   17.4239   18.4590   19.9756   20.3967
  2.9318  -49.3602  -49.2989  -49.2970  -44.3403  -44.2836  -44.2808  -23.5501  -23.4470  -23.2558  -23.2291   -6.8273   -6.6366   -6.1454   -5.8247   -5.5467   -5.2932   -4.9957   -4.9327   -4.8273   -4.4550   -4.2449   -3.9748   -2.5177   -2.4244   -2.2385   -1.3394   -1.1198    4.1569    4.4240    4.4278    4.6555    5.1535    5.6086    6.7994    8.1118    9.4025   11.4067   12.1111   12.9688   13.1449   13.8115   14.9447   15.8430   16.6183   17.3839   18.5712   20.0956   20.4583
  2.9551  -49.3601  -49.2994  -49.2970  -44.3401  -44.2844  -44.2807  -23.5511  -23.4402  -23.2558  -23.2285   -6.8194   -6.6093   -6.1351   -5.8385   -5.5951   -5.3186   -5.0069   -4.9320   -4.8436   -4.4371   -4.2369   -3.9655   -2.5112   -2.4184   -2.2456   -1.3400   -1.1315    4.1705    4.4159    4.4205    4.6780    5.1471    5.5872    6.8551    8.2097    9.5362   11.2954   12.0326   12.9360   13.0894   13.7571   14.9401   15.7082   16.6046   17.3340   18.6746   20.2091   20.4329
  2.9784  -49.3600  -49.3000  -49.2969  -44.3400  -44.2852  -44.2807  -23.5519  -23.4333  -23.2560  -23.2280   -6.8114   -6.5809   -6.1242   -5.8515   -5.6427   -5.3440   -5.0180   -4.9317   -4.8601   -4.4205   -4.2294   -3.9575   -2.5056   -2.4128   -2.2519   -1.3433   -1.1410    4.1840    4.4079    4.4133    4.7006    5.1431    5.5673    6.9149    8.3101    9.6689   11.1861   11.9583   12.9026   13.0320   13.6976   14.9417   15.5731   16.5959   17.2740   18.7671   20.3050   20.3824
  3.0017  -49.3599  -49.3006  -49.2969  -44.3398  -44.2860  -44.2806  -23.5523  -23.4265  -23.2565  -23.2276   -6.8033   -6.5515   -6.1126   -5.8637   -5.6891   -5.3692   -5.0288   -4.9318   -4.8766   -4.4059   -4.2224   -3.9510   -2.5011   -2.4078   -2.2572   -1.3496   -1.1481    4.1976    4.4002    4.4062    4.7232    5.1419    5.5486    6.9787    8.4128    9.7990   11.0799   11.8886   12.8688   12.9725   13.6345   14.9480   15.4381   16.5926   17.2040   18.8469   20.2810   20.4408
  3.0250  -49.3598  -49.3012  -49.2969  -44.3397  -44.2868  -44.2806  -23.5523  -23.4196  -23.2572  -23.2273   -6.7947   -6.5216   -6.1006   -5.8758   -5.7336   -5.3938   -5.0393   -4.9323   -4.8931   -4.3933   -4.2161   -3.9460   -2.4976   -2.4037   -2.2614   -1.3586   -1.1529    4.2111    4.3927    4.3991    4.7455    5.1440    5.5310    7.0463    8.5176    9.9243   10.9787   11.8240   12.8347   12.9107   13.5697   14.9572   15.3041   16.5944   17.1245   18.9123   20.2152   20.5408
  3.0484  -49.3597  -49.3017  -49.2968  -44.3395  -44.2877  -44.2805  -23.5519  -23.4127  -23.2581  -23.2270   -6.7856   -6.4913   -6.0884   -5.8887   -5.7752   -5.4177   -5.0494   -4.9332   -4.9093   -4.3829   -4.2106   -3.9427   -2.4951   -2.4005   -2.2642   -1.3698   -1.1554    4.2246    4.3855    4.3920    4.7669    5.1499    5.5144    7.1177    8.6244   10.0408   10.8860   11.7651   12.7989   12.8476   13.5051   14.9656   15.1733   16.6012   17.0361   18.9616   20.1531   20.6400
  3.0717  -49.3596  -49.3023  -49.2968  -44.3393  -44.2885  -44.2804  -23.5511  -23.4058  -23.2592  -23.2267   -6.7758   -6.4610   -6.0761   -5.9041   -5.8119   -5.4406   -5.0591   -4.9343   -4.9251   -4.3748   -4.2060   -3.9409   -2.4936   -2.3985   -2.2656   -1.3826   -1.1561    4.2379    4.3785    4.3851    4.7871    5.1602    5.4987    7.1925    8.7329   10.1404   10.8088   11.7129   12.7536   12.7911   13.4422   14.9570   15.0612   16.6127   16.9401   18.9937   20.0986   20.7348
  3.0950  -49.3595  -49.3029  -49.2967  -44.3392  -44.2893  -44.2804  -23.5501  -23.3991  -23.2606  -23.2266   -6.7653   -6.4310   -6.0640   -5.9248   -5.8409   -5.4622   -5.0684   -4.9412   -4.9350   -4.3691   -4.2025   -3.9409   -2.4931   -2.3977   -2.2654   -1.3964   -1.1553    4.2510    4.3719    4.3782    4.8056    5.1756    5.4836    7.2706    8.8426   10.2086   10.7603   11.6683   12.6883   12.7520   13.3821   14.8709   15.0270   16.6278   16.8380   19.0077   20.0530   20.8226
  3.0950  -49.3595  -49.3029  -49.2967  -44.3392  -44.2893  -44.2804  -23.5576  -23.3701  -23.2712  -23.2382   -6.7055   -6.2651   -6.1542   -5.9050   -5.7137   -5.6213   -5.2328   -5.0146   -4.9323   -4.3450   -4.1881   -3.9801   -2.5187   -2.3806   -2.3400   -1.2926   -0.9893    4.2724    4.3781    4.4096    4.4615    5.2818    5.6339    7.2800    8.8590    9.9937   10.8424   11.7086   12.6641   12.8583   13.4769   14.5420   14.7754   16.5321   17.3913   18.9583   20.5684   20.8298
  3.1183  -49.3596  -49.3023  -49.2968  -44.3393  -44.2885  -44.2804  -23.5595  -23.3755  -23.2714  -23.2371   -6.7245   -6.2773   -6.1640   -5.9018   -5.6818   -5.5936   -5.2309   -5.0062   -4.9274   -4.3458   -4.1827   -3.9883   -2.5198   -2.3692   -2.3511   -1.2735   -0.9934    4.2607    4.3856    4.4168    4.4468    5.2704    5.6356    7.2070    8.7449    9.9454   10.8731   11.7484   12.7425   12.8923   13.5281   14.6469   14.7914   16.5277   17.4723   18.9883   20.6557   20.8622
  3.1417  -49.3597  -49.3017  -49.2968  -44.3395  -44.2877  -44.2805  -23.5613  -23.3812  -23.2717  -23.2361   -6.7434   -6.2913   -6.1773   -5.8945   -5.6473   -5.5634   -5.2289   -4.9981   -4.9207   -4.3486   -4.1785   -3.9983   -2.5216   -2.3628   -2.3563   -1.2544   -0.9996    4.2487    4.3931    4.4230    4.4370    5.2578    5.6388    7.1381    8.6325    9.8712   10.9265   11.7944   12.8083   12.9402   13.5806   14.7081   14.8512   16.5249   17.5454   19.0105   20.7424   20.8048
  3.1650  -49.3598  -49.3012  -49.2969  -44.3397  -44.2868  -44.2805  -23.5627  -23.3871  -23.2721  -23.2352   -6.7623   -6.3077   -6.1921   -5.8837   -5.6104   -5.5317   -5.2270   -4.9903   -4.9122   -4.3534   -4.1755   -4.0100   -2.5239   -2.3728   -2.3441   -1.2354   -1.0081    4.2364    4.4007    4.4244    4.4359    5.2442    5.6432    7.0733    8.5224    9.7778   10.9974   11.8455   12.8557   13.0068   13.6340   14.7252   14.9557   16.5249   17.6094   19.0236   20.6929   20.8524
  3.1883  -49.3599  -49.3006  -49.2969  -44.3398  -44.2860  -44.2806  -23.5637  -23.3930  -23.2724  -23.2343   -6.7809   -6.3271   -6.2063   -5.8701   -5.5714   -5.4991   -5.2249   -4.9829   -4.9019   -4.3601   -4.1740   -4.0230   -2.5270   -2.3827   -2.3309   -1.2166   -1.0187    4.2237    4.4083    4.4225    4.4416    5.2302    5.6487    7.0129    8.4151    9.6713   11.0812   11.9006   12.8897   13.0862   13.6880   14.7298   15.0735   16.5286   17.6633   19.0265   20.5646   20.8215
  3.2116  -49.3600  -49.3000  -49.2969  -44.3400  -44.2852  -44.2806  -23.5644  -23.3990  -23.2729  -23.2335   -6.7993   -6.3497   -6.2184   -5.8546   -5.5306   -5.4660   -5.2226   -4.9756   -4.8898   -4.3687   -4.1742   -4.0370   -2.5307   -2.3922   -2.3174   -1.1983   -1.0312    4.2107    4.4158    4.4227    4.4485    5.2161    5.6553    6.9569    8.3107    9.5559   11.1745   11.9589   12.9174   13.1705   13.7421   14.7320   15.1949   16.5366   17.7070   19.0179   20.4165   20.7653
  3.2349  -49.3601  -49.2994  -49.2970  -44.3401  -44.2844  -44.2807  -23.5648  -23.4050  -23.2734  -23.2329   -6.8173   -6.3752   -6.2278   -5.8376   -5.4885   -5.4328   -5.2202   -4.9682   -4.8764   -4.3792   -4.1766   -4.0514   -2.5351   -2.4013   -2.3036   -1.1809   -1.0454    4.1975    4.4233    4.4254    4.4555    5.2024    5.6628    6.9053    8.2094    9.4348   11.2750   12.0198   12.9421   13.2554   13.7960   14.7348   15.3174   16.5492   17.7403   18.9969   20.2571   20.6737
  3.2583  -49.3602  -49.2989  -49.2970  -44.3403  -44.2836  -44.2807  -23.5651  -23.4110  -23.2740  -23.2324   -6.8351   -6.4027   -6.2343   -5.8196   -5.4456   -5.3997   -5.2175   -4.9605   -4.8617   -4.3914   -4.1817   -4.0656   -2.5402   -2.4098   -2.2897   -1.1650   -1.0604    4.1842    4.4299    4.4308    4.4625    5.1898    5.6712    6.8580    8.1116    9.3100   11.3811   12.0828   12.9652   13.3381   13.8494   14.7397   15.4401   16.5664   17.7637   18.9630   20.0897   20.5732
  3.2816  -49.3603  -49.2984  -49.2970  -44.3404  -44.2828  -44.2808  -23.5650  -23.4171  -23.2745  -23.2320   -6.8525   -6.4316   -6.2385   -5.8008   -5.4028   -5.3665   -5.2143   -4.9522   -4.8461   -4.4050   -4.1900   -4.0788   -2.5460   -2.4179   -2.2757   -1.1525   -1.0743    4.1708    4.4361    4.4381    4.4693    5.1790    5.6808    6.8149    8.0174    9.1828   11.4918   12.1476   12.9872   13.4170   13.9023   14.7478   15.5626   16.5880   17.7778   18.9168   19.9175   20.4518
  3.3049  -49.3603  -49.2978  -49.2971  -44.3406  -44.2821  -44.2808  -23.5647  -23.4230  -23.2750  -23.2317   -6.8696   -6.4609   -6.2406   -5.7813   -5.3620   -5.3324   -5.2101   -4.9433   -4.8298   -4.4197   -4.2021   -4.0904   -2.5525   -2.4256   -2.2619   -1.1479   -1.0825    4.1575    4.4428    4.4452    4.4759    5.1708    5.6914    6.7759    7.9268    9.0545   11.6064   12.2139   13.0085   13.4903   13.9550   14.7603   15.6844   16.6135   17.7833   18.8593   19.7429   20.3055
  3.3282  -49.3604  -49.2973  -49.2971  -44.3407  -44.2813  -44.2809  -23.5642  -23.4289  -23.2755  -23.2317   -6.8862   -6.4902   -6.2409   -5.7613   -5.3268   -5.2954   -5.2041   -4.9337   -4.8130   -4.4353   -4.2178   -4.1002   -2.5596   -2.4328   -2.2482   -1.1561   -1.0801    4.1442    4.4493    4.4522    4.4823    5.1657    5.7034    6.7408    7.8400    8.9256   11.7242   12.2815   13.0290   13.5564   14.0077   14.7780   15.8051   16.6422   17.7810   18.7923   19.5679   20.1394
  3.3515  -49.3605  -49.2971  -49.2968  -44.3408  -44.2809  -44.2806  -23.5634  -23.4348  -23.2760  -23.2316   -6.9025   -6.5189   -6.2397   -5.7407   -5.2992   -5.2557   -5.1946   -4.9234   -4.7960   -4.4513   -4.2367   -4.1085   -2.5674   -2.4396   -2.2347   -1.1740   -1.0698    4.1309    4.4549    4.4589    4.4883    5.1646    5.7169    6.7094    7.7572    8.7970   11.8449   12.3500   13.0489   13.6141   14.0608   14.8020   15.9242   16.6731   17.7719   18.7177   19.3941   19.9618
  3.3749  -49.3606  -49.2972  -49.2963  -44.3410  -44.2810  -44.2799  -23.5626  -23.4406  -23.2765  -23.2318   -6.9183   -6.5468   -6.2371   -5.7195   -5.2788   -5.2175   -5.1784   -4.9124   -4.7791   -4.4672   -4.2581   -4.1157   -2.5758   -2.4461   -2.2217   -1.1968   -1.0565    4.1178    4.4587    4.4654    4.4941    5.1678    5.7321    6.6814    7.6784    8.6688   11.9678   12.4194   13.0679   13.6624   14.1147   14.8325   16.0408   16.7052   17.7567   18.6375   19.2226   19.7793
  3.3982  -49.3607  -49.2972  -49.2959  -44.3411  -44.2810  -44.2793  -23.5617  -23.4461  -23.2770  -23.2319   -6.9336   -6.5736   -6.2335   -5.6978   -5.2651   -5.1874   -5.1505   -4.9007   -4.7627   -4.4823   -4.2810   -4.1223   -2.5847   -2.4523   -2.2091   -1.2221   -1.0422    4.1049    4.4601    4.4716    4.4996    5.1757    5.7495    6.6566    7.6036    8.5415   12.0925   12.4895   13.0862   13.7010   14.1693   14.8702   16.1540   16.7375   17.7361   18.5534   19.0548   19.5974
  3.4215  -49.3607  -49.2972  -49.2955  -44.3412  -44.2811  -44.2787  -23.5606  -23.4515  -23.2775  -23.2322   -6.9485   -6.5991   -6.2288   -5.6755   -5.2565   -5.1646   -5.1138   -4.8884   -4.7473   -4.4959   -4.3047   -4.1289   -2.5941   -2.4582   -2.1969   -1.2487   -1.0279    4.0921    4.4590    4.4777    4.5051    5.1879    5.7694    6.6349    7.5328    8.4155   12.2181   12.5602   13.1036   13.7305   14.2245   14.9148   16.2621   16.7687   17.7107   18.4667   18.8923   19.4202
  3.4448  -49.3608  -49.2972  -49.2950  -44.3413  -44.2811  -44.2781  -23.5593  -23.4566  -23.2779  -23.2326   -6.9629   -6.6231   -6.2233   -5.6526   -5.2513   -5.1449   -5.0755   -4.8756   -4.7334   -4.5073   -4.3282   -4.1356   -2.6038   -2.4638   -2.1854   -1.2761   -1.0139    4.0795    4.4552    4.4834    4.5104    5.2042    5.7925    6.6157    7.4663    8.2910   12.3437   12.6319   13.1201   13.7519   14.2799   14.9663   16.3624   16.7986   17.6808   18.3780   18.7371   19.2512
  3.4682  -49.3609  -49.2973  -49.2946  -44.3415  -44.2811  -44.2775  -23.5581  -23.4615  -23.2783  -23.2330   -6.9767   -6.6456   -6.2172   -5.6291   -5.2481   -5.1276   -5.0385   -4.8622   -4.7218   -4.5154   -4.3509   -4.1426   -2.6138   -2.4693   -2.1745   -1.3038   -1.0005    4.0672    4.4492    4.4889    4.5155    5.2237    5.8191    6.5989    7.4037    8.1683   12.4675   12.7049   13.1356   13.7664   14.3350   15.0236   16.4507   16.8280   17.6466   18.2870   18.5923   19.0936
  3.4915  -49.3609  -49.2973  -49.2943  -44.3416  -44.2812  -44.2770  -23.5567  -23.4661  -23.2788  -23.2336   -6.9898   -6.6664   -6.2106   -5.6049   -5.2460   -5.1134   -5.0042   -4.8482   -4.7131   -4.5194   -4.3719   -4.1502   -2.6239   -2.4745   -2.1642   -1.3313   -0.9877    4.0551    4.4413    4.4940    4.5205    5.2453    5.8499    6.5843    7.3452    8.0475   12.5868   12.7809   13.1502   13.7755   14.3899   15.0861   16.5206   16.8593   17.6074   18.1928   18.4628   18.9501
  3.5148  -49.3610  -49.2973  -49.2939  -44.3416  -44.2812  -44.2765  -23.5554  -23.4704  -23.2792  -23.2341   -7.0023   -6.6855   -6.2036   -5.5801   -5.2445   -5.1031   -4.9732   -4.8335   -4.7081   -4.5189   -4.3903   -4.1584   -2.6342   -2.4795   -2.1547   -1.3583   -0.9757    4.0435    4.4321    4.4988    4.5251    5.2680    5.8853    6.5716    7.2905    7.9293   12.6973   12.8628   13.1639   13.7806   14.4447   15.1522   16.5646   16.8963   17.5611   18.0953   18.3538   18.8230
  3.5381  -49.3610  -49.2973  -49.2936  -44.3417  -44.2812  -44.2760  -23.5540  -23.4744  -23.2795  -23.2348   -7.0141   -6.7029   -6.1965   -5.5546   -5.2433   -5.0975   -4.9458   -4.8185   -4.7067   -4.5139   -4.4053   -4.1672   -2.6443   -2.4843   -2.1459   -1.3844   -0.9645    4.0323    4.4223    4.5032    4.5295    5.2907    5.9259    6.5607    7.2396    7.8138   12.7935   12.9535   13.1774   13.7828   14.4999   15.2207   16.5785   16.9398   17.5050   17.9981   18.2690   18.7133
  3.5614  -49.3611  -49.2974  -49.2933  -44.3418  -44.2813  -44.2756  -23.5527  -23.4780  -23.2799  -23.2353   -7.0250   -6.7186   -6.1894   -5.5285   -5.2422   -5.0968   -4.9221   -4.8033   -4.7088   -4.5052   -4.4162   -4.1765   -2.6542   -2.4889   -2.1379   -1.4092   -0.9543    4.0216    4.4121    4.5073    4.5336    5.3124    5.9718    6.5514    7.1919    7.7017   12.8738   13.0510   13.1923   13.7829   14.5564   15.2896   16.5641   16.9855   17.4355   17.9082   18.2083   18.6214
  3.5848  -49.3611  -49.2974  -49.2931  -44.3419  -44.2813  -44.2752  -23.5515  -23.4813  -23.2801  -23.2358   -7.0351   -6.7325   -6.1824   -5.5019   -5.2411   -5.1010   -4.9018   -4.7884   -4.7137   -4.4938   -4.4226   -4.1864   -2.6637   -2.4931   -2.1307   -1.4325   -0.9450    4.0116    4.4022    4.5109    4.5373    5.3325    6.0233    6.5434    7.1471    7.5940   12.9411   13.1391   13.2198   13.7818   14.6154   15.3567   16.5274   17.0269   17.3515   17.8319   18.1702   18.5463
  3.6081  -49.3612  -49.2974  -49.2928  -44.3419  -44.2813  -44.2749  -23.5503  -23.4842  -23.2803  -23.2364   -7.0442   -6.7447   -6.1757   -5.4748   -5.2400   -5.1100   -4.8844   -4.7746   -4.7208   -4.4809   -4.4247   -4.1966   -2.6727   -2.4970   -2.1243   -1.4538   -0.9367    4.0024    4.3928    4.5142    4.5406    5.3505    6.0799    6.5367    7.1040    7.4917   12.9990   13.1808   13.2904   13.7801   14.6783   15.4189   16.4746   17.0592   17.2563   17.7712   18.1522   18.4868
  3.6314  -49.3612  -49.2974  -49.2926  -44.3420  -44.2813  -44.2746  -23.5494  -23.4867  -23.2806  -23.2370   -7.0522   -6.7552   -6.1696   -5.4473   -5.2389   -5.1231   -4.8697   -4.7621   -4.7292   -4.4676   -4.4228   -4.2070   -2.6810   -2.5006   -2.1187   -1.4730   -0.9294    3.9940    4.3842    4.5170    4.5435    5.3660    6.1414    6.5311    7.0609    7.3970   13.0489   13.1952   13.3810   13.7782   14.7463   15.4715   16.4135   17.0789   17.1567   17.7244   18.1503   18.4410
  3.6547  -49.3612  -49.2974  -49.2925  -44.3420  -44.2813  -44.2744  -23.5485  -23.4889  -23.2809  -23.2376   -7.0592   -6.7641   -6.1641   -5.4197   -5.2377   -5.1397   -4.8573   -4.7515   -4.7381   -4.4547   -4.4181   -4.2174   -2.6883   -2.5037   -2.1140   -1.4897   -0.9232    3.9867    4.3767    4.5194    4.5460    5.3790    6.2070    6.5265    7.0152    7.3130   13.0915   13.2034   13.4667   13.7765   14.8208   15.5083   16.3531   17.0462   17.0994   17.6890   18.1598   18.4071
  3.6781  -49.3613  -49.2974  -49.2923  -44.3421  -44.2814  -44.2742  -23.5478  -23.4907  -23.2811  -23.2380   -7.0649   -6.7713   -6.1593   -5.3922   -5.2367   -5.1589   -4.8473   -4.7475   -4.7418   -4.4428   -4.4118   -4.2273   -2.6947   -2.5064   -2.1101   -1.5037   -0.9181    3.9806    4.3704    4.5214    4.5481    5.3895    6.2756    6.5228    6.9640    7.2438   13.1265   13.2095   13.5408   13.7751   14.9025   15.5212   16.3038   16.9535   17.0997   17.6627   18.1750   18.3836
  3.7014  -49.3613  -49.2974  -49.2922  -44.3421  -44.2814  -44.2740  -23.5472  -23.4921  -23.2813  -23.2384   -7.0695   -6.7768   -6.1555   -5.3654   -5.2357   -5.1797   -4.8395   -4.7546   -4.7353   -4.4325   -4.4052   -4.2363   -2.6998   -2.5085   -2.1071   -1.5148   -0.9141    3.9756    4.3654    4.5229    4.5497    5.3975    6.3451    6.5199    6.9059    7.1923   13.1535   13.2146   13.6004   13.7743   14.9915   15.5035   16.2741   16.8677   17.0979   17.6439   18.1910   18.3686
  3.7247  -49.3613  -49.2974  -49.2921  -44.3421  -44.2814  -44.2739  -23.5468  -23.4930  -23.2815  -23.2388   -7.0727   -6.7808   -6.1527   -5.3403   -5.2350   -5.2008   -4.8339   -4.7604   -4.7304   -4.4244   -4.3996   -4.2435   -2.7035   -2.5101   -2.1050   -1.5228   -0.9113    3.9721    4.3617    4.5240    4.5509    5.4032    6.4119    6.5179    6.8447    7.1583   13.1722   13.2189   13.6436   13.7742   15.0864   15.4541   16.2649   16.7969   17.0946   17.6313   18.2041   18.3605
  3.7480  -49.3613  -49.2975  -49.2921  -44.3422  -44.2814  -44.2738  -23.5466  -23.4936  -23.2816  -23.2390   -7.0747   -6.7832   -6.1510   -5.3199   -5.2345   -5.2189   -4.8305   -4.7641   -4.7274   -4.4192   -4.3958   -4.2483   -2.7058   -2.5110   -2.1037   -1.5277   -0.9095    3.9699    4.3595    4.5247    4.5516    5.4066    6.4671    6.5164    6.7917    7.1394   13.1827   13.2223   13.6694   13.7745   15.1838   15.3806   16.2677   16.7487   17.0917   17.6242   18.2122   18.3571
  3.7713  -49.3613  -49.2975  -49.2920  -44.3422  -44.2814  -44.2738  -23.5464  -23.4936  -23.2816  -23.2390   -7.0754   -6.7840   -6.1504   -5.3111   -5.2343   -5.2270   -4.8294   -4.7653   -4.7264   -4.4174   -4.3945   -4.2500   -2.7066   -2.5113   -2.1032   -1.5294   -0.9089    3.9692    4.3588    4.5249    4.5518    5.4077    6.4912    6.5156    6.7686    7.1334   13.1860   13.2236   13.6780   13.7747   15.2592   15.3126   16.2706   16.7315   17.0906   17.6219   18.2150   18.3562
  3.7713  -49.3613  -49.2975  -49.2920  -44.3422  -44.2814  -44.2738  -23.5464  -23.4936  -23.2816  -23.2390   -7.0754   -6.7840   -6.1504   -5.3111   -5.2343   -5.2270   -4.8294   -4.7653   -4.7264   -4.4174   -4.3945   -4.2500   -2.7066   -2.5113   -2.1032   -1.5294   -0.9089    3.9692    4.3588    4.5249    4.5518    5.4077    6.4912    6.5156    6.7686    7.1334   13.1860   13.2236   13.6780   13.7747   15.2592   15.3126   16.2706   16.7315   17.0906   17.6219   18.2150   18.3562
  3.8028  -49.3613  -49.2974  -49.2920  -44.3422  -44.2814  -44.2738  -23.5471  -23.4931  -23.2814  -23.2387   -7.0742   -6.7813   -6.1504   -5.3127   -5.2400   -5.2272   -4.8281   -4.7609   -4.7279   -4.4221   -4.3998   -4.2442   -2.7061   -2.5108   -2.1039   -1.5243   -0.9089    3.9695    4.3589    4.5248    4.5518    5.4074    6.4083    6.5180    6.8380    7.1501   13.1796   13.2144   13.6560   13.7720   15.2584   15.3356   16.2850   16.7296   17.0964   17.6278   18.2112   18.3619
  3.8342  -49.3613  -49.2974  -49.2921  -44.3422  -44.2814  -44.2738  -23.5498  -23.4915  -23.2811  -23.2382   -7.0707   -6.7733   -6.1501   -5.3180   -5.2563   -5.2278   -4.8243   -4.7488   -4.7324   -4.4336   -4.4152   -4.2287   -2.7047   -2.5093   -2.1057   -1.5097   -0.9089    3.9705    4.3590    4.5244    4.5519    5.4065    6.2549    6.5253    6.9379    7.2130   13.1599   13.1864   13.5949   13.7644   15.2562   15.4014   16.3269   16.7241   17.1139   17.6453   18.1995   18.3791
  3.8656  -49.3613  -49.2974  -49.2921  -44.3422  -44.2814  -44.2738  -23.5538  -23.4888  -23.2805  -23.2371   -7.0654   -6.7596   -6.1496   -5.3274   -5.2809   -5.2287   -4.8179   -4.7398   -4.7327   -4.4471   -4.4390   -4.2069   -2.7026   -2.5068   -2.1088   -1.4862   -0.9088    3.9719    4.3588    4.5238    4.5519    5.4052    6.0883    6.5374    6.9989    7.3354   13.1261   13.1380   13.5071   13.7538   15.2530   15.5015   16.3932   16.7149   17.1428   17.6746   18.1805   18.4079
  3.8971  -49.3613  -49.2974  -49.2921  -44.3422  -44.2814  -44.2738  -23.5595  -23.4849  -23.2798  -23.2359   -7.0591   -6.7396   -6.1490   -5.3419   -5.3117   -5.2300   -4.8092   -4.7499   -4.7175   -4.4687   -4.4572   -4.1817   -2.7000   -2.5035   -2.1131   -1.4552   -0.9087    3.9736    4.3576    4.5230    4.5520    5.4034    5.9203    6.5543    7.0316    7.4950   13.0663   13.0771   13.4078   13.7423   15.2484   15.6271   16.4789   16.7028   17.1821   17.7151   18.1543   18.4482
  3.9285  -49.3613  -49.2974  -49.2920  -44.3421  -44.2814  -44.2738  -23.5667  -23.4799  -23.2790  -23.2343   -7.0525   -6.7129   -6.1482   -5.3627   -5.3465   -5.2316   -4.7983   -4.7623   -4.7090   -4.5010   -4.4585   -4.1546   -2.6972   -2.4996   -2.1184   -1.4184   -0.9086    3.9753    4.3543    4.5221    4.5522    5.4012    5.7557    6.5756    7.0548    7.6703   12.9683   13.0124   13.3110   13.7321   15.2423   15.7718   16.5780   16.6883   17.2316   17.7666   18.1213   18.4998
  3.9600  -49.3613  -49.2974  -49.2920  -44.3422  -44.2814  -44.2738  -23.5752  -23.4737  -23.2781  -23.2328   -7.0464   -6.6791   -6.1472   -5.3910   -5.3838   -5.2334   -4.7874   -4.7747   -4.7112   -4.5324   -4.4479   -4.1265   -2.6945   -2.4952   -2.1248   -1.3775   -0.9085    3.9768    4.3468    4.5210    4.5523    5.3987    5.5980    6.6012    7.0759    7.8516   12.8452   12.9323   13.2238   13.7245   15.2343   15.9307   16.6716   16.6838   17.2902   17.8286   18.0821   18.5628
  3.9914  -49.3613  -49.2974  -49.2920  -44.3421  -44.2813  -44.2738  -23.5850  -23.4663  -23.2770  -23.2311   -7.0415   -6.6383   -6.1461   -5.4278   -5.4223   -5.2353   -4.7969   -4.7669   -4.7243   -4.5598   -4.4257   -4.0977   -2.6919   -2.4906   -2.1321   -1.3344   -0.9084    3.9777    4.3322    4.5198    4.5525    5.3961    5.4513    6.6310    7.0979    8.0357   12.7041   12.8379   13.1461   13.7204   15.2242   16.1006   16.6536   16.7891   17.3582   17.9010   18.0375   18.6373
  4.0228  -49.3613  -49.2974  -49.2920  -44.3421  -44.2813  -44.2738  -23.5960  -23.4582  -23.2757  -23.2293   -7.0381   -6.5908   -6.1449   -5.4735   -5.4612   -5.2375   -4.8154   -4.7499   -4.7459   -4.5806   -4.3951   -4.0686   -2.6897   -2.4859   -2.1402   -1.2909   -0.9082    3.9777    4.3061    4.5187    4.5527    5.3205    5.3934    6.6645    7.1217    8.2208   12.5532   12.7311   13.0751   13.7195   15.2123   16.2779   16.6345   16.8874   17.4344   17.9831   17.9880   18.7229
  4.0543  -49.3613  -49.2974  -49.2920  -44.3422  -44.2814  -44.2738  -23.6081  -23.4494  -23.2748  -23.2276   -7.0364   -6.5372   -6.1435   -5.5273   -5.4999   -5.2397   -4.8359   -4.7728   -4.7305   -4.5931   -4.3597   -4.0393   -2.6878   -2.4815   -2.1490   -1.2487   -0.9081    3.9765    4.2634    4.5175    4.5529    5.2113    5.3906    6.7014    7.1477    8.4054   12.3986   12.6139   13.0086   13.7213   15.1976   16.4569   16.6146   16.9741   17.5187   17.9341   18.0747   18.8197
  4.0857  -49.3613  -49.2974  -49.2920  -44.3422  -44.2814  -44.2738  -23.6204  -23.4397  -23.2734  -23.2260   -7.0367   -6.4786   -6.1421   -5.5876   -5.5380   -5.2420   -4.8578   -4.8029   -4.7095   -4.5967   -4.3219   -4.0098   -2.6864   -2.4775   -2.1584   -1.2090   -0.9079    3.9734    4.2005    4.5164    4.5531    5.1289    5.3882    6.7416    7.1768    8.5885   12.2451   12.4886   12.9457   13.7254   15.1805   16.5949   16.6237   17.0534   17.6116   17.8771   18.1756   18.9279
  4.1171  -49.3613  -49.2974  -49.2920  -44.3421  -44.2814  -44.2738  -23.6334  -23.4293  -23.2717  -23.2242   -7.0389   -6.4168   -6.1405   -5.6515   -5.5751   -5.2442   -4.8806   -4.8348   -4.6869   -4.5918   -4.2835   -3.9801   -2.6854   -2.4742   -2.1681   -1.1733   -0.9077    3.9659    4.1181    4.5155    4.5534    5.0747    5.3860    6.7847    7.2089    8.7690   12.0969   12.3575   12.8857   13.7312   15.1612   16.5755   16.7436   17.1514   17.7128   17.8176   18.2852   19.0469
  4.1486  -49.3613  -49.2974  -49.2920  -44.3421  -44.2813  -44.2738  -23.6467  -23.4183  -23.2701  -23.2225   -7.0433   -6.3540   -6.1389   -5.7155   -5.6110   -5.2465   -4.9042   -4.8676   -4.6630   -4.5788   -4.2457   -3.9503   -2.6848   -2.4716   -2.1780   -1.1425   -0.9075    3.9398    4.0335    4.5147    4.5536    5.0461    5.3842    6.8303    7.2443    8.9452   11.9564   12.2221   12.8287   13.7386   15.1394   16.5572   16.7743   17.3046   17.7563   17.8222   18.4031   19.1766
  4.1800  -49.3613  -49.2974  -49.2920  -44.3421  -44.2813  -44.2738  -23.6604  -23.4072  -23.2686  -23.2211   -7.0498   -6.2944   -6.1372   -5.7741   -5.6454   -5.2486   -4.9281   -4.9005   -4.6381   -4.5586   -4.2092   -3.9205   -2.6845   -2.4700   -2.1881   -1.1173   -0.9073    3.8531    3.9938    4.5141    4.5539    5.0376    5.3828    6.8778    7.2826    9.1149   11.8271   12.0844   12.7746   13.7460   15.1152   16.5397   16.7205   17.5072   17.6940   17.9399   18.5286   19.3165
  4.2114  -49.3613  -49.2974  -49.2920  -44.3421  -44.2813  -44.2738  -23.6740  -23.3956  -23.2670  -23.2199   -7.0587   -6.2451   -6.1355   -5.8193   -5.6783   -5.2507   -4.9521   -4.9332   -4.6123   -4.5320   -4.1745   -3.8908   -2.6847   -2.4694   -2.1980   -1.0982   -0.9070    3.7288    3.9820    4.5137    4.5542    5.0439    5.3820    6.9270    7.3242    9.2756   11.7126   11.9459   12.7236   13.7537   15.0889   16.5236   16.6076   17.6314   17.7378   18.0660   18.6613   19.4667
  4.2429  -49.3613  -49.2974  -49.2920  -44.3421  -44.2813  -44.2738  -23.6876  -23.3841  -23.2655  -23.2188   -7.0700   -6.2167   -6.1338   -5.8396   -5.7094   -5.2526   -4.9759   -4.9651   -4.5861   -4.4998   -4.1420   -3.8615   -2.6852   -2.4699   -2.2077   -1.0857   -0.9068    3.5944    3.9754    4.5134    4.5545    5.0600    5.3816    6.9775    7.3686    9.4234   11.6174   11.8081   12.6757   13.7612   15.0608   16.4531   16.5087   17.5693   17.9856   18.2005   18.8003   19.6272
  4.2743  -49.3613  -49.2974  -49.2920  -44.3421  -44.2813  -44.2738  -23.7011  -23.3727  -23.2637  -23.2176   -7.0839   -6.2174   -6.1321   -5.8266   -5.7387   -5.2543   -4.9993   -4.9961   -4.5595   -4.4625   -4.1119   -3.8328   -2.6860   -2.4714   -2.2171   -1.0798   -0.9066    3.4574    3.9701    4.5134    4.5548    5.0826    5.3818    7.0287    7.4159    9.5537   11.5469   11.6725   12.6311   13.7684   15.0313   16.2691   16.4954   17.5084   18.2460   18.3437   18.9449   19.7985
  4.3057  -49.3613  -49.2974  -49.2920  -44.3421  -44.2813  -44.2738  -23.7141  -23.3615  -23.2621  -23.2165   -7.1003   -6.2421   -6.1305   -5.7853   -5.7660   -5.2559   -5.0257   -5.0220   -4.5330   -4.4208   -4.0841   -3.8050   -2.6871   -2.4740   -2.2259   -1.0805   -0.9064    3.3218    3.9655    4.5135    4.5552    5.1091    5.3825    7.0802    7.4658    9.6608   11.5069   11.5402   12.5900   13.7751   15.0009   16.0646   16.4837   17.4494   18.4956   18.5167   19.0943   19.9731
  4.3372  -49.3613  -49.2974  -49.2920  -44.3421  -44.2813  -44.2738  -23.7267  -23.3506  -23.2606  -23.2155   -7.1190   -6.2788   -6.1289   -5.7914   -5.7280   -5.2572   -5.0538   -5.0439   -4.5067   -4.3753   -4.0588   -3.7785   -2.6885   -2.4776   -2.2341   -1.0874   -0.9062    3.1899    3.9613    4.5137    4.5555    5.1375    5.3836    7.1314    7.5178    9.7395   11.4123   11.5027   12.5524   13.7814   14.9701   15.8463   16.4736   17.3928   18.6561   18.7960   19.2471   20.1244
  4.3686  -49.3613  -49.2974  -49.2920  -44.3421  -44.2813  -44.2738  -23.7387  -23.3404  -23.2591  -23.2146   -7.1399   -6.3186   -6.1273   -5.8148   -5.6641   -5.2583   -5.0802   -5.0647   -4.4812   -4.3266   -4.0358   -3.7535   -2.6901   -2.4819   -2.2415   -1.1001   -0.9060    3.0639    3.9574    4.5141    4.5558    5.1665    5.3852    7.1818    7.5714    9.7871   11.2902   11.5377   12.5185   13.7867   14.9394   15.6190   16.4649   17.3392   18.8250   19.0830   19.4022   20.2530
  4.4000  -49.3613  -49.2974  -49.2920  -44.3421  -44.2813  -44.2738  -23.7498  -23.3309  -23.2577  -23.2138   -7.1624   -6.3569   -6.1258   -5.8360   -5.5992   -5.2591   -5.1047   -5.0843   -4.4566   -4.2754   -4.0150   -3.7304   -2.6921   -2.4870   -2.2482   -1.1178   -0.9058    2.9452    3.9538    4.5146    4.5561    5.1948    5.3870    7.2307    7.6261    9.8047   11.1749   11.6105   12.4886   13.7913   14.9094   15.3863   16.4575   17.2891   19.0021   19.3765   19.5579   20.3847
  4.4315  -49.3613  -49.2974  -49.2920  -44.3421  -44.2813  -44.2738  -23.7601  -23.3219  -23.2564  -23.2129   -7.1859   -6.3914   -6.1245   -5.8551   -5.5367   -5.2596   -5.1270   -5.1025   -4.4333   -4.2228   -3.9965   -3.7095   -2.6943   -2.4924   -2.2541   -1.1396   -0.9056    2.8355    3.9506    4.5152    4.5564    5.2217    5.3892    7.2776    7.6808    9.7975   11.0676   11.7164   12.4632   13.7955   14.8807   15.1510   16.4515   17.2430   19.1872   19.6752   19.7122   20.5261
  4.4629  -49.3613  -49.2974  -49.2920  -44.3421  -44.2813  -44.2738  -23.7693  -23.3135  -23.2549  -23.2119   -7.2095   -6.4214   -6.1232   -5.8720   -5.4785   -5.2598   -5.1471   -5.1192   -4.4117   -4.1700   -3.9801   -3.6908   -2.6966   -2.4980   -2.2591   -1.1643   -0.9054    2.7358    3.9478    4.5158    4.5567    5.2467    5.3914    7.3216    7.7347    9.7724   10.9696   11.8475   12.4433   13.7991   14.8539   14.9152   16.4467   17.2014   19.3797   19.8630   19.9776   20.6680
  4.4944  -49.3613  -49.2974  -49.2920  -44.3421  -44.2813  -44.2738  -23.7777  -23.3066  -23.2540  -23.2110   -7.2323   -6.4466   -6.1221   -5.8868   -5.4263   -5.2598   -5.1648   -5.1342   -4.3922   -4.1184   -3.9659   -3.6746   -2.6991   -2.5036   -2.2633   -1.1906   -0.9053    2.6471    3.9453    4.5164    4.5569    5.2689    5.3937    7.3620    7.7862    9.7365   10.8815   11.9942   12.4319   13.8018   14.6800   14.8295   16.4426   17.1645   19.5789   20.0071   20.2817   20.8101
  4.5258  -49.3613  -49.2974  -49.2920  -44.3421  -44.2813  -44.2738  -23.7848  -23.3005  -23.2531  -23.2103   -7.2534   -6.4671   -6.1212   -5.8993   -5.3809   -5.2594   -5.1799   -5.1474   -4.3750   -4.0698   -3.9538   -3.6608   -2.7017   -2.5089   -2.2667   -1.2170   -0.9051    2.5706    3.9432    4.5170    4.5571    5.2883    5.3958    7.3979    7.8341    9.6959   10.8048   12.1414   12.4384   13.8039   14.4473   14.8079   16.4395   17.1328   19.7838   20.1412   20.5848   20.9489
  4.5572  -49.3613  -49.2974  -49.2920  -44.3421  -44.2813  -44.2738  -23.7906  -23.2954  -23.2522  -23.2094   -7.2719   -6.4833   -6.1203   -5.9095   -5.3431   -5.2588   -5.1925   -5.1586   -4.3604   -4.0261   -3.9439   -3.6496   -2.7041   -2.5136   -2.2695   -1.2416   -0.9050    2.5069    3.9415    4.5175    4.5573    5.3044    5.3977    7.4287    7.8768    9.6558   10.7404   12.2527   12.4947   13.8056   14.2188   14.7897   16.4372   17.1065   19.9925   20.2611   20.8829   21.0813
  4.5887  -49.3613  -49.2974  -49.2920  -44.3421  -44.2813  -44.2737  -23.7950  -23.2916  -23.2517  -23.2088   -7.2872   -6.4954   -6.1197   -5.9175   -5.3133   -5.2581   -5.2023   -5.1676   -4.3487   -3.9894   -3.9361   -3.6409   -2.7063   -2.5176   -2.2715   -1.2631   -0.9049    2.4567    3.9402    4.5180    4.5574    5.3172    5.3994    7.4536    7.9126    9.6203   10.6890   12.2964   12.6272   13.8069   13.9968   14.7752   16.4354   17.0858   20.2015   20.3624   21.1550   21.2200
  4.6201  -49.3613  -49.2974  -49.2920  -44.3421  -44.2813  -44.2737  -23.7984  -23.2887  -23.2511  -23.2082   -7.2985   -6.5039   -6.1193   -5.9232   -5.2919   -5.2574   -5.2094   -5.1743   -4.3403   -3.9615   -3.9305   -3.6348   -2.7081   -2.5205   -2.2729   -1.2796   -0.9048    2.4205    3.9393    4.5183    4.5576    5.3264    5.4006    7.4719    7.9396    9.5925   10.6519   12.3070   12.7945   13.7873   13.8077   14.7646   16.4345   17.0709   20.4025   20.4395   21.2823   21.4702
  4.6515  -49.3613  -49.2974  -49.2920  -44.3421  -44.2813  -44.2737  -23.8004  -23.2871  -23.2509  -23.2079   -7.3055   -6.5088   -6.1190   -5.9266   -5.2790   -5.2569   -5.2136   -5.1784   -4.3351   -3.9441   -3.9272   -3.6311   -2.7092   -2.5224   -2.2737   -1.2902   -0.9048    2.3986    3.9387    4.5185    4.5576    5.3319    5.4013    7.4831    7.9566    9.5747   10.6293   12.3091   12.9532   13.6078   13.8082   14.7581   16.4338   17.0619   20.4879   20.5725   21.3463   21.4228
  4.6830  -49.3613  -49.2974  -49.2920  -44.3421  -44.2813  -44.2737  -23.8011  -23.2865  -23.2508  -23.2078   -7.3078   -6.5104   -6.1189   -5.9278   -5.2746   -5.2568   -5.2150   -5.1798   -4.3334   -3.9381   -3.9260   -3.6299   -2.7096   -2.5230   -2.2740   -1.2938   -0.9048    2.3913    3.9385    4.5186    4.5576    5.3338    5.4016    7.4868    7.9623    9.5686   10.6217   12.3094   13.0323   13.5223   13.8084   14.7560   16.4336   17.0589   20.5045   20.6488   21.3441   21.3689
  4.6830  -49.3613  -49.2974  -49.2920  -44.3421  -44.2813  -44.2737  -23.8011  -23.2865  -23.2508  -23.2078   -7.3078   -6.5104   -6.1189   -5.9278   -5.2746   -5.2568   -5.2150   -5.1798   -4.3334   -3.9381   -3.9260   -3.6299   -2.7096   -2.5230   -2.2740   -1.2938   -0.9048    2.3913    3.9385    4.5186    4.5576    5.3338    5.4016    7.4868    7.9623    9.5686   10.6217   12.3094   13.0323   13.5223   13.8084   14.7560   16.4336   17.0589   20.5045   20.6488   21.3444   21.3700
  4.7063  -49.3613  -49.2974  -49.2920  -44.3421  -44.2813  -44.2738  -23.8007  -23.2867  -23.2508  -23.2078   -7.3067   -6.5099   -6.1191   -5.9270   -5.2778   -5.2577   -5.2141   -5.1775   -4.3354   -3.9403   -3.9268   -3.6304   -2.7089   -2.5224   -2.2741   -1.2929   -0.9055    2.3954    3.9391    4.5184    4.5574    5.3333    5.4008    7.4878    7.9629    9.5707   10.6242   12.3079   13.0083   13.5460   13.8093   14.7549   16.4340   17.0522   20.4830   20.6346   21.3615   21.3717
  4.7296  -49.3613  -49.2974  -49.2921  -44.3421  -44.2813  -44.2738  -23.7996  -23.2873  -23.2509  -23.2079   -7.3032   -6.5082   -6.1196   -5.9246   -5.2865   -5.2604   -5.2113   -5.1713   -4.3414   -3.9467   -3.9292   -3.6322   -2.7069   -2.5205   -2.2743   -1.2902   -0.9077    2.4076    3.9408    4.5178    4.5565    5.3318    5.3985    7.4907    7.9646    9.5769   10.6318   12.3036   12.9471   13.6060   13.8124   14.7517   16.4352   17.0325   20.4205   20.5968   21.3613   21.4272
  4.7529  -49.3612  -49.2974  -49.2922  -44.3421  -44.2813  -44.2740  -23.7978  -23.2882  -23.2511  -23.2082   -7.2975   -6.5054   -6.1205   -5.9206   -5.2992   -5.2650   -5.2065   -5.1628   -4.3516   -3.9571   -3.9329   -3.6352   -2.7036   -2.5175   -2.2746   -1.2857   -0.9114    2.4278    3.9437    4.5167    4.5551    5.3291    5.3947    7.4952    7.9676    9.5871   10.6444   12.2963   12.8659   13.6832   13.8188   14.7464   16.4378   16.9999   20.3225   20.5446   21.3444   21.5103
  4.7763  -49.3612  -49.2974  -49.2923  -44.3420  -44.2813  -44.2741  -23.7952  -23.2895  -23.2512  -23.2085   -7.2895   -6.5015   -6.1219   -5.9148   -5.3146   -5.2713   -5.2000   -5.1534   -4.3659   -3.9711   -3.9380   -3.6393   -2.6991   -2.5133   -2.2751   -1.2796   -0.9165    2.4559    3.9478    4.5152    4.5532    5.3252    5.3900    7.5010    7.9722    9.6010   10.6623   12.2862   12.7758   13.7578   13.8368   14.7389   16.4427   16.9550   20.1962   20.4860   21.3067   21.4228
  4.7996  -49.3612  -49.2974  -49.2924  -44.3420  -44.2812  -44.2743  -23.7919  -23.2911  -23.2514  -23.2088   -7.2793   -6.4964   -6.1238   -5.9072   -5.3319   -5.2793   -5.1917   -5.1439   -4.3846   -3.9881   -3.9444   -3.6446   -2.6934   -2.5082   -2.2758   -1.2719   -0.9229    2.4916    3.9529    4.5134    4.5507    5.3199    5.3846    7.5077    7.9789    9.6183   10.6853   12.2731   12.6825   13.7951   13.8948   14.7292   16.4511   16.8985   20.0475   20.4259   21.2273   21.2758
  4.8229  -49.3612  -49.2974  -49.2926  -44.3419  -44.2812  -44.2746  -23.7879  -23.2930  -23.2517  -23.2093   -7.2670   -6.4902   -6.1262   -5.8976   -5.3506   -5.2889   -5.1819   -5.1347   -4.4078   -4.0073   -3.9520   -3.6511   -2.6868   -2.5023   -2.2767   -1.2628   -0.9306    2.5348    3.9592    4.5111    4.5478    5.3129    5.3789    7.5145    7.9880    9.6386   10.7137   12.2570   12.5891   13.8046   13.9790   14.7169   16.4639   16.8315   19.8817   20.3667   21.0664   21.1955
  4.8462  -49.3611  -49.2974  -49.2928  -44.3419  -44.2812  -44.2749  -23.7831  -23.2953  -23.2520  -23.2098   -7.2526   -6.4829   -6.1292   -5.8859   -5.3706   -5.3000   -5.1709   -5.1261   -4.4356   -4.0281   -3.9608   -3.6587   -2.6792   -2.4958   -2.2778   -1.2523   -0.9396    2.5850    3.9665    4.5084    4.5444    5.3044    5.3734    7.5209    8.0001    9.6615   10.7476   12.2374   12.4979   13.8064   14.0665   14.7018   16.4822   16.7550   19.7029   20.3088   20.8993   21.1188
  4.8695  -49.3611  -49.2973  -49.2931  -44.3418  -44.2812  -44.2752  -23.7776  -23.2978  -23.2523  -23.2104   -7.2362   -6.4744   -6.1327   -5.8721   -5.3916   -5.3124   -5.1589   -5.1183   -4.4679   -4.0496   -3.9707   -3.6673   -2.6709   -2.4886   -2.2791   -1.2406   -0.9498    2.6420    3.9749    4.5053    4.5406    5.2944    5.3682    7.5263    8.0156    9.6865   10.7868   12.2133   12.4111   13.8039   14.1518   14.6834   16.5079   16.6705   19.5144   20.2502   20.7397   21.0401
  4.8929  -49.3611  -49.2973  -49.2933  -44.3418  -44.2812  -44.2756  -23.7716  -23.3005  -23.2527  -23.2110   -7.2179   -6.4649   -6.1367   -5.8563   -5.4137   -5.3259   -5.1465   -5.1109   -4.5047   -4.0713   -3.9816   -3.6771   -2.6619   -2.4811   -2.2808   -1.2279   -0.9610    2.7053    3.9843    4.5019    4.5364    5.2831    5.3633    7.5300    8.0348    9.7132   10.8315   12.1828   12.3317   13.7971   14.2334   14.6611   16.5408   16.5804   19.3189   20.1854   20.5950   20.9629
  4.9162  -49.3610  -49.2973  -49.2936  -44.3417  -44.2812  -44.2760  -23.7648  -23.3035  -23.2531  -23.2117   -7.1978   -6.4542   -6.1411   -5.8384   -5.4365   -5.3404   -5.1347   -5.1035   -4.5457   -4.0926   -3.9934   -3.6878   -2.6525   -2.4734   -2.2827   -1.2143   -0.9733    2.7745    3.9947    4.4981    4.5318    5.2710    5.3589    7.5318    8.0579    9.7410   10.8814   12.1415   12.2649   13.7856   14.3101   14.6346   16.4818   16.5862   19.1192   20.1050   20.4751   20.8884
  4.9395  -49.3610  -49.2973  -49.2939  -44.3416  -44.2811  -44.2765  -23.7574  -23.3065  -23.2535  -23.2125   -7.1761   -6.4425   -6.1458   -5.8187   -5.4602   -5.3557   -5.1252   -5.0947   -4.5905   -4.1133   -4.0060   -3.6995   -2.6428   -2.4654   -2.2849   -1.2000   -0.9865    2.8493    4.0061    4.4939    4.5269    5.2586    5.3547    7.5312    8.0849    9.7694   10.9364   12.0867   12.2139   13.7691   14.3806   14.6046   16.3827   16.6375   18.9178   20.0004   20.3891   20.8178
  4.9628  -49.3609  -49.2973  -49.2943  -44.3415  -44.2811  -44.2770  -23.7494  -23.3098  -23.2540  -23.2133   -7.1528   -6.4296   -6.1505   -5.7973   -5.4845   -5.3717   -5.1196   -5.0833   -4.6384   -4.1329   -4.0192   -3.7121   -2.6328   -2.4574   -2.2875   -1.1852   -1.0005    2.9290    4.0183    4.4894    4.5217    5.2463    5.3508    7.5284    8.1156    9.7979   10.9961   12.0227   12.1755   13.7474   14.4389   14.5757   16.2822   16.6962   18.7174   19.8734   20.3349   20.7519
  4.9861  -49.3609  -49.2972  -49.2946  -44.3414  -44.2811  -44.2775  -23.7409  -23.3132  -23.2547  -23.2143   -7.1282   -6.4158   -6.1553   -5.7746   -5.5091   -5.3882   -5.1182   -5.0696   -4.6885   -4.1515   -4.0330   -3.7255   -2.6228   -2.4494   -2.2904   -1.1700   -1.0152    3.0132    4.0314    4.4845    4.5163    5.2346    5.3471    7.5232    8.1499    9.8261   11.0599   11.9563   12.1436   13.7203   14.4600   14.5728   16.1829   16.7589   18.5220   19.7332   20.3029   20.6913
  5.0095  -49.3608  -49.2972  -49.2950  -44.3413  -44.2810  -44.2781  -23.7319  -23.3167  -23.2553  -23.2154   -7.1025   -6.4010   -6.1599   -5.7511   -5.5335   -5.4051   -5.1205   -5.0547   -4.7399   -4.1690   -4.0472   -3.7397   -2.6128   -2.4414   -2.2937   -1.1547   -1.0306    3.1013    4.0453    4.4794    4.5106    5.2241    5.3435    7.5158    8.1873    9.8534   11.1270   11.8907   12.1158   13.6882   14.4274   14.6119   16.0874   16.8201   18.3367   19.5876   20.2849   20.6367
  5.0328  -49.3607  -49.2972  -49.2955  -44.3412  -44.2810  -44.2787  -23.7223  -23.3204  -23.2560  -23.2165   -7.0756   -6.3853   -6.1642   -5.7280   -5.5566   -5.4224   -5.1268   -5.0394   -4.7912   -4.1853   -4.0618   -3.7545   -2.6030   -2.4336   -2.2973   -1.1393   -1.0466    3.1929    4.0600    4.4739    4.5047    5.2151    5.3401    7.5065    8.2273    9.8797   11.1960   11.8277   12.0918   13.6510   14.3718   14.6612   15.9989   16.8708   18.1699   19.4413   20.2756   20.5889
  5.0561  -49.3607  -49.2972  -49.2959  -44.3411  -44.2810  -44.2793  -23.7123  -23.3240  -23.2567  -23.2178   -7.0480   -6.3689   -6.1679   -5.7080   -5.5760   -5.4397   -5.1376   -5.0241   -4.8407   -4.2006   -4.0764   -3.7699   -2.5934   -2.4259   -2.3013   -1.1241   -1.0630    3.2872    4.0754    4.4682    4.4986    5.2083    5.3369    7.4955    8.2695    9.9043   11.2656   11.7675   12.0732   13.6091   14.3060   14.7071   15.9212   16.8966   18.0344   19.2972   20.2713   20.5491
  5.0794  -49.3606  -49.2971  -49.2964  -44.3409  -44.2809  -44.2799  -23.7018  -23.3278  -23.2575  -23.2191   -7.0198   -6.3520   -6.1708   -5.6969   -5.5859   -5.4570   -5.1544   -5.0094   -4.8862   -4.2150   -4.0910   -3.7858   -2.5841   -2.4184   -2.3056   -1.1092   -1.0798    3.3838    4.0915    4.4622    4.4924    5.2041    5.3338    7.4828    8.3135    9.9270   11.3333   11.7093   12.0624   13.5621   14.2334   14.7443   15.8583   16.8799   17.9456   19.1576   20.2691   20.5187
  5.1028  -49.3605  -49.2971  -49.2968  -44.3408  -44.2809  -44.2806  -23.6909  -23.3316  -23.2585  -23.2205   -6.9911   -6.3350   -6.1726   -5.7009   -5.5807   -5.4737   -5.1787   -4.9956   -4.9254   -4.2284   -4.1053   -3.8020   -2.5753   -2.4111   -2.3103   -1.0982   -1.0934    3.4817    4.1083    4.4559    4.4860    5.2029    5.3311    7.4690    8.3587    9.9473   11.3965   11.6524   12.0631   13.5105   14.1562   14.7692   15.8149   16.8091   17.9118   19.0252   20.2667   20.4994
  5.1261  -49.3604  -49.2973  -49.2971  -44.3407  -44.2813  -44.2808  -23.6797  -23.3354  -23.2594  -23.2219   -6.9622   -6.3184   -6.1730   -5.7178   -5.5641   -5.4880   -5.2113   -4.9834   -4.9562   -4.2411   -4.1192   -3.8186   -2.5670   -2.4040   -2.3153   -1.1147   -1.0804    3.5803    4.1257    4.4495    4.4795    5.2053    5.3287    7.4540    8.4050    9.9650   11.4522   11.5957   12.0789   13.4535   14.0764   14.7789   15.7945   16.6885   17.9239   18.9037   20.2631   20.4918
  5.1494  -49.3603  -49.2978  -49.2970  -44.3405  -44.2821  -44.2808  -23.6681  -23.3392  -23.2603  -23.2234   -6.9334   -6.3028   -6.1714   -5.7411   -5.5496   -5.4933   -5.2517   -4.9827   -4.9687   -4.2531   -4.1324   -3.8353   -2.5592   -2.3971   -2.3206   -1.1323   -1.0670    3.6787    4.1439    4.4429    4.4729    5.2117    5.3271    7.4381    8.4518    9.9798   11.4950   11.5415   12.1128   13.3908   13.9959   14.7728   15.7990   16.5327   17.9593   18.7996   20.2594   20.4951
  5.1727  -49.3603  -49.2984  -49.2970  -44.3404  -44.2828  -44.2808  -23.6564  -23.3431  -23.2614  -23.2250   -6.9047   -6.2891   -6.1674   -5.7668   -5.5521   -5.4782   -5.2979   -4.9977   -4.9603   -4.2647   -4.1447   -3.8521   -2.5520   -2.3904   -2.3262   -1.1500   -1.0545    3.7758    4.1628    4.4360    4.4662    5.2223    5.3266    7.4214    8.4989    9.9914   11.4678   11.5459   12.1648   13.3216   13.9166   14.7526   15.8272   16.3556   17.9916   18.7232   20.2580   20.5069
  5.1960  -49.3602  -49.2989  -49.2970  -44.3403  -44.2836  -44.2807  -23.6443  -23.3469  -23.2625  -23.2266   -6.8765   -6.2779   -6.1609   -5.7930   -5.5662   -5.4501   -5.3473   -5.0086   -4.9523   -4.2758   -4.1558   -3.8689   -2.5454   -2.3840   -2.3319   -1.1679   -1.0427    3.8704    4.1828    4.4291    4.4593    5.2368    5.3284    7.4042    8.5460   10.0000   11.4038   11.5772   12.2330   13.2459   13.8403   14.7225   15.8761   16.1665   17.9968   18.6873   20.2628   20.5250
  5.2194  -49.3601  -49.2995  -49.2969  -44.3401  -44.2844  -44.2807  -23.6320  -23.3505  -23.2636  -23.2283   -6.8489   -6.2697   -6.1522   -5.8184   -5.5840   -5.4202   -5.3955   -5.0156   -4.9462   -4.2865   -4.1655   -3.8856   -2.5395   -2.3779   -2.3378   -1.1858   -1.0319    3.9609    4.2044    4.4220    4.4524    5.2534    5.3352    7.3866    8.5929   10.0056   11.3339   11.6064   12.3136   13.1639   13.7682   14.6868   15.9360   15.9765   17.9624   18.6960   20.2771   20.5472
  5.2427  -49.3600  -49.3000  -49.2969  -44.3400  -44.2852  -44.2806  -23.6198  -23.3541  -23.2648  -23.2299   -6.8221   -6.2642   -6.1428   -5.8419   -5.6034   -5.4503   -5.3817   -5.0197   -4.9420   -4.2971   -4.1736   -3.9022   -2.5343   -2.3722   -2.3437   -1.2037   -1.0221    4.0450    4.2288    4.4148    4.4455    5.2682    5.3517    7.3687    8.6393   10.0083   11.2597   11.6341   12.4028   13.0769   13.7012   14.6499   15.7688   16.0236   17.8938   18.7372   20.3041   20.5726
  5.2660  -49.3599  -49.3006  -49.2969  -44.3398  -44.2860  -44.2806  -23.6073  -23.3575  -23.2660  -23.2316   -6.7962   -6.2610   -6.1349   -5.8622   -5.6236   -5.4975   -5.3484   -5.0211   -4.9395   -4.3074   -4.1800   -3.9185   -2.5298   -2.3674   -2.3490   -1.2217   -1.0134    4.1190    4.2587    4.4076    4.4384    5.2772    5.3828    7.3508    8.6852   10.0085   11.1816   11.6606   12.4965   12.9875   13.6398   14.6153   15.5683   16.1130   17.8042   18.7929   20.3458   20.6002
  5.2893  -49.3598  -49.3012  -49.2968  -44.3397  -44.2868  -44.2805  -23.5947  -23.3609  -23.2672  -23.2333   -6.7715   -6.2595   -6.1308   -5.8781   -5.6449   -5.5406   -5.3158   -5.0205   -4.9386   -4.3174   -4.1846   -3.9345   -2.5260   -2.3653   -2.3518   -1.2395   -1.0057    4.1775    4.2985    4.4003    4.4313    5.2812    5.4282    7.3327    8.7302   10.0066   11.1003   11.6848   12.5902   12.8999   13.5842   14.5857   15.3675   16.2107   17.7040   18.8490   20.4017   20.6320
  5.3127  -49.3597  -49.3017  -49.2968  -44.3395  -44.2877  -44.2805  -23.5822  -23.3641  -23.2686  -23.2349   -6.7481   -6.2596   -6.1326   -5.8894   -5.6672   -5.5771   -5.2850   -5.0182   -4.9383   -4.3271   -4.1874   -3.9502   -2.5228   -2.3684   -2.3497   -1.2573   -0.9991    4.2189    4.3493    4.3932    4.4241    5.2824    5.4860    7.3148    8.7744   10.0032   11.0163   11.7041   12.6751   12.8235   13.5361   14.5630   15.1677   16.3144   17.5994   18.8973   20.4664   20.6734
  5.3360  -49.3596  -49.3023  -49.2968  -44.3393  -44.2885  -44.2804  -23.5699  -23.3672  -23.2699  -23.2366   -6.7260   -6.2613   -6.1408   -5.8973   -5.6905   -5.6045   -5.2571   -5.0156   -4.9371   -4.3364   -4.1885   -3.9654   -2.5204   -2.3741   -2.3452   -1.2750   -0.9937    4.2486    4.3849    4.4063    4.4169    5.2824    5.5549    7.2971    8.8174    9.9987   10.9301   11.7139   12.7040   12.8056   13.4984   14.5484   14.9698   16.4223   17.4942   18.9340   20.5263   20.7355
  5.3593  -49.3595  -49.3029  -49.2967  -44.3392  -44.2893  -44.2804  -23.5576  -23.3701  -23.2712  -23.2382   -6.7055   -6.2651   -6.1542   -5.9050   -5.7137   -5.6213   -5.2328   -5.0146   -4.9323   -4.3450   -4.1881   -3.9801   -2.5187   -2.3806   -2.3400   -1.2926   -0.9893    4.2724    4.3781    4.4096    4.4615    5.2818    5.6339    7.2800    8.8590    9.9937   10.8424   11.7086   12.6641   12.8583   13.4769   14.5420   14.7754   16.5321   17.3913   18.9583   20.5684   20.8266
  5.3593  -49.3595  -49.3029  -49.2967  -44.3392  -44.2893  -44.2804  -23.5501  -23.3991  -23.2606  -23.2266   -6.7653   -6.4310   -6.0640   -5.9248   -5.8409   -5.4622   -5.0684   -4.9412   -4.9350   -4.3691   -4.2025   -3.9409   -2.4931   -2.3977   -2.2654   -1.3964   -1.1553    4.2510    4.3719    4.3782    4.8056    5.1756    5.4836    7.2706    8.8426   10.2086   10.7603   11.6683   12.6883   12.7520   13.3821   14.8709   15.0270   16.6278   16.8380   19.0077   20.0530   20.8227
  5.3826  -49.3596  -49.3023  -49.2968  -44.3394  -44.2885  -44.2804  -23.5631  -23.3963  -23.2580  -23.2256   -6.7817   -6.4377   -6.0547   -5.9053   -5.8193   -5.4534   -5.0827   -4.9552   -4.9294   -4.3587   -4.1998   -3.9282   -2.4942   -2.3978   -2.2645   -1.3817   -1.1602    4.2271    4.3775    4.3846    4.7342    5.1585    5.4521    7.2737    8.7972   10.2166   10.8543   11.6883   12.7005   12.7343   13.3875   14.8547   15.2213   16.5445   16.9294   18.9467   20.0474   20.8468
  5.4059  -49.3597  -49.3017  -49.2968  -44.3395  -44.2877  -44.2805  -23.5760  -23.3933  -23.2555  -23.2246   -6.7993   -6.4455   -6.0500   -5.8850   -5.7950   -5.4391   -5.1039   -4.9686   -4.9195   -4.3471   -4.1964   -3.9151   -2.4963   -2.3984   -2.2639   -1.3665   -1.1639    4.2000    4.3826    4.3911    4.6504    5.1498    5.4299    7.2785    8.7514   10.2223   10.9459   11.6936   12.6373   12.7915   13.4114   14.8483   15.4143   16.4512   17.0412   18.8684   20.0523   20.8659
  5.4293  -49.3598  -49.3012  -49.2968  -44.3397  -44.2868  -44.2805  -23.5890  -23.3899  -23.2532  -23.2235   -6.8182   -6.4539   -6.0492   -5.8647   -5.7691   -5.4193   -5.1299   -4.9770   -4.9113   -4.3342   -4.1923   -3.9017   -2.4995   -2.3995   -2.2635   -1.3511   -1.1662    4.1677    4.3859    4.3978    4.5627    5.1478    5.4134    7.2847    8.7054   10.2254   11.0330   11.6900   12.5640   12.8570   13.4511   14.8521   15.5997   16.3662   17.1596   18.7778   20.0661   20.8807
  5.4526  -49.3599  -49.3006  -49.2969  -44.3398  -44.2860  -44.2806  -23.6020  -23.3864  -23.2509  -23.2225   -6.8385   -6.4624   -6.0513   -5.8450   -5.7423   -5.3946   -5.1579   -4.9823   -4.9047   -4.3203   -4.1875   -3.8880   -2.5038   -2.4012   -2.2635   -1.3361   -1.1669    4.1272    4.3824    4.4044    4.4835    5.1505    5.4009    7.2924    8.6594   10.2255   11.1132   11.6836   12.4852   12.9261   13.5039   14.8647   15.7650   16.3033   17.2816   18.6808   20.0867   20.8362
  5.4759  -49.3600  -49.3000  -49.2969  -44.3400  -44.2852  -44.2806  -23.6150  -23.3826  -23.2488  -23.2216   -6.8600   -6.4708   -6.0556   -5.8265   -5.7152   -5.3667   -5.1849   -4.9860   -4.8996   -4.3054   -4.1819   -3.8741   -2.5091   -2.4033   -2.2637   -1.3219   -1.1656    4.0740    4.3531    4.4112    4.4392    5.1564    5.3909    7.3011    8.6133   10.2218   11.1839   11.6792   12.4056   12.9946   13.5678   14.8843   15.8802   16.2925   17.4060   18.5838   20.1115   20.7926
  5.4992  -49.3601  -49.2995  -49.2970  -44.3401  -44.2844  -44.2807  -23.6276  -23.3787  -23.2468  -23.2207   -6.8828   -6.4787   -6.0612   -5.8099   -5.6880   -5.3394   -5.2069   -4.9888   -4.8959   -4.2896   -4.1755   -3.8599   -2.5154   -2.4059   -2.2641   -1.3091   -1.1618    4.0046    4.3015    4.4179    4.4319    5.1645    5.3828    7.3112    8.5673   10.2139   11.2425   11.6789   12.3306   13.0598   13.6408   14.9083   15.9120   16.3657   17.5320   18.4942   20.1383   20.7538
  5.5225  -49.3602  -49.2989  -49.2970  -44.3403  -44.2836  -44.2807  -23.6403  -23.3747  -23.2450  -23.2198   -6.9067   -6.4858   -6.0677   -5.7956   -5.6607   -5.3211   -5.2157   -4.9912   -4.8928   -4.2732   -4.1681   -3.8455   -2.5226   -2.4090   -2.2647   -1.2982   -1.1552    3.9195    4.2549    4.4246    4.4351    5.1742    5.3760    7.3222    8.5216   10.2015   11.2881   11.6805   12.2668   13.1204   13.7205   14.9332   15.8896   16.4910   17.6587   18.4205   20.1647   20.7258
  5.5459  -49.3602  -49.2984  -49.2970  -44.3404  -44.2828  -44.2808  -23.6527  -23.3704  -23.2434  -23.2189   -6.9316   -6.4922   -6.0747   -5.7840   -5.6334   -5.3214   -5.2029   -4.9933   -4.8896   -4.2562   -4.1599   -3.8310   -2.5307   -2.4126   -2.2655   -1.2896   -1.1457    3.8234    4.2175    4.4313    4.4411    5.1852    5.3702    7.3341    8.4763   10.1843   11.3220   11.6774   12.2227   13.1764   13.8044   14.9549   15.8564   16.6212   17.7857   18.3728   20.1883   20.7010
  5.5692  -49.3603  -49.2978  -49.2970  -44.3405  -44.2821  -44.2808  -23.6648  -23.3658  -23.2420  -23.2180   -6.9572   -6.4976   -6.0818   -5.7755   -5.6060   -5.3343   -5.1761   -4.9952   -4.8846   -4.2387   -4.1507   -3.8163   -2.5396   -2.4168   -2.2663   -1.2833   -1.1334    3.7210    4.1868    4.4380    4.4481    5.1971    5.3653    7.3468    8.4314   10.1624   11.3464   11.6616   12.2058   13.2283   13.8896   14.9687   15.8322   16.7310   17.9132   18.3619   20.2073   20.6903
  5.5925  -49.3604  -49.2973  -49.2971  -44.3407  -44.2813  -44.2809  -23.6768  -23.3613  -23.2408  -23.2172   -6.9834   -6.5022   -6.0888   -5.7702   -5.5787   -5.3502   -5.1472   -4.9973   -4.8754   -4.2210   -4.1404   -3.8017   -2.5492   -2.4215   -2.2672   -1.2791   -1.1188    3.6159    4.1605    4.4446    4.4555    5.2096    5.3610    7.3601    8.3873   10.1360   11.3622   11.6320   12.2170   13.2767   13.9732   14.9705   15.8261   16.8061   18.0446   18.3947   20.2202   20.6875
  5.6158  -49.3605  -49.2971  -49.2968  -44.3408  -44.2809  -44.2806  -23.6883  -23.3566  -23.2398  -23.2164   -7.0098   -6.5058   -6.0955   -5.7685   -5.5515   -5.3647   -5.1232   -5.0003   -4.8591   -4.2031   -4.1292   -3.7872   -2.5593   -2.4268   -2.2681   -1.2766   -1.1026    3.5105    4.1372    4.4510    4.4633    5.2226    5.3574    7.3737    8.3439   10.1056   11.3651   11.5993   12.2506   13.3223   14.0527   14.9581   15.8420   16.8411   18.1860   18.4692   20.2274   20.6992
  5.6392  -49.3606  -49.2971  -49.2964  -44.3410  -44.2809  -44.2799  -23.6994  -23.3519  -23.2389  -23.2155   -7.0363   -6.5086   -6.1017   -5.7703   -5.5245   -5.3761   -5.1070   -5.0049   -4.8337   -4.1852   -4.1170   -3.7728   -2.5700   -2.4325   -2.2690   -1.2754   -1.0853    3.4062    4.1159    4.4573    4.4712    5.2359    5.3543    7.3876    8.3017   10.0717   11.3462   11.5811   12.2983   13.3652   14.1255   14.9322   15.8797   16.8402   18.3425   18.5766   20.2304   20.7215
  5.6625  -49.3606  -49.2972  -49.2959  -44.3411  -44.2810  -44.2793  -23.7101  -23.3471  -23.2383  -23.2148   -7.0626   -6.5107   -6.1073   -5.7755   -5.4980   -5.3839   -5.0986   -5.0118   -4.7995   -4.1673   -4.1040   -3.7586   -2.5811   -2.4387   -2.2699   -1.2751   -1.0675    3.3041    4.0962    4.4635    4.4791    5.2494    5.3516    7.4014    8.2608   10.0351   11.3020   11.5870   12.3538   13.4059   14.1894   14.8961   15.9364   16.8132   18.5132   18.7081   20.2312   20.7502
  5.6858  -49.3607  -49.2972  -49.2955  -44.3412  -44.2810  -44.2787  -23.7205  -23.3423  -23.2380  -23.2141   -7.0884   -6.5122   -6.1122   -5.7836   -5.4720   -5.3879   -5.0966   -5.0210   -4.7588   -4.1493   -4.0902   -3.7448   -2.5925   -2.4452   -2.2706   -1.2755   -1.0496    3.2050    4.0778    4.4694    4.4869    5.2629    5.3495    7.4150    8.2215    9.9965   11.2413   11.6123   12.4129   13.4436   14.2419   14.8541   16.0082   16.7706   18.6906   18.8606   20.2323   20.7845
  5.7091  -49.3608  -49.2972  -49.2950  -44.3413  -44.2810  -44.2781  -23.7302  -23.3375  -23.2378  -23.2133   -7.1136   -6.5131   -6.1164   -5.7942   -5.4469   -5.3884   -5.0992   -5.0321   -4.7143   -4.1314   -4.0757   -3.7314   -2.6040   -2.4521   -2.2713   -1.2763   -1.0321    3.1094    4.0606    4.4752    4.4947    5.2762    5.3478    7.4281    8.1842    9.9565   11.1737   11.6498   12.4731   13.4782   14.2806   14.8110   16.0912   16.7208   18.8646   19.0358   20.2357   20.8225
  5.7324  -49.3608  -49.2973  -49.2946  -44.3414  -44.2811  -44.2775  -23.7395  -23.3326  -23.2380  -23.2127   -7.1378   -6.5135   -6.1197   -5.8066   -5.4227   -5.3858   -5.1051   -5.0442   -4.6683   -4.1134   -4.0610   -3.7185   -2.6155   -2.4592   -2.2718   -1.2775   -1.0152    3.0181    4.0445    4.4807    4.5022    5.2891    5.3466    7.4404    8.1491    9.9158   11.1047   11.6953   12.5327   13.5091   14.3026   14.7717   16.1818   16.6701   19.0295   19.2332   20.2432   20.8626
  5.7558  -49.3609  -49.2973  -49.2943  -44.3415  -44.2811  -44.2770  -23.7482  -23.3277  -23.2383  -23.2120   -7.1610   -6.5136   -6.1223   -5.8201   -5.4000   -5.3803   -5.1134   -5.0571   -4.6224   -4.0953   -4.0460   -3.7062   -2.6269   -2.4664   -2.2723   -1.2789   -0.9991    2.9314    4.0294    4.4859    4.5095    5.3014    5.3461    7.4517    8.1167    9.8751   11.0373   11.7465   12.5910   13.5356   14.3054   14.7406   16.2772   16.6221   19.1869   19.4461   20.2562   20.9043
  5.7791  -49.3610  -49.2973  -49.2939  -44.3416  -44.2811  -44.2765  -23.7564  -23.3229  -23.2389  -23.2115   -7.1830   -6.5135   -6.1240   -5.8341   -5.3803   -5.3709   -5.1235   -5.0701   -4.5781   -4.0770   -4.0312   -3.6947   -2.6381   -2.4737   -2.2727   -1.2805   -0.9841    2.8499    4.0154    4.4908    4.5164    5.3126    5.3466    7.4618    8.0872    9.8347   10.9732   11.8018   12.6473   13.5570   14.2884   14.7204   16.3746   16.5794   19.3397   19.6673   20.2761   20.9471
  5.8024  -49.3610  -49.2973  -49.2936  -44.3417  -44.2812  -44.2760  -23.7640  -23.3182  -23.2397  -23.2109   -7.2036   -6.5132   -6.1251   -5.8482   -5.3676   -5.3543   -5.1351   -5.0830   -4.5362   -4.0585   -4.0168   -3.6839   -2.6489   -2.4808   -2.2730   -1.2822   -0.9702    2.7739    4.0025    4.4954    4.5230    5.3217    5.3487    7.4703    8.0608    9.7953   10.9134   11.8603   12.7013   13.5727   14.2536   14.7106   16.4706   16.5443   19.4890   19.8907   20.3057   20.9909
  5.8257  -49.3611  -49.2973  -49.2933  -44.3418  -44.2812  -44.2756  -23.7709  -23.3136  -23.2408  -23.2104   -7.2226   -6.5128   -6.1254   -5.8619   -5.3570   -5.3360   -5.1474   -5.0956   -4.4974   -4.0400   -4.0029   -3.6739   -2.6592   -2.4877   -2.2733   -1.2840   -0.9576    2.7039    3.9906    4.4996    4.5292    5.3278    5.3535    7.4773    8.0379    9.7575   10.8585   11.9206   12.7528   13.5826   14.2057   14.7088   16.5087   16.5715   19.6348   20.1054   20.3530   21.0357
  5.8491  -49.3611  -49.2973  -49.2931  -44.3418  -44.2812  -44.2752  -23.7771  -23.3090  -23.2419  -23.2099   -7.2399   -6.5124   -6.1253   -5.8748   -5.3461   -5.3189   -5.1600   -5.1080   -4.4624   -4.0215   -3.9899   -3.6648   -2.6689   -2.4943   -2.2735   -1.2857   -0.9463    2.6402    3.9799    4.5035    4.5348    5.3310    5.3606    7.4825    8.0184    9.7217   10.8089   11.9818   12.8017   13.5866   14.1494   14.7121   16.4871   16.6609   19.7764   20.2720   20.4557   21.0815
  5.8724  -49.3611  -49.2974  -49.2928  -44.3419  -44.2812  -44.2749  -23.7827  -23.3047  -23.2432  -23.2095   -7.2554   -6.5120   -6.1246   -5.8866   -5.3348   -5.3035   -5.1723   -5.1201   -4.4315   -4.0036   -3.9778   -3.6568   -2.6778   -2.5005   -2.2736   -1.2873   -0.9364    2.5832    3.9704    4.5069    4.5400    5.3324    5.3687    7.4860    8.0024    9.6886   10.7651   12.0427   12.8476   13.5852   14.0890   14.7181   16.4695   16.7460   19.9125   20.3571   20.6444   21.1281
  5.8957  -49.3612  -49.2974  -49.2926  -44.3419  -44.2812  -44.2746  -23.7876  -23.3006  -23.2445  -23.2091   -7.2691   -6.5116   -6.1237   -5.8972   -5.3233   -5.2900   -5.1837   -5.1319   -4.4049   -3.9866   -3.9668   -3.6497   -2.6858   -2.5061   -2.2738   -1.2889   -0.9279    2.5331    3.9620    4.5100    4.5445    5.3331    5.3766    7.4880    7.9897    9.6587   10.7269   12.1016   12.8903   13.5790   14.0281   14.7256   16.4568   16.8238   20.0417   20.4153   20.8616   21.1755
  5.9190  -49.3612  -49.2974  -49.2924  -44.3420  -44.2812  -44.2743  -23.7917  -23.2969  -23.2460  -23.2087   -7.2808   -6.5112   -6.1226   -5.9064   -5.3119   -5.2788   -5.1938   -5.1433   -4.3826   -3.9712   -3.9569   -3.6436   -2.6929   -2.5110   -2.2738   -1.2902   -0.9207    2.4903    3.9549    4.5126    4.5484    5.3334    5.3838    7.4888    7.9800    9.6323   10.6947   12.1571   12.9290   13.5691   13.9696   14.7333   16.4475   16.8924   20.1619   20.4691   21.0787   21.2254
  5.9423  -49.3612  -49.2974  -49.2923  -44.3420  -44.2813  -44.2741  -23.7951  -23.2935  -23.2474  -23.2084   -7.2905   -6.5110   -6.1214   -5.9140   -5.3009   -5.2699   -5.2021   -5.1542   -4.3646   -3.9582   -3.9479   -3.6387   -2.6988   -2.5152   -2.2739   -1.2915   -0.9150    2.4549    3.9490    4.5147    4.5517    5.3336    5.3900    7.4888    7.9728    9.6100   10.6684   12.2071   12.9632   13.5569   13.9164   14.7406   16.4413   16.9507   20.2708   20.5208   21.2384   21.3276
  5.9657  -49.3612  -49.2974  -49.2922  -44.3421  -44.2813  -44.2740  -23.7977  -23.2906  -23.2488  -23.2082   -7.2980   -6.5107   -6.1204   -5.9200   -5.2909   -5.2635   -5.2083   -5.1640   -4.3508   -3.9486   -3.9396   -3.6348   -2.7034   -2.5186   -2.2739   -1.2924   -0.9105    2.4272    3.9445    4.5164    4.5543    5.3337    5.3949    7.4882    7.9679    9.5922   10.6479   12.2494   12.9919   13.5443   13.8715   14.7470   16.4374   16.9972   20.3649   20.5687   21.2914   21.5271
  5.9890  -49.3613  -49.2974  -49.2921  -44.3421  -44.2813  -44.2738  -23.7995  -23.2884  -23.2498  -23.2079   -7.3035   -6.5106   -6.1196   -5.9243   -5.2825   -5.2594   -5.2123   -5.1722   -4.3411   -3.9426   -3.9325   -3.6321   -2.7068   -2.5210   -2.2740   -1.2932   -0.9073    2.4073    3.9412    4.5176    4.5561    5.3337    5.3986    7.4876    7.9647    9.5792   10.6333   12.2819   13.0137   13.5330   13.8372   14.7518   16.4352   17.0312   20.4394   20.6094   21.3190   21.4493
  6.0123  -49.3613  -49.2974  -49.2920  -44.3421  -44.2813  -44.2738  -23.8007  -23.2870  -23.2505  -23.2078   -7.3067   -6.5105   -6.1191   -5.9269   -5.2767   -5.2574   -5.2144   -5.1778   -4.3353   -3.9392   -3.9277   -3.6304   -2.7089   -2.5225   -2.2740   -1.2936   -0.9054    2.3953    3.9392    4.5184    4.5573    5.3338    5.4009    7.4870    7.9629    9.5713   10.6246   12.3024   13.0276   13.5251   13.8157   14.7549   16.4340   17.0519   20.4877   20.6382   21.3379   21.3936
  6.0356  -49.3613  -49.2974  -49.2920  -44.3421  -44.2813  -44.2737  -23.8011  -23.2865  -23.2508  -23.2078   -7.3078   -6.5104   -6.1189   -5.9278   -5.2746   -5.2568   -5.2150   -5.1798   -4.3334   -3.9381   -3.9260   -3.6299   -2.7096   -2.5230   -2.2740   -1.2938   -0.9048    2.3913    3.9385    4.5186    4.5576    5.3338    5.4016    7.4868    7.9623    9.5686   10.6217   12.3094   13.0323   13.5223   13.8084   14.7560   16.4336   17.0589   20.5045   20.6488   21.3443   21.3691
  6.0356  -49.3613  -49.2974  -49.2920  -44.3421  -44.2813  -44.2737  -23.8011  -23.2865  -23.2508  -23.2078   -7.3078   -6.5104   -6.1189   -5.9278   -5.2746   -5.2568   -5.2150   -5.1798   -4.3334   -3.9381   -3.9260   -3.6299   -2.7096   -2.5230   -2.2740   -1.2938   -0.9048    2.3913    3.9385    4.5186    4.5576    5.3338    5.4016    7.4868    7.9623    9.5686   10.6217   12.3094   13.0323   13.5223   13.8084   14.7560   16.4336   17.0589   20.5045   20.6488   21.3441   21.3690
  6.0685  -49.3612  -49.2974  -49.2921  -44.3421  -44.2813  -44.2738  -23.8003  -23.2865  -23.2509  -23.2078   -7.3058   -6.5097   -6.1194   -5.9260   -5.2827   -5.2603   -5.2127   -5.1722   -4.3395   -3.9406   -3.9276   -3.6309   -2.7074   -2.5211   -2.2746   -1.2938   -0.9078    2.3996    3.9406    4.5179    4.5566    5.3336    5.3987    7.4954    7.9709    9.5699   10.6231   12.3065   13.0250   13.5224   13.8091   14.7493   16.4349   17.0295   20.4375   20.6827   21.3425   21.3801
  6.1013  -49.3612  -49.2974  -49.2923  -44.3420  -44.2813  -44.2741  -23.7983  -23.2865  -23.2514  -23.2081   -7.2998   -6.5075   -6.1210   -5.9206   -5.3019   -5.2711   -5.2058   -5.1543   -4.3576   -3.9479   -3.9323   -3.6340   -2.7008   -2.5155   -2.2764   -1.2939   -0.9167    2.4240    3.9468    4.5156    4.5534    5.3331    5.3899    7.5209    7.9964    9.5736   10.6274   12.2971   13.0042   13.5227   13.8113   14.7286   16.4392   16.9447   20.2679   20.7805   21.3864   21.4863
  6.1341  -49.3612  -49.2974  -49.2926  -44.3419  -44.2812  -44.2746  -23.7946  -23.2864  -23.2519  -23.2081   -7.2897   -6.5039   -6.1235   -5.9117   -5.3260   -5.2887   -5.1945   -5.1323   -4.3871   -3.9598   -3.9401   -3.6392   -2.6904   -2.5063   -2.2793   -1.2941   -0.9311    2.4645    3.9570    4.5119    4.5483    5.3324    5.3761    7.5631    8.0383    9.5797   10.6347   12.2792   12.9733   13.5230   13.8149   14.6926   16.4499   16.8136   20.0459   20.9315   21.2184   21.3356
  6.1669  -49.3611  -49.2973  -49.2931  -44.3418  -44.2812  -44.2752  -23.7895  -23.2865  -23.2527  -23.2083   -7.2758   -6.4989   -6.1264   -5.8992   -5.3520   -5.3128   -5.1793   -5.1092   -4.4270   -3.9760   -3.9510   -3.6465   -2.6769   -2.4938   -2.2834   -1.2944   -0.9507    2.5205    3.9711    4.5068    4.5413    5.3314    5.3578    7.6213    8.0956    9.5877   10.6448   12.2492   12.9376   13.5232   13.8197   14.6395   16.4684   16.6470   19.8009   20.9210   21.1219   21.3196
  6.1998  -49.3610  -49.2973  -49.2936  -44.3417  -44.2812  -44.2761  -23.7830  -23.2864  -23.2538  -23.2086   -7.2581   -6.4926   -6.1296   -5.8832   -5.3788   -5.3430   -5.1607   -5.0863   -4.4762   -3.9962   -3.9649   -3.6561   -2.6610   -2.4783   -2.2884   -1.2947   -0.9751    2.5913    3.9888    4.5003    4.5326    5.3302    5.3360    7.6950    8.1671    9.5977   10.6579   12.2031   12.9036   13.5231   13.8257   14.5686   16.4553   16.4991   19.5479   20.6300   21.2986   21.3423
  6.2326  -49.3609  -49.2973  -49.2943  -44.3415  -44.2811  -44.2770  -23.7750  -23.2861  -23.2546  -23.2085   -7.2367   -6.4851   -6.1324   -5.8638   -5.4056   -5.3785   -5.1394   -5.0640   -4.5335   -4.0199   -3.9820   -3.6680   -2.6437   -2.4603   -2.2944   -1.2950   -1.0034    2.6763    4.0099    4.4926    4.5225    5.3119    5.3289    7.7832    8.2516    9.6091   10.6743   12.1374   12.8772   13.5224   13.8329   14.4801   16.2472   16.5436   19.2945   20.3455   21.2733   21.3950
  6.2654  -49.3608  -49.2972  -49.2951  -44.3413  -44.2810  -44.2781  -23.7657  -23.2861  -23.2558  -23.2086   -7.2118   -6.4766   -6.1346   -5.8409   -5.4320   -5.4187   -5.1159   -5.0429   -4.5974   -4.0466   -4.0019   -3.6823   -2.6257   -2.4401   -2.3011   -1.2953   -1.0350    2.7743    4.0341    4.4836    4.5111    5.2862    5.3277    7.8849    8.3476    9.6213   10.6934   12.0508   12.8617   13.5204   13.8407   14.3756   16.0290   16.6023   19.0451   20.0684   21.2266   21.2652
  6.2982  -49.3607  -49.2972  -49.2959  -44.3411  -44.2810  -44.2793  -23.7554  -23.2861  -23.2573  -23.2089   -7.1837   -6.4671   -6.1356   -5.8147   -5.4629   -5.4579   -5.0911   -5.0231   -4.6667   -4.0758   -4.0248   -3.6991   -2.6080   -2.4181   -2.3084   -1.2955   -1.0691    2.8844    4.0611    4.4735    4.4987    5.2600    5.3266    7.9990    8.4539    9.6333   10.7153   11.9446   12.8575   13.5166   13.8488   14.2581   15.8056   16.6750   18.8025   19.7991   20.8793   21.1971
  6.3311  -49.3605  -49.2971  -49.2968  -44.3408  -44.2809  -44.2807  -23.7437  -23.2864  -23.2587  -23.2090   -7.1526   -6.4569   -6.1350   -5.7852   -5.5102   -5.4829   -5.0656   -5.0049   -4.7402   -4.1069   -4.0503   -3.7184   -2.5912   -2.3948   -2.3163   -1.2957   -1.1050    3.0053    4.0906    4.4624    4.4854    5.2340    5.3258    8.1245    8.5691    9.6445   10.7405   11.8226   12.8627   13.5106   13.8570   14.1317   15.5803   16.7610   18.5689   19.5383   20.5455   21.1312
  6.3639  -49.3603  -49.2978  -49.2970  -44.3405  -44.2821  -44.2808  -23.7309  -23.2868  -23.2599  -23.2089   -7.1186   -6.4461   -6.1326   -5.7526   -5.5597   -5.5070   -5.0405   -4.9884   -4.8167   -4.1394   -4.0781   -3.7405   -2.5758   -2.3705   -2.3244   -1.2956   -1.1418    3.1359    4.1225    4.4504    4.4715    5.2090    5.3255    8.2601    8.6922    9.6534   10.7689   11.6890   12.8737   13.5016   13.8650   14.0014   15.3560   16.8586   18.3460   19.2866   20.2170   21.0596
  6.3967  -49.3602  -49.2989  -49.2970  -44.3403  -44.2836  -44.2807  -23.7173  -23.2875  -23.2617  -23.2092   -7.0823   -6.4350   -6.1279   -5.7168   -5.6107   -5.5298   -5.0164   -4.9737   -4.8951   -4.1728   -4.1078   -3.7653   -2.5624   -2.3457   -2.3327   -1.2952   -1.1790    3.2747    4.1565    4.4378    4.4572    5.1854    5.3260    8.4046    8.8217    9.6583   10.8003   11.5482   12.8856   13.4886   13.8723   13.8732   15.1342   16.9659   18.1352   19.0444   19.8968   20.9741
  6.4296  -49.3600  -49.3000  -49.2969  -44.3399  -44.2852  -44.2806  -23.7024  -23.2885  -23.2632  -23.2092   -7.0439   -6.4238   -6.1206   -5.6781   -5.6621   -5.5514   -4.9945   -4.9745   -4.9610   -4.2066   -4.1388   -3.7930   -2.5513   -2.3411   -2.3205   -1.2946   -1.2157    3.4199    4.1930    4.4245    4.4426    5.1637    5.3276    8.5568    8.9569    9.6570   10.8349   11.4047   12.8917   13.4709   13.7553   13.8783   14.9163   17.0805   17.9380   18.8125   19.5884   20.8767
  6.4624  -49.3598  -49.3012  -49.2968  -44.3396  -44.2869  -44.2805  -23.6872  -23.2901  -23.2650  -23.2094   -7.0038   -6.4129   -6.1106   -5.7132   -5.6365   -5.5716   -5.0540   -4.9758   -4.9504   -4.2403   -4.1705   -3.8236   -2.5428   -2.3493   -2.2955   -1.2935   -1.2514    3.5691    4.2324    4.4107    4.4280    5.1439    5.3305    8.7153    9.0965    9.6463   10.8727   11.2632   12.8827   13.4474   13.6586   13.8822   14.7034   17.1978   17.7554   18.5914   19.2961   20.7646
  6.4952  -49.3596  -49.3023  -49.2967  -44.3393  -44.2885  -44.2804  -23.6706  -23.2918  -23.2666  -23.2094   -6.9625   -6.4024   -6.0975   -5.7630   -5.5921   -5.5903   -5.1326   -4.9615   -4.9419   -4.2734   -4.2017   -3.8571   -2.5369   -2.3573   -2.2707   -1.2920   -1.2855    3.7191    4.2766    4.3968    4.4134    5.1265    5.3357    8.8791    9.2400    9.6230   10.9140   11.1291   12.8481   13.4175   13.5949   13.8842   14.4963   17.3106   17.5891   18.3820   19.0277   20.6434
  6.5280  -49.3594  -49.3035  -49.2967  -44.3390  -44.2902  -44.2803  -23.6537  -23.2942  -23.2683  -23.2095   -6.9204   -6.3929   -6.0813   -5.8107   -5.6075   -5.5452   -5.2098   -4.9528   -4.9356   -4.3054   -4.2315   -3.8936   -2.5337   -2.3649   -2.2466   -1.3178   -1.2901    3.8642    4.3287    4.3826    4.3991    5.1115    5.3438    9.0465    9.3862    9.5824   10.9583   11.0076   12.7822   13.3799   13.5710   13.8830   14.2953   17.4044   17.4395   18.1849   18.7977   20.5114
  6.5609  -49.3592  -49.3047  -49.2966  -44.3387  -44.2919  -44.2802  -23.6363  -23.2972  -23.2701  -23.2096   -6.8782   -6.3846   -6.0618   -5.8554   -5.6231   -5.4958   -5.2848   -4.9509   -4.9315   -4.3359   -4.2586   -3.9330   -2.5332   -2.3721   -2.2232   -1.3478   -1.2877    3.9961    4.3686    4.3851    4.3952    5.0987    5.3560    9.2164    9.5204    9.5344   10.9040   11.0059   12.6891   13.3342   13.5844   13.8780   14.1010   17.3077   17.4527   18.0007   18.6324   20.3741
  6.5937  -49.3590  -49.3058  -49.2965  -44.3384  -44.2935  -44.2801  -23.6185  -23.3006  -23.2717  -23.2097   -6.8364   -6.3777   -6.0390   -5.8963   -5.6371   -5.4442   -5.3569   -4.9571   -4.9297   -4.3645   -4.2818   -3.9752   -2.5352   -2.3787   -2.2008   -1.3754   -1.2849    4.1041    4.3547    4.3716    4.4838    5.0881    5.3742    9.3874    9.4341    9.6838   10.8224   11.0569   12.5781   13.2797   13.6265   13.8688   13.9136   17.1940   17.4218   17.8304   18.5655   20.2326
  6.6265  -49.3588  -49.3069  -49.2965  -44.3381  -44.2951  -44.2800  -23.6005  -23.3050  -23.2735  -23.2100   -6.7957   -6.3723   -6.0127   -5.9330   -5.6495   -5.4256   -5.3905   -4.9719   -4.9299   -4.3910   -4.3004   -4.0202   -2.5393   -2.3848   -2.1796   -1.4004   -1.2817    4.1831    4.3412    4.3586    4.5955    5.0795    5.4013    9.3220    9.5578    9.8336   10.7639   11.1110   12.4581   13.2163   13.6895   13.7334   13.8546   17.0984   17.3032   17.6745   18.6051   20.0896
  6.6593  -49.3587  -49.3080  -49.2964  -44.3378  -44.2966  -44.2799  -23.5823  -23.3100  -23.2751  -23.2101   -6.7571   -6.3683   -5.9830   -5.9651   -5.6604   -5.4903   -5.3350   -4.9956   -4.9321   -4.4150   -4.3140   -4.0677   -2.5453   -2.3903   -2.1597   -1.4228   -1.2783    4.2383    4.3283    4.3465    4.7193    5.0729    5.4424    9.1869    9.7261    9.9830   10.7275   11.1685   12.3354   13.1443   13.5606   13.7679   13.8354   17.0208   17.1248   17.5337   18.7233   19.9478
  6.6922  -49.3585  -49.3090  -49.2963  -44.3375  -44.2980  -44.2798  -23.5640  -23.3156  -23.2766  -23.2102   -6.7214   -6.3650   -5.9926   -5.9498   -5.6697   -5.5504   -5.2778   -5.0278   -4.9359   -4.4363   -4.3228   -4.1176   -2.5528   -2.3952   -2.1414   -1.4425   -1.2746    4.2780    4.3161    4.3351    4.8391    5.0679    5.5043    9.0326    9.8905   10.1312   10.7099   11.2290   12.2140   13.0642   13.3956   13.8107   13.8588   16.9170   16.9600   17.4086   18.8888   19.8097
  6.7250  -49.3584  -49.3099  -49.2963  -44.3373  -44.2994  -44.2797  -23.5463  -23.3227  -23.2782  -23.2105   -6.6897   -6.3615   -6.0160   -5.9132   -5.6777   -5.6053   -5.2193   -5.0676   -4.9412   -4.4551   -4.3274   -4.1696   -2.5613   -2.3995   -2.1246   -1.4598   -1.2710    4.3047    4.3079    4.3247    4.9410    5.0642    5.5941    8.8627   10.0490   10.2769   10.7069   11.2924   12.0965   12.9765   13.2384   13.7804   13.9599   16.6978   16.9146   17.2989   19.0830   19.6774
  6.7578  -49.3582  -49.3108  -49.2962  -44.3370  -44.3006  -44.2797  -23.5283  -23.3302  -23.2795  -23.2106   -6.6631   -6.3564   -6.0362   -5.8734   -5.6843   -5.6544   -5.1599   -5.1136   -4.9474   -4.4711   -4.3288   -4.2233   -2.5703   -2.4032   -2.1096   -1.4746   -1.2674    4.2943    4.3152    4.3312    5.0180    5.0617    5.7146    8.6819   10.1993   10.4190   10.7159   11.3585   11.9850   12.8842   13.0897   13.7465   14.0705   16.4765   16.8833   17.2052   19.2956   19.5534
  6.7907  -49.3581  -49.3115  -49.2962  -44.3368  -44.3017  -44.2796  -23.5103  -23.3386  -23.2806  -23.2107   -6.6422   -6.3483   -6.0545   -5.8304   -5.6970   -5.6898   -5.1645   -5.0999   -4.9542   -4.4845   -4.3280   -4.2784   -2.5794   -2.4063   -2.0963   -1.4870   -1.2639    4.2850    4.3069    4.3497    5.0602    5.0717    5.8613    8.4945   10.3390   10.5558   10.7333   11.4266   11.8814   12.7886   12.9500   13.7092   14.1900   16.2576   16.8636   17.1268   19.4405   19.5207
  6.8235  -49.3580  -49.3122  -49.2961  -44.3366  -44.3026  -44.2795  -23.4931  -23.3476  -23.2816  -23.2107   -6.6274   -6.3367   -6.0720   -5.7844   -5.7329   -5.6941   -5.2191   -5.0400   -4.9610   -4.4955   -4.3341   -4.3258   -2.5881   -2.4089   -2.0850   -1.4972   -1.2608    4.2769    4.2998    4.3642    5.0593    5.1080    6.0250    8.3041   10.4652   10.6850   10.7563   11.4957   11.7869   12.6928   12.8202   13.6709   14.3179   16.0435   16.8533   17.0632   19.3401   19.6948
  6.8563  -49.3579  -49.3127  -49.2961  -44.3365  -44.3034  -44.2795  -23.4765  -23.3574  -23.2824  -23.2108   -6.6180   -6.3216   -6.0894   -5.7616   -5.7356   -5.6974   -5.2761   -4.9811   -4.9673   -4.5042   -4.3896   -4.3231   -2.5959   -2.4109   -2.0756   -1.5053   -1.2581    4.2701    4.2938    4.3754    5.0589    5.1325    6.1967    8.1150   10.5748   10.7821   10.8034   11.5641   11.7034   12.6007   12.7022   13.6337   14.4540   15.8357   16.8496   17.0133   19.2548   19.5820
  6.8891  -49.3578  -49.3132  -49.2961  -44.3364  -44.3040  -44.2794  -23.4606  -23.3677  -23.2830  -23.2107   -6.6127   -6.3044   -6.1069   -5.7832   -5.6998   -5.6844   -5.3345   -4.9727   -4.9249   -4.5107   -4.4432   -4.3204   -2.6024   -2.4125   -2.0682   -1.5115   -1.2559    4.2648    4.2891    4.3837    5.0588    5.1489    6.3672    7.9332   10.6650   10.8080   10.9067   11.6289   11.6333   12.5173   12.5990   13.6005   14.5983   15.6351   16.8502   16.9762   19.1862   19.5093
  6.9220  -49.3578  -49.3135  -49.2960  -44.3363  -44.3045  -44.2794  -23.4461  -23.3784  -23.2834  -23.2107   -6.6101   -6.2874   -6.1234   -5.7981   -5.7015   -5.6313   -5.3931   -4.9769   -4.8745   -4.5153   -4.4918   -4.3182   -2.6073   -2.4136   -2.0629   -1.5159   -1.2542    4.2610    4.2858    4.3895    5.0588    5.1594    6.5238    7.7690   10.7321   10.8306   10.9887   11.5795   11.6850   12.4490   12.5153   13.5739   14.7508   15.4422   16.8524   16.9505   19.1359   19.4555
  6.9548  -49.3578  -49.3137  -49.2961  -44.3362  -44.3047  -44.2794  -23.4343  -23.3882  -23.2839  -23.2110   -6.6091   -6.2740   -6.1363   -5.8067   -5.7025   -5.5781   -5.4498   -4.9795   -4.8365   -4.5287   -4.5180   -4.3167   -2.6104   -2.4143   -2.0598   -1.5185   -1.2532    4.2586    4.2837    4.3929    5.0589    5.1653    6.6439    7.6446   10.7735   10.8458   11.0420   11.5448   11.7245   12.4034   12.4588   13.5566   14.9113   15.2570   16.8542   16.9352   19.1051   19.4223
  6.9876  -49.3578  -49.3137  -49.2961  -44.3362  -44.3048  -44.2794  -23.4290  -23.3930  -23.2841  -23.2111   -6.6088   -6.2687   -6.1413   -5.8095   -5.7028   -5.5413   -5.4878   -4.9804   -4.8215   -4.5434   -4.5189   -4.3162   -2.6114   -2.4145   -2.0587   -1.5194   -1.2529    4.2578    4.2830    4.3940    5.0589    5.1672    6.6919    7.5955   10.7877   10.8513   11.0609   11.5327   11.7391   12.3872   12.4385   13.5506   15.0798   15.0804   16.8549   16.9302   19.0947   19.4111
  6.9876  -49.3578  -49.3137  -49.2961  -44.3362  -44.3048  -44.2794  -23.4290  -23.3930  -23.2841  -23.2111   -6.6088   -6.2687   -6.1413   -5.8095   -5.7028   -5.5413   -5.4878   -4.9804   -4.8215   -4.5434   -4.5189   -4.3162   -2.6114   -2.4145   -2.0587   -1.5194   -1.2529    4.2578    4.2830    4.3940    5.0589    5.1672    6.6919    7.5955   10.7877   10.8513   11.0609   11.5327   11.7391   12.3872   12.4385   13.5506   15.0798   15.0804   16.8549   16.9302   19.0947   19.4111
  7.0109  -49.3578  -49.3137  -49.2961  -44.3362  -44.3048  -44.2794  -23.4304  -23.3917  -23.2842  -23.2111   -6.6087   -6.2710   -6.1397   -5.8106   -5.7027   -5.5530   -5.4741   -4.9803   -4.8249   -4.5388   -4.5185   -4.3166   -2.6111   -2.4146   -2.0592   -1.5194   -1.2527    4.2580    4.2831    4.3940    5.0588    5.1675    6.6798    7.6084   10.7387   10.8962   11.0533   11.5332   11.7269   12.3987   12.4481   13.5521   14.9922   15.1643   16.8549   16.9355   19.0977   19.4148
  7.0343  -49.3578  -49.3137  -49.2961  -44.3362  -44.3047  -44.2794  -23.4340  -23.3881  -23.2842  -23.2111   -6.6084   -6.2775   -6.1352   -5.8139   -5.7028   -5.5742   -5.4470   -4.9802   -4.8344   -4.5257   -4.5174   -4.3175   -2.6103   -2.4147   -2.0605   -1.5197   -1.2522    4.2586    4.2835    4.3939    5.0585    5.1681    6.6463    7.6458   10.6641   10.9587   11.0319   11.5342   11.6959   12.4140   12.4911   13.5561   14.9031   15.2426   16.8551   16.9516   19.1066   19.4257
  7.0576  -49.3578  -49.3136  -49.2961  -44.3363  -44.3046  -44.2794  -23.4391  -23.3834  -23.2845  -23.2112   -6.6079   -6.2872   -6.1287   -5.8192   -5.7032   -5.5953   -5.4160   -4.9799   -4.8484   -4.5156   -4.5057   -4.3190   -2.6089   -2.4150   -2.0628   -1.5201   -1.2513    4.2595    4.2840    4.3937    5.0581    5.1693    6.5956    7.7029   10.5825   10.9862   11.0286   11.5346   11.6580   12.4221   12.5676   13.5612   14.8155   15.3130   16.8553   16.9783   19.1210   19.4435
  7.0809  -49.3578  -49.3135  -49.2961  -44.3363  -44.3045  -44.2794  -23.4449  -23.3780  -23.2848  -23.2114   -6.6074   -6.2987   -6.1212   -5.8265   -5.7046   -5.6141   -5.3833   -4.9796   -4.8652   -4.5130   -4.4808   -4.3208   -2.6069   -2.4153   -2.0660   -1.5207   -1.2501    4.2607    4.2848    4.3935    5.0574    5.1710    6.5328    7.7745   10.4953   10.9372   11.0846   11.5326   11.6252   12.4293   12.6624   13.5650   14.7329   15.3740   16.8561   17.0159   19.1407   19.4680
  7.1042  -49.3578  -49.3133  -49.2961  -44.3363  -44.3043  -44.2794  -23.4511  -23.3723  -23.2852  -23.2116   -6.6071   -6.3112   -6.1134   -5.8354   -5.7077   -5.6292   -5.3497   -4.9792   -4.8833   -4.5097   -4.4525   -4.3228   -2.6044   -2.4157   -2.0700   -1.5215   -1.2485    4.2624    4.2858    4.3931    5.0564    5.1732    6.4622    7.8567   10.4024   10.8724   11.1394   11.5248   11.6067   12.4380   12.7668   13.5641   14.6592   15.4245   16.8573   17.0647   19.1652   19.4987
  7.1276  -49.3578  -49.3132  -49.2961  -44.3364  -44.3040  -44.2794  -23.4576  -23.3667  -23.2858  -23.2119   -6.6072   -6.3235   -6.1057   -5.8458   -5.7134   -5.6400   -5.3159   -4.9787   -4.9016   -4.5057   -4.4221   -4.3245   -2.6013   -2.4162   -2.0748   -1.5224   -1.2465    4.2644    4.2870    4.3926    5.0552    5.1761    6.3865    7.9463   10.3035   10.7971   11.1888   11.5133   11.6040   12.4493   12.8759   13.5544   14.5988   15.4636   16.8591   17.1243   19.1938   19.5350
  7.1509  -49.3579  -49.3130  -49.2961  -44.3364  -44.3037  -44.2795  -23.4642  -23.3613  -23.2866  -23.2123   -6.6081   -6.3349   -6.0986   -5.8574   -5.7218   -5.6464   -5.2825   -4.9781   -4.9195   -4.5011   -4.3906   -4.3254   -2.5978   -2.4168   -2.0804   -1.5234   -1.2443    4.2667    4.2883    4.3918    5.0535    5.1796    6.3082    8.0411   10.1985   10.7145   11.2295   11.5067   11.6115   12.4638   12.9862   13.5327   14.5559   15.4915   16.8617   17.1944   19.2258   19.5763
  7.1742  -49.3579  -49.3127  -49.2961  -44.3365  -44.3034  -44.2795  -23.4707  -23.3559  -23.2873  -23.2128   -6.6101   -6.3445   -6.0922   -5.8699   -5.7324   -5.6491   -5.2500   -4.9774   -4.9365   -4.4958   -4.3605   -4.3235   -2.5938   -2.4174   -2.0868   -1.5245   -1.2416    4.2693    4.2899    4.3908    5.0515    5.1838    6.2288    8.1400   10.0877   10.6273   11.2578   11.5124   11.6249   12.4819   13.0942   13.4973   14.5338   15.5086   16.8653   17.2744   19.2603   19.6217
  7.1975  -49.3579  -49.3125  -49.2961  -44.3366  -44.3030  -44.2795  -23.4773  -23.3508  -23.2882  -23.2133   -6.6136   -6.3516   -6.0870   -5.8830   -5.7441   -5.6493   -5.2188   -4.9767   -4.9521   -4.4899   -4.3402   -4.3104   -2.5893   -2.4181   -2.0938   -1.5256   -1.2387    4.2722    4.2917    4.3895    5.0490    5.1888    6.1493    8.2416    9.9712   10.5374   11.2720   11.5334   11.6422   12.5039   13.1933   13.4523   14.5332   15.5157   16.8698   17.3630   19.2966   19.6705
  7.2208  -49.3580  -49.3122  -49.2961  -44.3366  -44.3026  -44.2795  -23.4837  -23.3461  -23.2891  -23.2139   -6.6186   -6.3558   -6.0830   -5.8963   -5.7565   -5.6478   -5.1894   -4.9762   -4.9661   -4.4833   -4.3338   -4.2823   -2.5845   -2.4187   -2.1015   -1.5267   -1.2355    4.2755    4.2936    4.3878    5.0460    5.1946    6.0707    8.3453    9.8497   10.4463   11.2743   11.5676   11.6624   12.5301   13.2573   13.4245   14.5530   15.5144   16.8754   17.4593   19.3336   19.7221
  7.2442  -49.3580  -49.3119  -49.2962  -44.3367  -44.3022  -44.2796  -23.4900  -23.3418  -23.2900  -23.2144   -6.6255   -6.3567   -6.0805   -5.9096   -5.7689   -5.6453   -5.1623   -4.9803   -4.9738   -4.4762   -4.3300   -4.2505   -2.5793   -2.4193   -2.1097   -1.5276   -1.2320    4.2790    4.2958    4.3857    5.0424    5.2012    5.9934    8.4504    9.7239   10.3549   11.2690   11.6102   11.6852   12.5604   13.2315   13.4703   14.5905   15.5061   16.8817   17.5618   19.3709   19.7757
  7.2675  -49.3581  -49.3115  -49.2962  -44.3368  -44.3017  -44.2796  -23.4961  -23.3380  -23.2906  -23.2150   -6.6339   -6.3540   -6.0799   -5.9224   -5.7813   -5.6419   -5.1377   -4.9908   -4.9733   -4.4686   -4.3255   -4.2185   -2.5738   -2.4199   -2.1184   -1.5284   -1.2283    4.2828    4.2981    4.3831    5.0383    5.2085    5.9182    8.5563    9.5947   10.2639   11.2597   11.6576   11.7098   12.5950   13.1540   13.5542   14.6427   15.4927   16.8887   17.6693   19.4078   19.8322
  7.2908  -49.3582  -49.3112  -49.2962  -44.3369  -44.3011  -44.2796  -23.5019  -23.3349  -23.2911  -23.2157   -6.6438   -6.3480   -6.0814   -5.9344   -5.7936   -5.6378   -5.1160   -5.0002   -4.9723   -4.4604   -4.3195   -4.1872   -2.5680   -2.4203   -2.1275   -1.5287   -1.2244    4.2868    4.3006    4.3800    5.0334    5.2167    5.8455    8.6621    9.4630   10.1736   11.2485   11.7074   11.7356   12.6337   13.0618   13.6421   14.7065   15.4764   16.8961   17.7806   19.4443   19.8878
  7.3141  -49.3582  -49.3108  -49.2962  -44.3370  -44.3006  -44.2797  -23.5076  -23.3328  -23.2913  -23.2164   -6.6546   -6.3388   -6.0854   -5.9452   -5.8056   -5.6330   -5.0974   -5.0080   -4.9711   -4.4518   -4.3121   -4.1570   -2.5620   -2.4206   -2.1369   -1.5286   -1.2204    4.2911    4.3033    4.3764    5.0279    5.2255    5.7756    8.7667    9.3304   10.0846   11.2365   11.7581   11.7619   12.6759   12.9650   13.7268   14.7787   15.4595   16.9034   17.8943   19.4806   19.9459
  7.3374  -49.3583  -49.3104  -49.2963  -44.3371  -44.3000  -44.2797  -23.5129  -23.3316  -23.2908  -23.2171   -6.6662   -6.3269   -6.0920   -5.9545   -5.8173   -5.6276   -5.0818   -5.0139   -4.9699   -4.4427   -4.3031   -4.1282   -2.5558   -2.4207   -2.1467   -1.5279   -1.2162    4.2956    4.3062    4.3721    5.0216    5.2349    5.7092    8.8660    9.2010    9.9974   11.2239   11.7862   11.8102   12.7204   12.8695   13.8066   14.8559   15.4455   16.9103   18.0092   19.5169   20.0059
  7.3608  -49.3584  -49.3099  -49.2963  -44.3373  -44.2994  -44.2797  -23.5180  -23.3316  -23.2898  -23.2178   -6.6779   -6.3126   -6.1012   -5.9624   -5.8287   -5.6214   -5.0696   -5.0179   -4.9686   -4.4333   -4.2929   -4.1010   -2.5495   -2.4205   -2.1566   -1.5265   -1.2120    4.3003    4.3093    4.3673    5.0143    5.2448    5.6464    8.9348    9.0998    9.9126   11.2108   11.8080   11.8623   12.7478   12.7983   13.8813   14.9329   15.4390   16.9164   18.1240   19.5534   20.0675
  7.3841  -49.3584  -49.3095  -49.2963  -44.3374  -44.2987  -44.2798  -23.5229  -23.3327  -23.2883  -23.2185   -6.6896   -6.2964   -6.1125   -5.9689   -5.8396   -5.6145   -5.0608   -5.0195   -4.9673   -4.4236   -4.2819   -4.0757   -2.5431   -2.4201   -2.1667   -1.5241   -1.2077    4.3051    4.3125    4.3619    5.0061    5.2548    5.5880    8.8744    9.1244    9.8318   11.1968   11.8239   11.9149   12.6816   12.8313   13.9511   15.0027   15.4470   16.9209   18.2375   19.5903   20.1312
  7.4074  -49.3585  -49.3090  -49.2963  -44.3375  -44.2980  -44.2798  -23.5273  -23.3349  -23.2863  -23.2193   -6.7010   -6.2794   -6.1249   -5.9744   -5.8500   -5.6068   -5.0557   -5.0184   -4.9660   -4.4138   -4.2704   -4.0524   -2.5368   -2.4193   -2.1768   -1.5207   -1.2034    4.3101    4.3161    4.3559    4.9968    5.2645    5.5347    8.7479    9.2091    9.7578   11.1810   11.8307   11.9683   12.6110   12.8834   14.0171   15.0561   15.4783   16.9236   18.3483   19.6274   20.1975
  7.4307  -49.3586  -49.3085  -49.2964  -44.3377  -44.2973  -44.2799  -23.5315  -23.3378  -23.2840  -23.2201   -6.7117   -6.2631   -6.1366   -5.9793   -5.8596   -5.5982   -5.0535   -5.0148   -4.9646   -4.4040   -4.2590   -4.0313   -2.5305   -2.4182   -2.1870   -1.5162   -1.1991    4.3152    4.3198    4.3494    4.9861    5.2732    5.4874    8.6120    9.2904    9.6980   11.1625   11.8254   12.0231   12.5563   12.9378   14.0805   15.0876   15.5382   16.9238   18.4552   19.6646   20.2667
  7.4541  -49.3587  -49.3080  -49.2964  -44.3378  -44.2966  -44.2799  -23.5352  -23.3416  -23.2814  -23.2209   -6.7217   -6.2508   -6.1442   -5.9841   -5.8682   -5.5887   -5.0533   -5.0098   -4.9631   -4.3944   -4.2480   -4.0124   -2.5245   -2.4168   -2.1970   -1.5104   -1.1948    4.3202    4.3238    4.3425    4.9741    5.2793    5.4479    8.4739    9.3436    9.6702   11.1395   11.8067   12.0796   12.5218   12.9925   14.1427   15.0997   15.6235   16.9212   18.5569   19.7012   20.3391
  7.4774  -49.3588  -49.3075  -49.2964  -44.3379  -44.2959  -44.2800  -23.5386  -23.3461  -23.2788  -23.2216   -6.7309   -6.2479   -6.1424   -5.9890   -5.8757   -5.5782   -5.0540   -5.0040   -4.9615   -4.3852   -4.2380   -3.9958   -2.5187   -2.4149   -2.2069   -1.5032   -1.1906    4.3245    4.3276    4.3363    4.9605    5.2802    5.4188    8.3355    9.3450    9.6963   11.1099   11.7769   12.1381   12.5076   13.0463   14.2054   15.0996   15.7268   16.9151   18.6519   19.7370   20.4156
  7.5007  -49.3589  -49.3069  -49.2965  -44.3381  -44.2951  -44.2800  -23.5414  -23.3511  -23.2762  -23.2223   -6.7390   -6.2564   -6.1289   -5.9944   -5.8816   -5.5668   -5.0552   -4.9976   -4.9596   -4.3766   -4.2292   -3.9815   -2.5133   -2.4128   -2.2165   -1.4945   -1.1864    4.3227    4.3313    4.3362    4.9453    5.2735    5.4031    8.1975    9.3037    9.7663   11.0717   11.7413   12.1991   12.5109   13.0983   14.2703   15.0930   15.8415   16.9053   18.7391   19.7715   20.4963
  7.5240  -49.3589  -49.3064  -49.2965  -44.3383  -44.2943  -44.2801  -23.5439  -23.3567  -23.2736  -23.2230   -6.7461   -6.2733   -6.1071   -6.0003   -5.8857   -5.5543   -5.0566   -4.9909   -4.9575   -4.3690   -4.2218   -3.9694   -2.5084   -2.4103   -2.2257   -1.4844   -1.1821    4.3148    4.3361    4.3409    4.9285    5.2594    5.4002    8.0602    9.2434    9.8558   11.0232   11.7065   12.2627   12.5276   13.1474   14.3388   15.0835   15.9632   16.8917   18.8171   19.8052   20.5809
  7.5473  -49.3590  -49.3058  -49.2966  -44.3384  -44.2935  -44.2801  -23.5460  -23.3627  -23.2711  -23.2237   -6.7521   -6.2949   -6.0811   -6.0064   -5.8876   -5.5410   -5.0582   -4.9838   -4.9550   -4.3627   -4.2160   -3.9596   -2.5040   -2.4077   -2.2345   -1.4729   -1.1779    4.3055    4.3413    4.3465    4.9101    5.2419    5.4062    7.9242    9.1766    9.9512   10.9644   11.6778   12.3291   12.5536   13.1934   14.4124   15.0729   16.0890   16.8741   18.8843   19.8389   20.6715
  7.5707  -49.3591  -49.3052  -49.2966  -44.3386  -44.2927  -44.2802  -23.5477  -23.3692  -23.2687  -23.2243   -6.7570   -6.3193   -6.0552   -6.0105   -5.8869   -5.5267   -5.0599   -4.9763   -4.9520   -4.3583   -4.2116   -3.9519   -2.5002   -2.4050   -2.2426   -1.4599   -1.1736    4.2955    4.3467    4.3525    4.8904    5.2243    5.4172    7.7896    9.1078   10.0453   10.8977   11.6581   12.3982   12.5858   13.2360   14.4921   15.0621   16.2168   16.8531   18.9393   19.8738   20.7528
  7.5940  -49.3592  -49.3047  -49.2966  -44.3387  -44.2919  -44.2802  -23.5490  -23.3762  -23.2664  -23.2249   -6.7607   -6.3456   -6.0413   -6.0021   -5.8832   -5.5116   -5.0617   -4.9682   -4.9486   -4.3562   -4.2085   -3.9462   -2.4972   -2.4024   -2.2499   -1.4456   -1.1693    4.2850    4.3525    4.3587    4.8698    5.2085    5.4313    7.6567    9.0392   10.1315   10.8293   11.6481   12.4699   12.6219   13.2755   14.5783   15.0515   16.3441   16.8299   18.9805   19.9112   20.8049
  7.6173  -49.3593  -49.3041  -49.2967  -44.3389  -44.2910  -44.2803  -23.5497  -23.3835  -23.2643  -23.2255   -6.7633   -6.3732   -6.0448   -5.9770   -5.8754   -5.4957   -5.0638   -4.9597   -4.9447   -4.3570   -4.2062   -3.9426   -2.4950   -2.4002   -2.2563   -1.4301   -1.1648    4.2741    4.3586    4.3651    4.8485    5.1951    5.4474    7.5257    8.9718   10.1988   10.7713   11.6473   12.5439   12.6608   13.3123   14.6712   15.0414   16.4669   16.8080   19.0064   19.9530   20.8213
  7.6406  -49.3594  -49.3035  -49.2967  -44.3390  -44.2902  -44.2803  -23.5501  -23.3911  -23.2623  -23.2261   -6.7648   -6.4017   -6.0536   -5.9492   -5.8621   -5.4792   -5.0660   -4.9507   -4.9402   -4.3612   -4.2043   -3.9408   -2.4936   -2.3985   -2.2615   -1.4137   -1.1602    4.2627    4.3651    4.3716    4.8270    5.1842    5.4649    7.3970    8.9061   10.2295   10.7428   11.6543   12.6185   12.7027   13.3475   14.7698   15.0323   16.5729   16.7992   19.0157   20.0000   20.8289
  7.6640  -49.3595  -49.3029  -49.2967  -44.3392  -44.2893  -44.2804  -23.5501  -23.3991  -23.2606  -23.2266   -6.7653   -6.4310   -6.0640   -5.9248   -5.8409   -5.4622   -5.0684   -4.9412   -4.9350   -4.3691   -4.2025   -3.9409   -2.4931   -2.3977   -2.2654   -1.3964   -1.1553    4.2510    4.3719    4.3782    4.8056    5.1756    5.4836    7.2706    8.8426   10.2086   10.7603   11.6683   12.6883   12.7520   13.3821   14.8709   15.0270   16.6278   16.8380   19.0077   20.0530   20.8232
  7.6640  -49.3595  -49.3029  -49.2967  -44.3392  -44.2893  -44.2804  -23.5576  -23.3701  -23.2712  -23.2382   -6.7055   -6.2651   -6.1542   -5.9050   -5.7137   -5.6213   -5.2328   -5.0146   -4.9323   -4.3450   -4.1881   -3.9801   -2.5187   -2.3806   -2.3400   -1.2926   -0.9893    4.2724    4.3781    4.4096    4.4615    5.2818    5.6339    7.2800    8.8590    9.9937   10.8424   11.7086   12.6641   12.8583   13.4769   14.5420   14.7754   16.5321   17.3913   18.9583   20.5684   20.8282
  7.6873  -49.3594  -49.3035  -49.2967  -44.3390  -44.2902  -44.2803  -23.5568  -23.3621  -23.2721  -23.2393   -6.6935   -6.2520   -6.1538   -5.9043   -5.7396   -5.6394   -5.2309   -5.0239   -4.9373   -4.3417   -4.1999   -3.9724   -2.5192   -2.3921   -2.3285   -1.3089   -0.9878    4.2830    4.3710    4.4031    4.4698    5.2893    5.6305    7.4066    8.9192   10.0124   10.8263   11.6989   12.6136   12.7846   13.4396   14.4585   14.7729   16.4635   17.3832   18.9297   20.4697   20.7902
  7.7106  -49.3593  -49.3041  -49.2967  -44.3389  -44.2910  -44.2803  -23.5557  -23.3546  -23.2729  -23.2403   -6.6815   -6.2411   -6.1569   -5.9015   -5.7627   -5.6531   -5.2290   -5.0323   -4.9420   -4.3414   -4.2122   -3.9665   -2.5204   -2.4027   -2.3165   -1.3248   -0.9882    4.2930    4.3641    4.3965    4.4825    5.2948    5.6291    7.5361    8.9817   10.0004   10.8353   11.6944   12.5660   12.7113   13.4011   14.3791   14.7743   16.3864   17.3768   18.8929   20.3714   20.7417
  7.7339  -49.3592  -49.3047  -49.2966  -44.3387  -44.2918  -44.2802  -23.5543  -23.3476  -23.2739  -23.2412   -6.6693   -6.2338   -6.1612   -5.8989   -5.7831   -5.6606   -5.2272   -5.0397   -4.9463   -4.3440   -4.2247   -3.9628   -2.5220   -2.4124   -2.3041   -1.3403   -0.9905    4.3024    4.3572    4.3899    4.4992    5.2981    5.6300    7.6680    9.0458    9.9620   10.8638   11.6959   12.5216   12.6403   13.3592   14.3069   14.7772   16.3024   17.3707   18.8480   20.2749   20.6853
  7.7572  -49.3591  -49.3052  -49.2966  -44.3385  -44.2927  -44.2802  -23.5525  -23.3410  -23.2750  -23.2420   -6.6570   -6.2326   -6.1628   -5.8988   -5.8017   -5.6599   -5.2256   -5.0466   -4.9503   -4.3491   -4.2373   -3.9616   -2.5240   -2.4209   -2.2914   -1.3553   -0.9947    4.3113    4.3505    4.3833    4.5198    5.2992    5.6334    7.8022    9.1108    9.9052   10.9027   11.7042   12.4802   12.5741   13.3124   14.2431   14.7810   16.2134   17.3637   18.7948   20.1813   20.6244
  7.7806  -49.3590  -49.3058  -49.2965  -44.3384  -44.2935  -44.2801  -23.5502  -23.3352  -23.2761  -23.2426   -6.6446   -6.2398   -6.1581   -5.9022   -5.8194   -5.6508   -5.2243   -5.0529   -4.9540   -4.3566   -4.2496   -3.9632   -2.5265   -2.4283   -2.2784   -1.3698   -1.0008    4.3197    4.3441    4.3768    4.5440    5.2980    5.6397    7.9384    9.1750    9.8379   10.9439   11.7193   12.4392   12.5174   13.2601   14.1873   14.7852   16.1211   17.3549   18.7337   20.0915   20.5572
  7.8039  -49.3590  -49.3064  -49.2965  -44.3382  -44.2943  -44.2801  -23.5477  -23.3300  -23.2774  -23.2428   -6.6321   -6.2537   -6.1478   -5.9084   -5.8365   -5.6345   -5.2232   -5.0591   -4.9574   -4.3660   -4.2616   -3.9677   -2.5294   -2.4343   -2.2651   -1.3836   -1.0085    4.3273    4.3383    4.3704    4.5712    5.2946    5.6491    8.0762    9.2351    9.7679   10.9815   11.7397   12.3930   12.4785   13.2025   14.1388   14.7895   16.0273   17.3437   18.6646   20.0064   20.4881
  7.8272  -49.3589  -49.3069  -49.2965  -44.3381  -44.2951  -44.2800  -23.5447  -23.3256  -23.2786  -23.2427   -6.6195   -6.2713   -6.1340   -5.9165   -5.8529   -5.6129   -5.2224   -5.0653   -4.9604   -4.3770   -4.2729   -3.9752   -2.5327   -2.4391   -2.2517   -1.3969   -1.0177    4.3290    4.3383    4.3640    4.6012    5.2892    5.6616    8.2154    9.2843    9.7054   11.0123   11.7631   12.3407   12.4610   13.1402   14.0962   14.7932   15.9337   17.3299   18.5881   19.9267   20.4162
  7.8505  -49.3588  -49.3075  -49.2964  -44.3379  -44.2958  -44.2800  -23.5414  -23.3220  -23.2800  -23.2421   -6.6067   -6.2909   -6.1182   -5.9258   -5.8680   -5.5882   -5.2218   -5.0717   -4.9632   -4.3893   -4.2834   -3.9859   -2.5363   -2.4427   -2.2381   -1.4095   -1.0283    4.3239    4.3449    4.3579    4.6336    5.2821    5.6776    8.3557    9.3078    9.6666   11.0354   11.7853   12.2869   12.4631   13.0745   14.0579   14.7955   15.8425   17.3133   18.5049   19.8531   20.3419
  7.8739  -49.3587  -49.3080  -49.2964  -44.3378  -44.2966  -44.2799  -23.5378  -23.3194  -23.2812  -23.2413   -6.5939   -6.3110   -6.1013   -5.9357   -5.8810   -5.5622   -5.2213   -5.0785   -4.9655   -4.4024   -4.2930   -3.9997   -2.5403   -2.4451   -2.2246   -1.4213   -1.0402    4.3183    4.3510    4.3527    4.6679    5.2735    5.6972    8.4963    9.2897    9.6689   11.0511   11.8026   12.2347   12.4831   13.0068   14.0227   14.7945   15.7560   17.2941   18.4156   19.7859   20.2651
  7.8972  -49.3586  -49.3085  -49.2964  -44.3377  -44.2973  -44.2799  -23.5337  -23.3178  -23.2824  -23.2400   -6.5811   -6.3309   -6.0842   -5.9458   -5.8914   -5.5364   -5.2209   -5.0859   -4.9674   -4.4158   -4.3017   -4.0165   -2.5444   -2.4464   -2.2110   -1.4325   -1.0530    4.3127    4.3457    4.3588    4.7035    5.2637    5.7204    8.6364    9.2342    9.7093   11.0605   11.8125   12.1855   12.5194   12.9383   13.9897   14.7881   15.6768   17.2726   18.3213   19.7254   20.1861
  7.9205  -49.3585  -49.3090  -49.2963  -44.3375  -44.2980  -44.2798  -23.5293  -23.3173  -23.2833  -23.2383   -6.5686   -6.3500   -6.0683   -5.9546   -5.8987   -5.5121   -5.2205   -5.0936   -4.9687   -4.4292   -4.3095   -4.0362   -2.5488   -2.4466   -2.1977   -1.4429   -1.0667    4.3072    4.3400    4.3650    4.7399    5.2532    5.7477    8.7733    9.1606    9.7715   11.0649   11.8145   12.1399   12.5684   12.8706   13.9587   14.7736   15.6079   17.2492   18.2227   19.6717   20.1054
  7.9438  -49.3584  -49.3095  -49.2963  -44.3374  -44.2987  -44.2798  -23.5246  -23.3178  -23.2839  -23.2365   -6.5567   -6.3674   -6.0557   -5.9599   -5.9032   -5.4906   -5.2201   -5.1014   -4.9694   -4.4422   -4.3163   -4.0586   -2.5534   -2.4461   -2.1845   -1.4526   -1.0811    4.3021    4.3344    4.3707    4.7765    5.2421    5.7791    8.8928    9.0938    9.8443   11.0656   11.8099   12.0979   12.6240   12.8063   13.9302   14.7483   15.5520   17.2242   18.1210   19.6251   20.0233
  7.9671  -49.3584  -49.3099  -49.2963  -44.3373  -44.2994  -44.2797  -23.5196  -23.3195  -23.2842  -23.2344   -6.5462   -6.3825   -6.0497   -5.9585   -5.9048   -5.4731   -5.2199   -5.1086   -4.9693   -4.4544   -4.3223   -4.0833   -2.5581   -2.4448   -2.1716   -1.4615   -1.0958    4.2971    4.3290    4.3758    4.8126    5.2308    5.8148    8.9134    9.1202    9.9225   11.0634   11.8003   12.0595   12.6707   12.7563   13.9055   14.7103   15.5107   17.1981   18.0171   19.5852   19.9406
  7.9905  -49.3583  -49.3104  -49.2963  -44.3371  -44.3000  -44.2797  -23.5143  -23.3219  -23.2845  -23.2321   -6.5378   -6.3939   -6.0513   -5.9497   -5.9030   -5.4606   -5.2206   -5.1140   -4.9680   -4.4655   -4.3276   -4.1101   -2.5629   -2.4429   -2.1592   -1.4697   -1.1108    4.2924    4.3239    4.3803    4.8478    5.2195    5.8551    8.8363    9.2406   10.0034   11.0594   11.7876   12.0244   12.6544   12.7697   13.8867   14.6597   15.4840   17.1714   17.9119   19.5520   19.8578
  8.0138  -49.3582  -49.3108  -49.2962  -44.3370  -44.3006  -44.2797  -23.5088  -23.3251  -23.2846  -23.2298   -6.5328   -6.4005   -6.0583   -5.9373   -5.8965   -5.4542   -5.2233   -5.1163   -4.9656   -4.4755   -4.3322   -4.1386   -2.5677   -2.4407   -2.1472   -1.4771   -1.1259    4.2880    4.3189    4.3841    4.8812    5.2086    5.9000    8.7409    9.3769   10.0854   11.0539   11.7733   11.9922   12.6032   12.8134   13.8768   14.5985   15.4698   17.1446   17.8065   19.5249   19.7757
  8.0371  -49.3582  -49.3112  -49.2962  -44.3369  -44.3011  -44.2796  -23.5030  -23.3288  -23.2846  -23.2275   -6.5322   -6.4012   -6.0679   -5.9263   -5.8830   -5.4539   -5.2292   -5.1139   -4.9616   -4.4842   -4.3365   -4.1683   -2.5725   -2.4381   -2.1357   -1.4838   -1.1408    4.2839    4.3143    4.3873    4.9126    5.1982    5.9497    8.6409    9.5157   10.1676   11.0476   11.7586   11.9624   12.5515   12.8484   13.8784   14.5304   15.4648   17.1182   17.7016   19.5035   19.6953
  8.0604  -49.3581  -49.3115  -49.2962  -44.3368  -44.3017  -44.2796  -23.4971  -23.3331  -23.2846  -23.2253   -6.5357   -6.3962   -6.0784   -5.9183   -5.8628   -5.4598   -5.2391   -5.1067   -4.9561   -4.4917   -4.3408   -4.1985   -2.5773   -2.4353   -2.1249   -1.4898   -1.1553    4.2801    4.3099    4.3899    4.9414    5.1886    6.0040    8.5391    9.6543   10.2491   11.0407   11.7442   11.9342   12.5044   12.8662   13.8927   14.4602   15.4656   17.0925   17.5982   19.4871   19.6173
  8.0837  -49.3580  -49.3119  -49.2962  -44.3367  -44.3022  -44.2796  -23.4909  -23.3379  -23.2845  -23.2231   -6.5424   -6.3866   -6.0889   -5.9116   -5.8385   -5.4712   -5.2526   -5.0955   -4.9488   -4.4980   -4.3459   -4.2282   -2.5819   -2.4325   -2.1147   -1.4952   -1.1693    4.2765    4.3058    4.3919    4.9672    5.1801    6.0628    8.4367    9.7915   10.3290   11.0335   11.7307   11.9070   12.4637   12.8644   13.9163   14.3950   15.4687   17.0679   17.4972   19.4746   19.5424
  8.1071  -49.3580  -49.3122  -49.2961  -44.3366  -44.3026  -44.2795  -23.4845  -23.3429  -23.2844  -23.2210   -6.5509   -6.3740   -6.0989   -5.9050   -5.8119   -5.4874   -5.2690   -5.0817   -4.9398   -4.5031   -4.3531   -4.2560   -2.5864   -2.4298   -2.1053   -1.4998   -1.1827    4.2733    4.3019    4.3933    4.9897    5.1729    6.1257    8.3346    9.9262   10.4067   11.0263   11.7187   11.8797   12.4304   12.8436   13.9390   14.3461   15.4712   17.0448   17.3997   19.4647   19.4716
  8.1304  -49.3579  -49.3125  -49.2961  -44.3366  -44.3030  -44.2795  -23.4780  -23.3483  -23.2843  -23.2192   -6.5601   -6.3596   -6.1081   -5.8979   -5.7839   -5.5073   -5.2876   -5.0665   -4.9291   -4.5073   -4.3645   -4.2792   -2.5907   -2.4271   -2.0966   -1.5039   -1.1952    4.2704    4.2984    4.3943    5.0088    5.1672    6.1920    8.2334   10.0576   10.4815   11.0191   11.7082   11.8518   12.4055   12.8066   13.9427   14.3305   15.4706   17.0233   17.3067   19.4046   19.4575
  8.1537  -49.3579  -49.3127  -49.2961  -44.3365  -44.3034  -44.2795  -23.4714  -23.3538  -23.2842  -23.2175   -6.5693   -6.3443   -6.1163   -5.8900   -5.7551   -5.5302   -5.3080   -5.0512   -4.9168   -4.5105   -4.3823   -4.2957   -2.5947   -2.4246   -2.0888   -1.5074   -1.2067    4.2677    4.2953    4.3949    5.0243    5.1632    6.2612    8.1337   10.1846   10.5528   11.0122   11.6988   11.8232   12.3892   12.7575   13.9153   14.3584   15.4647   17.0039   17.2195   19.3432   19.4508
  8.1770  -49.3579  -49.3130  -49.2961  -44.3364  -44.3037  -44.2795  -23.4648  -23.3596  -23.2841  -23.2159   -6.5779   -6.3291   -6.1233   -5.8812   -5.7258   -5.5551   -5.3298   -5.0363   -4.9032   -4.5131   -4.4059   -4.3054   -2.5984   -2.4223   -2.0818   -1.5104   -1.2171    4.2654    4.2925    4.3951    5.0363    5.1610    6.3321    8.0364   10.3055   10.6202   11.0059   11.6895   11.7944   12.3815   12.7003   13.8635   14.4213   15.4515   16.9864   17.1391   19.2874   19.4443
  8.2004  -49.3578  -49.3132  -49.2961  -44.3364  -44.3040  -44.2794  -23.4581  -23.3654  -23.2840  -23.2146   -6.5858   -6.3146   -6.1291   -5.8714   -5.6963   -5.5812   -5.3529   -5.0225   -4.8885   -4.5150   -4.4326   -4.3106   -2.6017   -2.4203   -2.0757   -1.5129   -1.2264    4.2634    4.2900    4.3951    5.0450    5.1604    6.4035    7.9429   10.4185   10.6832   11.0006   11.6776   11.7683   12.3815   12.6389   13.8010   14.5046   15.4296   16.9711   17.0672   19.2379   19.4378
  8.2237  -49.3578  -49.3133  -49.2961  -44.3363  -44.3043  -44.2794  -23.4516  -23.3714  -23.2840  -23.2134   -6.5926   -6.3014   -6.1337   -5.8604   -5.6671   -5.6074   -5.3769   -5.0102   -4.8733   -4.5164   -4.4599   -4.3134   -2.6045   -2.4185   -2.0706   -1.5149   -1.2343    4.2617    4.2879    4.3950    5.0509    5.1610    6.4737    7.8543   10.5210   10.7409   10.9974   11.6589   11.7490   12.3877   12.5773   13.7367   14.5983   15.3976   16.9576   17.0050   19.1952   19.4313
  8.2470  -49.3578  -49.3135  -49.2961  -44.3363  -44.3045  -44.2794  -23.4453  -23.3773  -23.2840  -23.2126   -6.5984   -6.2899   -6.1370   -5.8484   -5.6439   -5.6273   -5.4017   -4.9998   -4.8582   -4.5174   -4.4859   -4.3149   -2.6070   -2.4171   -2.0663   -1.5165   -1.2409    4.2603    4.2862    4.3947    5.0547    5.1625    6.5401    7.7729   10.6097   10.7914   10.9989   11.6314   11.7392   12.3978   12.5192   13.6765   14.6969   15.3548   16.9418   16.9576   19.1595   19.4250
  8.2703  -49.3578  -49.3136  -49.2961  -44.3363  -44.3046  -44.2794  -23.4393  -23.3829  -23.2840  -23.2119   -6.6029   -6.2808   -6.1392   -5.8358   -5.6606   -5.6060   -5.4271   -4.9914   -4.8441   -4.5181   -4.5089   -4.3156   -2.6089   -2.4160   -2.0630   -1.5178   -1.2461    4.2592    4.2848    4.3944    5.0569    5.1643    6.5997    7.7019   10.6820   10.8293   11.0090   11.5985   11.7365   12.4087   12.4695   13.6247   14.7968   15.3012   16.9079   16.9419   19.1315   19.4194
  8.2936  -49.3578  -49.3137  -49.2960  -44.3362  -44.3047  -44.2794  -23.4342  -23.3879  -23.2840  -23.2114   -6.6062   -6.2741   -6.1405   -5.8234   -5.6815   -5.5787   -5.4523   -4.9853   -4.8323   -4.5272   -4.5186   -4.3160   -2.6103   -2.4151   -2.0606   -1.5187   -1.2499    4.2584    4.2838    4.3942    5.0581    5.1658    6.6481    7.6454   10.7368   10.8492   11.0295   11.5665   11.7372   12.4113   12.4382   13.5847   14.8954   15.2369   16.8788   16.9353   19.1112   19.4150
  8.3170  -49.3578  -49.3137  -49.2961  -44.3362  -44.3048  -44.2794  -23.4305  -23.3916  -23.2841  -23.2112   -6.6082   -6.2701   -6.1411   -5.8135   -5.6969   -5.5540   -5.4755   -4.9816   -4.8243   -4.5392   -4.5188   -4.3162   -2.6111   -2.4147   -2.0592   -1.5192   -1.2521    4.2580    4.2832    4.3940    5.0587    5.1668    6.6802    7.6083   10.7734   10.8529   11.0513   11.5420   11.7385   12.3951   12.4367   13.5592   14.9904   15.1628   16.8610   16.9314   19.0989   19.4121
  8.3403  -49.3578  -49.3137  -49.2961  -44.3362  -44.3048  -44.2794  -23.4290  -23.3930  -23.2841  -23.2111   -6.6088   -6.2687   -6.1413   -5.8095   -5.7028   -5.5413   -5.4878   -4.9804   -4.8215   -4.5434   -4.5189   -4.3162   -2.6114   -2.4145   -2.0587   -1.5194   -1.2529    4.2578    4.2830    4.3940    5.0589    5.1672    6.6919    7.5955   10.7877   10.8513   11.0609   11.5327   11.7391   12.3872   12.4385   13.5506   15.0798   15.0804   16.8549   16.9302   19.0947   19.4111
  8.3403  -49.3578  -49.3137  -49.2961  -44.3362  -44.3048  -44.2794  -23.4290  -23.3930  -23.2841  -23.2111   -6.6088   -6.2687   -6.1413   -5.8095   -5.7028   -5.5413   -5.4878   -4.9804   -4.8215   -4.5434   -4.5189   -4.3162   -2.6114   -2.4145   -2.0587   -1.5194   -1.2529    4.2578    4.2830    4.3940    5.0589    5.1672    6.6919    7.5955   10.7877   10.8513   11.0609   11.5327   11.7391   12.3872   12.4385   13.5506   15.0798   15.0804   16.8549   16.9302   19.0947   19.4111
  8.3625  -49.3578  -49.3137  -49.2961  -44.3362  -44.3048  -44.2794  -23.4289  -23.3929  -23.2842  -23.2112   -6.6080   -6.2696   -6.1421   -5.8153   -5.6977   -5.5403   -5.4880   -4.9819   -4.8201   -4.5423   -4.5189   -4.3163   -2.6114   -2.4148   -2.0591   -1.5197   -1.2519    4.2578    4.2830    4.3945    5.0587    5.1679    6.6931    7.5957   10.7386   10.8946   11.0536   11.5364   11.7339   12.3994   12.4344   13.5570   15.0731   15.0738   16.8607   16.9338   19.0965   19.4103
  8.3847  -49.3577  -49.3137  -49.2960  -44.3362  -44.3048  -44.2794  -23.4284  -23.3923  -23.2843  -23.2114   -6.6056   -6.2720   -6.1443   -5.8298   -5.6853   -5.5372   -5.4885   -4.9863   -4.8160   -4.5391   -4.5189   -4.3163   -2.6112   -2.4157   -2.0602   -1.5205   -1.2489    4.2576    4.2829    4.3961    5.0581    5.1701    6.6980    7.5973   10.6624   10.9545   11.0327   11.5468   11.7197   12.4230   12.4343   13.5758   15.0515   15.0562   16.8777   16.9445   19.1020   19.4085
  8.4070  -49.3577  -49.3137  -49.2960  -44.3362  -44.3048  -44.2794  -23.4278  -23.3916  -23.2847  -23.2120   -6.6015   -6.2760   -6.1482   -5.8485   -5.6706   -5.5316   -5.4894   -4.9936   -4.8093   -4.5339   -4.5188   -4.3164   -2.6110   -2.4171   -2.0620   -1.5221   -1.2441    4.2574    4.2828    4.3987    5.0570    5.1737    6.7056    7.5995   10.5781   10.9989   11.0120   11.5628   11.6998   12.4055   12.4874   13.6043   15.0168   15.0284   16.9047   16.9606   19.1116   19.4071
  8.4292  -49.3577  -49.3137  -49.2960  -44.3362  -44.3048  -44.2794  -23.4271  -23.3907  -23.2854  -23.2128   -6.5958   -6.2815   -6.1537   -5.8687   -5.6566   -5.5231   -5.4906   -5.0037   -4.8004   -4.5267   -4.5185   -4.3164   -2.6107   -2.4191   -2.0645   -1.5242   -1.2373    4.2571    4.2825    4.4023    5.0556    5.1786    6.7162    7.6026   10.4876   10.9535   11.0661   11.5833   11.6777   12.3845   12.5538   13.6393   14.9705   14.9920   16.9404   16.9808   19.1265   19.4085
  8.4514  -49.3577  -49.3137  -49.2960  -44.3362  -44.3048  -44.2794  -23.4261  -23.3895  -23.2862  -23.2139   -6.5886   -6.2884   -6.1611   -5.8886   -5.6451   -5.5112   -5.4919   -5.0164   -4.7894   -4.5202   -4.5157   -4.3162   -2.6103   -2.4216   -2.0677   -1.5268   -1.2289    4.2567    4.2823    4.4068    5.0538    5.1850    6.7300    7.6068   10.3920   10.8981   11.1173   11.6077   11.6562   12.3621   12.6290   13.6771   14.9148   14.9494   16.9837   17.0032   19.1476   19.4151
  8.4737  -49.3577  -49.3137  -49.2960  -44.3362  -44.3048  -44.2794  -23.4251  -23.3882  -23.2874  -23.2154   -6.5798   -6.2965   -6.1704   -5.9074   -5.6368   -5.4961   -5.4934   -5.0317   -4.7769   -4.5193   -4.5053   -4.3157   -2.6099   -2.4247   -2.0716   -1.5301   -1.2188    4.2562    4.2820    4.4121    5.0517    5.1927    6.7466    7.6118   10.2920   10.8336   11.1660   11.6351   11.6369   12.3403   12.7091   13.7138   14.8516   14.9027   17.0262   17.0328   19.1762   19.4290
  8.4959  -49.3577  -49.3137  -49.2960  -44.3362  -44.3048  -44.2794  -23.4239  -23.3867  -23.2886  -23.2169   -6.5696   -6.3057   -6.1817   -5.9246   -5.6314   -5.4951   -5.4785   -5.0493   -4.7632   -4.5192   -4.4924   -4.3147   -2.6094   -2.4283   -2.0761   -1.5337   -1.2071    4.2556    4.2816    4.4182    5.0493    5.2018    6.7662    7.6178   10.1883   10.7615   11.2131   11.6209   11.6653   12.3207   12.7911   13.7459   14.7834   14.8543   17.0485   17.0874   19.2132   19.4522
  8.5181  -49.3577  -49.3137  -49.2960  -44.3362  -44.3048  -44.2794  -23.4224  -23.3849  -23.2900  -23.2187   -6.5580   -6.3156   -6.1949   -5.9398   -5.6283   -5.4969   -5.4592   -5.0690   -4.7487   -4.5191   -4.4776   -4.3131   -2.6089   -2.4324   -2.0812   -1.5378   -1.1942    4.2549    4.2812    4.4249    5.0466    5.2121    6.7889    7.6251   10.0819   10.6828   11.2588   11.6086   11.6980   12.3043   12.8722   13.7704   14.7122   14.8062   17.0696   17.1468   19.2595   19.4858
  8.5403  -49.3577  -49.3137  -49.2960  -44.3362  -44.3048  -44.2794  -23.4207  -23.3828  -23.2916  -23.2206   -6.5451   -6.3261   -6.2100   -5.9529   -5.6270   -5.4988   -5.4391   -5.0905   -4.7341   -4.5191   -4.4614   -4.3106   -2.6084   -2.4369   -2.0869   -1.5423   -1.1801    4.2542    4.2808    4.4322    5.0437    5.2237    6.8144    7.6333    9.9731   10.5985   11.3037   11.6001   11.7329   12.2917   12.9496   13.7845   14.6399   14.7598   17.0891   17.2110   19.3153   19.5305
  8.5626  -49.3577  -49.3137  -49.2960  -44.3362  -44.3048  -44.2794  -23.4188  -23.3805  -23.2932  -23.2228   -6.5312   -6.3368   -6.2265   -5.9640   -5.6269   -5.5011   -5.4188   -5.1135   -4.7197   -4.5191   -4.4437   -4.3070   -2.6078   -2.4418   -2.0931   -1.5471   -1.1649    4.2534    4.2803    4.4399    5.0406    5.2365    6.8430    7.6428    9.8629   10.5098   11.3480   11.5953   11.7697   12.2832   13.0212   13.7871   14.5688   14.7161   17.1078   17.2805   19.3808   19.5863
  8.5848  -49.3577  -49.3137  -49.2960  -44.3362  -44.3048  -44.2794  -23.4170  -23.3782  -23.2951  -23.2252   -6.5166   -6.3471   -6.2443   -5.9734   -5.6277   -5.5039   -5.3987   -5.1376   -4.7060   -4.5191   -4.4249   -4.3021   -2.6073   -2.4471   -2.0999   -1.5523   -1.1491    4.2526    4.2798    4.4479    5.0374    5.2503    6.8742    7.6534    9.7517   10.4176   11.3918   11.5941   11.8080   12.2791   13.0840   13.7770   14.5005   14.6746   17.1261   17.3555   19.4554   19.6523
  8.6070  -49.3578  -49.3137  -49.2961  -44.3362  -44.3048  -44.2794  -23.4151  -23.3758  -23.2973  -23.2280   -6.5018   -6.3564   -6.2628   -5.9811   -5.6291   -5.5075   -5.3791   -5.1623   -4.6935   -4.5191   -4.4052   -4.2958   -2.6069   -2.4527   -2.1070   -1.5576   -1.1326    4.2516    4.2792    4.4561    5.0341    5.2651    6.9084    7.6654    9.6399   10.3228   11.4353   11.5962   11.8474   12.2793   13.1358   13.7549   14.4369   14.6347   17.1454   17.4365   19.5387   19.7280
  8.6293  -49.3578  -49.3137  -49.2961  -44.3362  -44.3048  -44.2794  -23.4128  -23.3729  -23.2995  -23.2308   -6.4879   -6.3634   -6.2818   -5.9874   -5.6309   -5.5123   -5.3603   -5.1871   -4.6824   -4.5191   -4.3846   -4.2879   -2.6064   -2.4585   -2.1145   -1.5630   -1.1157    4.2507    4.2787    4.4643    5.0308    5.2807    6.9456    7.6788    9.5282   10.2265   11.4787   11.6018   11.8881   12.2843   13.1746   13.7225   14.3801   14.5954   17.1672   17.5242   19.6299   19.8121
  8.6515  -49.3578  -49.3137  -49.2961  -44.3362  -44.3048  -44.2794  -23.4104  -23.3700  -23.3018  -23.2337   -6.4767   -6.3664   -6.3009   -5.9927   -5.6330   -5.5188   -5.3425   -5.2113   -4.6730   -4.5192   -4.3636   -4.2785   -2.6061   -2.4645   -2.1223   -1.5685   -1.0987    4.2498    4.2781    4.4725    5.0275    5.2970    6.9856    7.6937    9.4168   10.1297   11.5214   11.6111   11.9292   12.2943   13.1985   13.6815   14.3314   14.5550   17.1927   17.6186   19.7278   19.9034
  8.6737  -49.3578  -49.3137  -49.2961  -44.3362  -44.3048  -44.2794  -23.4079  -23.3669  -23.3042  -23.2367   -6.4700   -6.3632   -6.3198   -5.9971   -5.6351   -5.5276   -5.3256   -5.2342   -4.6655   -4.5192   -4.3422   -4.2676   -2.6058   -2.4706   -2.1302   -1.5741   -1.0817    4.2488    4.2776    4.4806    5.0243    5.3138    7.0285    7.7099    9.3060   10.0328   11.5620   11.6251   11.9700   12.3093   13.2066   13.6340   14.2914   14.5123   17.2229   17.7194   19.8312   20.0003
  8.6959  -49.3578  -49.3137  -49.2961  -44.3362  -44.3048  -44.2794  -23.4053  -23.3637  -23.3068  -23.2400   -6.4691   -6.3525   -6.3382   -6.0007   -5.6374   -5.5394   -5.3099   -5.2551   -4.6598   -4.5193   -4.3208   -4.2553   -2.6057   -2.4768   -2.1383   -1.5796   -1.0649    4.2478    4.2770    4.4884    5.0211    5.3309    7.0742    7.7276    9.1961    9.9368   11.5971   11.6473   12.0098   12.3298   13.1991   13.5818   14.2599   14.4663   17.2586   17.8262   19.9390   20.1015
  8.7182  -49.3578  -49.3137  -49.2961  -44.3363  -44.3048  -44.2794  -23.4027  -23.3604  -23.3094  -23.2433   -6.4728   -6.3558   -6.3355   -6.0037   -5.6396   -5.5547   -5.2954   -5.2732   -4.6558   -4.5194   -4.2997   -4.2420   -2.6056   -2.4829   -2.1464   -1.5849   -1.0485    4.2468    4.2765    4.4960    5.0180    5.3481    7.1228    7.7467    9.0873    9.8424   11.6228   11.6808   12.0479   12.3561   13.1773   13.5268   14.2359   14.4167   17.3003   17.9380   20.0499   20.2055
  8.7404  -49.3578  -49.3137  -49.2961  -44.3362  -44.3048  -44.2794  -23.3999  -23.3569  -23.3120  -23.2467   -6.4793   -6.3726   -6.3137   -6.0062   -5.6418   -5.5738   -5.2881   -5.2820   -4.6533   -4.5194   -4.2791   -4.2280   -2.6057   -2.4888   -2.1544   -1.5901   -1.0326    4.2459    4.2760    4.5031    5.0151    5.3653    7.1742    7.7672    8.9800    9.7503   11.6426   11.7222   12.0836   12.3883   13.1433   13.4704   14.2178   14.3637   17.3479   18.0538   20.1625   20.3109
  8.7626  -49.3578  -49.3137  -49.2961  -44.3362  -44.3048  -44.2794  -23.3971  -23.3534  -23.3148  -23.2502   -6.4872   -6.3884   -6.2886   -6.0084   -5.6438   -5.5968   -5.2997   -5.2698   -4.6522   -4.5195   -4.2591   -4.2137   -2.6059   -2.4946   -2.1623   -1.5951   -1.0176    4.2450    4.2755    4.5098    5.0123    5.3820    7.2284    7.7889    8.8741    9.6612   11.6605   11.7667   12.1165   12.4260   13.0998   13.4138   14.2036   14.3076   17.4009   18.1719   20.2752   20.4160
  8.7848  -49.3577  -49.3137  -49.2960  -44.3362  -44.3048  -44.2794  -23.3941  -23.3497  -23.3175  -23.2536   -6.4956   -6.4029   -6.2612   -6.0102   -5.6457   -5.6234   -5.3083   -5.2587   -4.6521   -4.5196   -4.2402   -4.1994   -2.6062   -2.5000   -2.1698   -1.5997   -1.0035    4.2441    4.2750    4.5160    5.0098    5.3981    7.2855    7.8115    8.7700    9.5759   11.6778   11.8127   12.1466   12.4689   13.0494   13.3580   14.1919   14.2493   17.4583   18.2907   20.3869   20.5198
  8.8071  -49.3577  -49.3137  -49.2960  -44.3362  -44.3048  -44.2794  -23.3912  -23.3462  -23.3202  -23.2570   -6.5037   -6.4162   -6.2318   -6.0117   -5.6530   -5.6475   -5.3143   -5.2489   -4.6528   -4.5196   -4.2225   -4.1855   -2.6066   -2.5050   -2.1769   -1.6041   -0.9904    4.2433    4.2746    4.5216    5.0075    5.4133    7.3452    7.8348    8.6677    9.4952   11.6945   11.8593   12.1740   12.5157   12.9945   13.3037   14.1816   14.1896   17.5187   18.4082   20.4956   20.6201
  8.8293  -49.3577  -49.3137  -49.2960  -44.3362  -44.3048  -44.2794  -23.3884  -23.3427  -23.3230  -23.2605   -6.5115   -6.4281   -6.2011   -6.0130   -5.6850   -5.6491   -5.3182   -5.2403   -4.6541   -4.5197   -4.2063   -4.1724   -2.6071   -2.5096   -2.1835   -1.6080   -0.9786    4.2426    4.2742    4.5267    5.0054    5.4274    7.4078    7.8582    8.5674    9.4199   11.7106   11.9060   12.1987   12.5653   12.9371   13.2517   14.1300   14.1719   17.5802   18.5220   20.5993   20.7150
  8.8515  -49.3578  -49.3137  -49.2961  -44.3362  -44.3048  -44.2794  -23.3857  -23.3394  -23.3258  -23.2641   -6.5185   -6.4386   -6.1691   -6.0141   -5.7189   -5.6505   -5.3206   -5.2328   -4.6558   -4.5198   -4.1918   -4.1603   -2.6077   -2.5136   -2.1895   -1.6115   -0.9681    4.2419    4.2738    4.5311    5.0035    5.4402    7.4731    7.8813    8.4691    9.3510   11.7257   11.9521   12.2208   12.6164   12.8791   13.2025   14.0718   14.1627   17.6405   18.6293   20.6958   20.8026
  8.8738  -49.3578  -49.3137  -49.2961  -44.3362  -44.3048  -44.2794  -23.3832  -23.3362  -23.3284  -23.2673   -6.5246   -6.4475   -6.1361   -6.0150   -5.7539   -5.6516   -5.3220   -5.2265   -4.6575   -4.5198   -4.1791   -4.1497   -2.6083   -2.5171   -2.1948   -1.6145   -0.9590    4.2413    4.2735    4.5349    5.0019    5.4514    7.5410    7.9032    8.3731    9.2897   11.7393   11.9970   12.2404   12.6674   12.8227   13.1567   14.0169   14.1541   17.6975   18.7277   20.7837   20.8818
  8.8960  -49.3577  -49.3137  -49.2960  -44.3362  -44.3048  -44.2794  -23.3808  -23.3332  -23.3306  -23.2701   -6.5298   -6.4549   -6.1026   -6.0157   -5.7895   -5.6526   -5.3226   -5.2213   -4.6592   -4.5199   -4.1685   -4.1406   -2.6089   -2.5199   -2.1992   -1.6170   -0.9514    4.2408    4.2733    4.5380    5.0006    5.4609    7.6115    7.9232    8.2796    9.2372   11.7511   12.0395   12.2575   12.7168   12.7700   13.1148   13.9672   14.1463   17.7487   18.8142   20.8605   20.9503
  8.9182  -49.3577  -49.3137  -49.2960  -44.3362  -44.3048  -44.2794  -23.3788  -23.3326  -23.3307  -23.2726   -6.5338   -6.4606   -6.0690   -6.0162   -5.8250   -5.6534   -5.3227   -5.2173   -4.6606   -4.5199   -4.1601   -4.1333   -2.6095   -2.5221   -2.2028   -1.6190   -0.9455    4.2404    4.2731    4.5404    4.9996    5.4684    7.6844    7.9402    8.1888    9.1946   11.7607   12.0777   12.2713   12.7231   12.7626   13.0771   13.9251   14.1398   17.7917   18.8857   20.9236   21.0060
  8.9404  -49.3578  -49.3137  -49.2961  -44.3362  -44.3048  -44.2794  -23.3774  -23.3341  -23.3288  -23.2746   -6.5368   -6.4648   -6.0364   -6.0166   -5.8589   -5.6539   -5.3227   -5.2145   -4.6618   -4.5200   -4.1540   -4.1280   -2.6099   -2.5237   -2.2054   -1.6204   -0.9412    4.2401    4.2729    4.5422    4.9988    5.4739    7.7592    7.9533    8.1013    9.1632   11.7678   12.1090   12.2816   12.6852   12.8022   13.0449   13.8926   14.1348   17.8242   18.9391   20.9706   21.0473
  8.9627  -49.3578  -49.3137  -49.2961  -44.3362  -44.3048  -44.2794  -23.3764  -23.3351  -23.3276  -23.2759   -6.5386   -6.4673   -6.0168   -6.0083   -5.8880   -5.6542   -5.3227   -5.2128   -4.6625   -4.5200   -4.1503   -4.1248   -2.6102   -2.5247   -2.2070   -1.6213   -0.9386    4.2400    4.2728    4.5432    4.9984    5.4772    7.8337    7.9616    8.0191    9.1438   11.7722   12.1300   12.2880   12.6602   12.8311   13.0211   13.8722   14.1317   17.8445   18.9724   21.0001   21.0723
  8.9849  -49.3578  -49.3137  -49.2961  -44.3363  -44.3048  -44.2794  -23.3762  -23.3355  -23.3273  -23.2764   -6.5392   -6.4681   -6.0169   -5.9951   -5.9015   -5.6544   -5.3226   -5.2122   -4.6627   -4.5200   -4.1491   -4.1237   -2.6103   -2.5250   -2.2075   -1.6216   -0.9378    4.2399    4.2728    4.5436    4.9982    5.4783    7.8838    7.9644    7.9663    9.1371   11.7737   12.1374   12.2901   12.6513   12.8422   13.0117   13.8651   14.1306   17.8513   18.9835   21.0097   21.0809
  8.9849  -49.3578  -49.3137  -49.2961  -44.3363  -44.3048  -44.2794  -23.3762  -23.3355  -23.3273  -23.2764   -6.5392   -6.4681   -6.0169   -5.9951   -5.9015   -5.6544   -5.3226   -5.2122   -4.6627   -4.5200   -4.1491   -4.1237   -2.6103   -2.5250   -2.2075   -1.6216   -0.9378    4.2399    4.2728    4.5436    4.9982    5.4783    7.8838    7.9644    7.9663    9.1371   11.7737   12.1374   12.2901   12.6513   12.8422   13.0117   13.8651   14.1306   17.8513   18.9835   21.0100   21.0811
  9.0044  -49.3578  -49.3137  -49.2961  -44.3363  -44.3048  -44.2794  -23.3764  -23.3368  -23.3260  -23.2762   -6.5383   -6.4677   -6.0177   -5.9963   -5.9013   -5.6531   -5.3233   -5.2125   -4.6623   -4.5195   -4.1491   -4.1238   -2.6099   -2.5248   -2.2076   -1.6212   -0.9379    4.2401    4.2730    4.5432    4.9978    5.4778    7.8298    7.9613    8.0175    9.1455   11.7655   12.1215   12.3086   12.6402   12.8479   13.0142   13.8709   14.1362   17.8497   18.9820   21.0093   21.0786
  9.0238  -49.3578  -49.3137  -49.2961  -44.3363  -44.3047  -44.2794  -23.3775  -23.3394  -23.3233  -23.2759   -6.5358   -6.4664   -6.0201   -5.9997   -5.9008   -5.6494   -5.3254   -5.2134   -4.6613   -4.5179   -4.1492   -4.1241   -2.6087   -2.5242   -2.2080   -1.6201   -0.9381    4.2407    4.2735    4.5421    4.9964    5.4763    7.7478    7.9471    8.0965    9.1695   11.7408   12.0894   12.3488   12.6095   12.8634   13.0220   13.8863   14.1543   17.8448   18.9775   21.0079   21.0721
  9.0433  -49.3578  -49.3136  -49.2961  -44.3363  -44.3046  -44.2794  -23.3791  -23.3423  -23.3202  -23.2752   -6.5316   -6.4643   -6.0242   -6.0050   -5.9001   -5.6436   -5.3286   -5.2148   -4.6596   -4.5153   -4.1496   -4.1244   -2.6068   -2.5231   -2.2087   -1.6183   -0.9385    4.2417    4.2745    4.5403    4.9942    5.4738    7.6620    7.9247    8.1778    9.2084   11.6996   12.0574   12.3940   12.5641   12.8863   13.0355   13.9060   14.1874   17.8369   18.9698   21.0056   21.0624
  9.0628  -49.3578  -49.3135  -49.2961  -44.3363  -44.3045  -44.2795  -23.3814  -23.3453  -23.3170  -23.2743   -6.5258   -6.4612   -6.0302   -6.0115   -5.8992   -5.6362   -5.3328   -5.2164   -4.6576   -4.5117   -4.1505   -4.1241   -2.6042   -2.5217   -2.2096   -1.6157   -0.9390    4.2431    4.2757    4.5377    4.9910    5.4704    7.5743    7.8960    8.2593    9.2597   11.6432   12.0304   12.4373   12.5085   12.9156   13.0549   13.9243   14.2380   17.8261   18.9592   21.0010   21.0508
  9.0823  -49.3578  -49.3133  -49.2961  -44.3364  -44.3042  -44.2795  -23.3844  -23.3480  -23.3137  -23.2733   -6.5186   -6.4573   -6.0381   -6.0188   -5.8982   -5.6280   -5.3374   -5.2181   -4.6555   -4.5074   -4.1524   -4.1230   -2.6009   -2.5198   -2.2108   -1.6123   -0.9396    4.2448    4.2774    4.5344    4.9870    5.4661    7.4854    7.8628    8.3409    9.3215   11.5744   12.0083   12.4451   12.4776   12.9515   13.0798   13.9377   14.3059   17.8127   18.9457   20.9921   21.0409
  9.1017  -49.3578  -49.3132  -49.2961  -44.3364  -44.3040  -44.2795  -23.3881  -23.3505  -23.3106  -23.2720   -6.5103   -6.4524   -6.0476   -6.0264   -5.8972   -5.6196   -5.3419   -5.2198   -4.6537   -4.5023   -4.1552   -4.1208   -2.5970   -2.5175   -2.2123   -1.6082   -0.9404    4.2470    4.2794    4.5304    4.9819    5.4608    7.3954    7.8265    8.4224    9.3916   11.4962   11.9888   12.3803   12.5114   12.9934   13.1099   13.9460   14.3886   17.7970   18.9295   20.9769   21.0359
  9.1212  -49.3579  -49.3130  -49.2961  -44.3365  -44.3037  -44.2795  -23.3925  -23.3529  -23.3075  -23.2707   -6.5012   -6.4463   -6.0582   -6.0345   -5.8961   -5.6119   -5.3455   -5.2213   -4.6524   -4.4968   -4.1587   -4.1175   -2.5926   -2.5148   -2.2141   -1.6032   -0.9413    4.2495    4.2818    4.5257    4.9758    5.4548    7.3045    7.7886    8.5039    9.4683   11.4109   11.9691   12.3152   12.5414   13.0406   13.1448   13.9498   14.4832   17.7793   18.9106   20.9556   21.0364
  9.1407  -49.3579  -49.3127  -49.2961  -44.3365  -44.3034  -44.2795  -23.3974  -23.3550  -23.3045  -23.2693   -6.4917   -6.4387   -6.0693   -6.0430   -5.8951   -5.6057   -5.3475   -5.2224   -4.6519   -4.4909   -4.1626   -4.1133   -2.5878   -2.5118   -2.2162   -1.5974   -0.9424    4.2524    4.2845    4.5203    4.9687    5.4481    7.2132    7.7502    8.5853    9.5501   11.3205   11.9465   12.2539   12.5681   13.0917   13.1841   13.9501   14.5870   17.7600   18.8895   20.9304   21.0409
  9.1602  -49.3580  -49.3125  -49.2961  -44.3366  -44.3030  -44.2795  -23.4029  -23.3569  -23.3017  -23.2678   -6.4827   -6.4294   -6.0804   -6.0521   -5.8942   -5.6017   -5.3470   -5.2232   -4.6527   -4.4847   -4.1667   -4.1083   -2.5827   -2.5084   -2.2186   -1.5908   -0.9436    4.2557    4.2876    4.5142    4.9605    5.4407    7.1216    7.7118    8.6666    9.6355   11.2261   11.9177   12.2005   12.5926   13.1449   13.2278   13.9476   14.6978   17.7392   18.8664   20.9027   21.0487
  9.1796  -49.3580  -49.3122  -49.2962  -44.3367  -44.3026  -44.2796  -23.4088  -23.3586  -23.2989  -23.2663   -6.4747   -6.4180   -6.0910   -6.0616   -5.8933   -5.6003   -5.3435   -5.2235   -4.6550   -4.4783   -4.1706   -4.1027   -2.5773   -2.5046   -2.2214   -1.5832   -0.9449    4.2593    4.2911    4.5074    4.9511    5.4328    7.0300    7.6742    8.7478    9.7234   11.1286   11.8801   12.1582   12.6161   13.1985   13.2761   13.9429   14.8141   17.7169   18.8419   20.8735   21.0594
  9.1991  -49.3581  -49.3119  -49.2962  -44.3367  -44.3021  -44.2796  -23.4150  -23.3602  -23.2962  -23.2647   -6.4684   -6.4045   -6.1005   -6.0716   -5.8924   -5.6018   -5.3368   -5.2233   -4.6590   -4.4718   -4.1742   -4.0965   -2.5717   -2.5005   -2.2245   -1.5748   -0.9463    4.2633    4.2949    4.5000    4.9404    5.4244    6.9388    7.6377    8.8288    9.8128   11.0290   11.8338   12.1283   12.6394   13.2505   13.3295   13.9365   14.9351   17.6930   18.8168   20.8436   21.0728
  9.2186  -49.3581  -49.3115  -49.2962  -44.3368  -44.3017  -44.2796  -23.4217  -23.3616  -23.2936  -23.2631   -6.4640   -6.3891   -6.1084   -6.0819   -5.8917   -5.6058   -5.3270   -5.2226   -4.6649   -4.4652   -4.1773   -4.0899   -2.5661   -2.4961   -2.2280   -1.5654   -0.9478    4.2676    4.2990    4.4919    4.9285    5.4156    6.8480    7.6027    8.9091    9.9024   10.9278   11.7808   12.1094   12.6630   13.2997   13.3877   13.9290   15.0597   17.6674   18.7918   20.8136   21.0884
  9.2381  -49.3582  -49.3112  -49.2962  -44.3369  -44.3011  -44.2797  -23.4287  -23.3629  -23.2913  -23.2615   -6.4618   -6.3722   -6.1145   -6.0921   -5.8909   -5.6119   -5.3146   -5.2211   -4.6729   -4.4585   -4.1799   -4.0830   -2.5605   -2.4913   -2.2318   -1.5552   -0.9495    4.2722    4.3035    4.4832    4.9151    5.4065    6.7581    7.5692    8.9888    9.9910   10.8258   11.7246   12.0989   12.6874   13.3455   13.4500   13.9211   15.1874   17.6393   18.7678   20.7839   21.1057
  9.2575  -49.3582  -49.3108  -49.2962  -44.3370  -44.3006  -44.2797  -23.4359  -23.3641  -23.2890  -23.2599   -6.4620   -6.3545   -6.1188   -6.1013   -5.8901   -5.6195   -5.3002   -5.2188   -4.6830   -4.4518   -4.1818   -4.0758   -2.5550   -2.4862   -2.2360   -1.5440   -0.9512    4.2772    4.3083    4.4739    4.9002    5.3973    6.6692    7.5373    9.0672   10.0772   10.7244   11.6684   12.0949   12.7129   13.3870   13.5158   13.9142   15.3179   17.6083   18.7461   20.7549   21.1245
  9.2770  -49.3583  -49.3104  -49.2963  -44.3372  -44.3000  -44.2797  -23.4433  -23.3651  -23.2866  -23.2583   -6.4646   -6.3365   -6.1237   -6.1066   -5.8892   -5.6279   -5.2847   -5.2153   -4.6952   -4.4449   -4.1832   -4.0684   -2.5497   -2.4808   -2.2407   -1.5319   -0.9530    4.2825    4.3134    4.4640    4.8838    5.3880    6.5818    7.5073    9.1437   10.1585   10.6256   11.6147   12.0960   12.7395   13.4231   13.5842   13.9100   15.4506   17.5734   18.7278   20.7270   21.1442
  9.2965  -49.3584  -49.3099  -49.2963  -44.3373  -44.2994  -44.2798  -23.4509  -23.3661  -23.2845  -23.2566   -6.4699   -6.3190   -6.1316   -6.1048   -5.8881   -5.6367   -5.2692   -5.2100   -4.7094   -4.4380   -4.1841   -4.0610   -2.5446   -2.4751   -2.2457   -1.5190   -0.9549    4.2880    4.3188    4.4536    4.8657    5.3788    6.4960    7.4791    9.2175   10.2286   10.5348   11.5657   12.1015   12.7671   13.4518   13.6551   13.9107   15.5851   17.5338   18.7142   20.7005   21.1642
  9.3159  -49.3585  -49.3095  -49.2963  -44.3374  -44.2987  -44.2798  -23.4588  -23.3670  -23.2825  -23.2551   -6.4778   -6.3024   -6.1410   -6.0969   -5.8868   -5.6453   -5.2550   -5.2020   -4.7255   -4.4310   -4.1845   -4.0536   -2.5398   -2.4691   -2.2511   -1.5052   -0.9568    4.2938    4.3246    4.4425    4.8458    5.3696    6.4118    7.4528    9.2871   10.2687   10.4708   11.5232   12.1111   12.7956   13.4710   13.7280   13.9188   15.7213   17.4887   18.7063   20.6752   21.1823
  9.3354  -49.3585  -49.3090  -49.2963  -44.3375  -44.2980  -44.2799  -23.4668  -23.3678  -23.2807  -23.2536   -6.4883   -6.2874   -6.1502   -6.0841   -5.8851   -5.6534   -5.2436   -5.1903   -4.7431   -4.4239   -4.1847   -4.0462   -2.5354   -2.4629   -2.2569   -1.4905   -0.9589    4.2999    4.3305    4.4310    4.8241    5.3606    6.3300    7.4283    9.3506   10.2431   10.4693   11.4891   12.1251   12.8247   13.4796   13.8030   13.9363   15.8588   17.4376   18.7048   20.6515   21.1977
  9.3549  -49.3586  -49.3085  -49.2964  -44.3377  -44.2973  -44.2799  -23.4749  -23.3685  -23.2791  -23.2521   -6.5012   -6.2745   -6.1585   -6.0671   -5.8828   -5.6606   -5.2354   -5.1750   -4.7620   -4.4167   -4.1847   -4.0390   -2.5313   -2.4564   -2.2630   -1.4752   -0.9611    4.3062    4.3368    4.4189    4.8005    5.3519    6.2506    7.4059    9.4049   10.1745   10.5088   11.4653   12.1436   12.8541   13.4774   13.8799   13.9640   15.9973   17.3801   18.7104   20.6297   21.2078
  9.3744  -49.3587  -49.3080  -49.2964  -44.3378  -44.2966  -44.2799  -23.4831  -23.3690  -23.2776  -23.2506   -6.5163   -6.2641   -6.1653   -6.0468   -5.8796   -5.6666   -5.2294   -5.1571   -4.7820   -4.4095   -4.1846   -4.0319   -2.5277   -2.4497   -2.2696   -1.4591   -0.9633    4.3127    4.3433    4.4063    4.7749    5.3435    6.1739    7.3852    9.4449   10.1018   10.5535   11.4532   12.1669   12.8830   13.4663   13.9575   14.0022   16.1365   17.3162   18.7227   20.6098   21.2093
  9.3938  -49.3588  -49.3075  -49.2964  -44.3379  -44.2958  -44.2800  -23.4914  -23.3693  -23.2763  -23.2491   -6.5332   -6.2566   -6.1698   -6.0240   -5.8751   -5.6712   -5.2250   -5.1378   -4.8027   -4.4022   -4.1845   -4.0250   -2.5245   -2.4428   -2.2764   -1.4423   -0.9657    4.3194    4.3500    4.3933    4.7473    5.3354    6.1000    7.3665    9.4635   10.0415   10.5930   11.4536   12.1957   12.9103   13.4490   14.0295   14.0559   16.2761   17.2462   18.7415   20.5920   21.2058
  9.4133  -49.3589  -49.3069  -49.2965  -44.3381  -44.2951  -44.2800  -23.4997  -23.3697  -23.2752  -23.2477   -6.5518   -6.2523   -6.1718   -6.0002   -5.8687   -5.6741   -5.2217   -5.1181   -4.8238   -4.3949   -4.1845   -4.0184   -2.5218   -2.4357   -2.2836   -1.4250   -0.9681    4.3263    4.3569    4.3798    4.7177    5.3277    6.0292    7.3495    9.4532   10.0027   10.6253   11.4659   12.2305   12.9343   13.4290   14.0871   14.1320   16.4154   17.1711   18.7659   20.5761   21.1703
  9.4328  -49.3590  -49.3064  -49.2965  -44.3382  -44.2943  -44.2801  -23.5081  -23.3699  -23.2741  -23.2463   -6.5718   -6.2510   -6.1712   -5.9769   -5.8591   -5.6751   -5.2193   -5.0985   -4.8449   -4.3877   -4.1847   -4.0120   -2.5196   -2.4284   -2.2911   -1.4071   -0.9707    4.3333    4.3638    4.3662    4.6861    5.3204    5.9617    7.3344    9.4119    9.9871   10.6515   11.4886   12.2720   12.9530   13.4102   14.1436   14.2164   16.5537   17.0920   18.7946   20.5628   21.1286
  9.4523  -49.3590  -49.3058  -49.2966  -44.3384  -44.2935  -44.2801  -23.5165  -23.3702  -23.2733  -23.2449   -6.5927   -6.2520   -6.1688   -5.9560   -5.8451   -5.6740   -5.2179   -5.0794   -4.8654   -4.3804   -4.1850   -4.0058   -2.5180   -2.4209   -2.2988   -1.3887   -0.9735    4.3400    4.3519    4.3714    4.6526    5.3134    5.8976    7.3210    9.3452    9.9883   10.6747   11.5191   12.3205   12.9634   13.3965   14.2029   14.3040   16.6881   17.0121   18.8260   20.5524   21.0793
  9.4717  -49.3591  -49.3052  -49.2966  -44.3385  -44.2927  -44.2802  -23.5249  -23.3702  -23.2726  -23.2434   -6.6145   -6.2544   -6.1654   -5.9392   -5.8255   -5.6703   -5.2175   -5.0615   -4.8848   -4.3732   -4.1855   -4.0000   -2.5169   -2.4132   -2.3067   -1.3700   -0.9763    4.3357    4.3487    4.3789    4.6172    5.3067    5.8372    7.3094    9.2616    9.9968   10.6985   11.5548   12.3766   12.9630   13.3919   14.2655   14.3941   16.8009   16.9499   18.8585   20.5455   21.0271
  9.4912  -49.3592  -49.3047  -49.2966  -44.3387  -44.2918  -44.2802  -23.5331  -23.3702  -23.2721  -23.2421   -6.6369   -6.2573   -6.1617   -5.9266   -5.8008   -5.6638   -5.2185   -5.0451   -4.9023   -4.3660   -4.1862   -3.9945   -2.5164   -2.4053   -2.3149   -1.3510   -0.9793    4.3208    4.3557    4.3864    4.5802    5.3003    5.7806    7.2996    9.1676   10.0048   10.7255   11.5930   12.4401   12.9502   13.3984   14.3308   14.4864   16.7934   17.0046   18.8901   20.5428   20.9741
  9.5107  -49.3593  -49.3041  -49.2967  -44.3389  -44.2910  -44.2803  -23.5414  -23.3702  -23.2717  -23.2408   -6.6596   -6.2603   -6.1584   -5.9175   -5.7725   -5.6540   -5.2212   -5.0312   -4.9170   -4.3589   -4.1868   -3.9893   -2.5165   -2.3972   -2.3232   -1.3317   -0.9825    4.3052    4.3631    4.3941    4.5417    5.2940    5.7278    7.2914    9.0677   10.0079   10.7582   11.6321   12.5103   12.9261   13.4159   14.3987   14.5807   16.7130   17.1291   18.9186   20.5450   20.9230
  9.5302  -49.3594  -49.3035  -49.2967  -44.3390  -44.2902  -44.2803  -23.5496  -23.3701  -23.2715  -23.2395   -6.6825   -6.2630   -6.1559   -5.9105   -5.7428   -5.6401   -5.2258   -5.0207   -4.9274   -4.3519   -4.1875   -3.9845   -2.5173   -2.3890   -2.3315   -1.3122   -0.9858    4.2891    4.3706    4.4018    4.5020    5.2879    5.6789    7.2849    8.9643   10.0043   10.7972   11.6708   12.5862   12.8937   13.4429   14.4692   14.6771   16.6233   17.2604   18.9419   20.5534   20.8739
  9.5496  -49.3595  -49.3029  -49.2967  -44.3392  -44.2893  -44.2804  -23.5576  -23.3701  -23.2712  -23.2382   -6.7055   -6.2651   -6.1542   -5.9050   -5.7137   -5.6213   -5.2328   -5.0146   -4.9323   -4.3450   -4.1881   -3.9801   -2.5187   -2.3806   -2.3400   -1.2926   -0.9893    4.2724    4.3781    4.4096    4.4615    5.2818    5.6339    7.2800    8.8590    9.9937   10.8424   11.7086   12.6641   12.8583   13.4769   14.5420   14.7754   16.5321   17.3913   18.9583   20.5684   20.8265
  9.5496  -49.3595  -49.3029  -49.2967  -44.3392  -44.2893  -44.2804  -23.5501  -23.3991  -23.2606  -23.2266   -6.7653   -6.4310   -6.0640   -5.9248   -5.8409   -5.4622   -5.0684   -4.9412   -4.9350   -4.3691   -4.2025   -3.9409   -2.4931   -2.3977   -2.2654   -1.3964   -1.1553    4.2510    4.3719    4.3782    4.8056    5.1756    5.4836    7.2706    8.8426   10.2086   10.7603   11.6683   12.6883   12.7520   13.3821   14.8709   15.0270   16.6278   16.8380   19.0077   20.0530   20.8225
  9.5691  -49.3594  -49.3035  -49.2967  -44.3390  -44.2902  -44.2803  -23.5423  -23.3978  -23.2626  -23.2274   -6.7460   -6.4129   -6.0647   -5.9481   -5.8606   -5.4761   -5.0755   -4.9577   -4.9211   -4.3740   -4.2000   -3.9486   -2.4932   -2.3980   -2.2661   -1.4094   -1.1479    4.2690    4.3659    4.3717    4.8394    5.2051    5.4993    7.2870    8.9438   10.2217   10.7095   11.6227   12.6246   12.7708   13.3470   14.8116   14.9303   16.6377   16.7857   19.0206   20.0536   20.8879
  9.5886  -49.3593  -49.3041  -49.2967  -44.3389  -44.2910  -44.2803  -23.5342  -23.3966  -23.2646  -23.2281   -6.7262   -6.3950   -6.0684   -5.9718   -5.8769   -5.4874   -5.0861   -4.9749   -4.9047   -4.3786   -4.1979   -3.9566   -2.4941   -2.3993   -2.2660   -1.4229   -1.1392    4.2861    4.3597    4.3654    4.8641    5.2416    5.5208    7.3042    9.0436   10.2213   10.6706   11.5786   12.5604   12.7858   13.3195   14.7509   14.8380   16.5418   16.8417   19.0154   20.0702   20.9471
  9.6080  -49.3592  -49.3047  -49.2966  -44.3387  -44.2919  -44.2802  -23.5261  -23.3953  -23.2666  -23.2290   -6.7058   -6.3774   -6.0766   -5.9944   -5.8899   -5.4960   -5.0998   -4.9923   -4.8869   -4.3828   -4.1962   -3.9650   -2.4956   -2.4016   -2.2652   -1.4366   -1.1294    4.3025    4.3534    4.3594    4.8811    5.2808    5.5507    7.3220    9.1408   10.2053   10.6459   11.5365   12.4988   12.7945   13.2993   14.6842   14.7555   16.4220   16.9233   18.9943   20.1008   21.0041
  9.6275  -49.3591  -49.3052  -49.2966  -44.3386  -44.2927  -44.2802  -23.5180  -23.3939  -23.2687  -23.2300   -6.6848   -6.3603   -6.0899   -6.0148   -5.8993   -5.5018   -5.1162   -5.0096   -4.8682   -4.3868   -4.1949   -3.9737   -2.4979   -2.4049   -2.2638   -1.4503   -1.1188    4.3180    4.3470    4.3539    4.8924    5.3173    5.5922    7.3407    9.2334   10.1757   10.6339   11.4975   12.4411   12.7968   13.2855   14.6061   14.6883   16.2981   17.0099   18.9609   20.1421   21.0583
  9.6470  -49.3590  -49.3058  -49.2966  -44.3384  -44.2935  -44.2801  -23.5098  -23.3927  -23.2710  -23.2311   -6.6634   -6.3441   -6.1081   -6.0330   -5.9052   -5.5049   -5.1350   -5.0268   -4.8490   -4.3906   -4.1940   -3.9827   -2.5008   -2.4091   -2.2619   -1.4638   -1.1078    4.3313    4.3409    4.3499    4.9000    5.3476    5.6467    7.3601    9.3185   10.1384   10.6294   11.4634   12.3879   12.7933   13.2764   14.5204   14.6332   16.1734   17.0979   18.9190   20.1905   21.0978
  9.6665  -49.3589  -49.3064  -49.2965  -44.3382  -44.2943  -44.2801  -23.5014  -23.3912  -23.2731  -23.2323   -6.6416   -6.3289   -6.1295   -6.0500   -5.9075   -5.5054   -5.1558   -5.0435   -4.8298   -4.3944   -4.1933   -3.9919   -2.5042   -2.4140   -2.2594   -1.4770   -1.0965    4.3327    4.3384    4.3540    4.9054    5.3709    5.7133    7.3804    9.3915   10.1023   10.6263   11.4366   12.3397   12.7852   13.2704   14.4330   14.5847   16.0487   17.1855   18.8723   20.2428   21.1253
  9.6859  -49.3589  -49.3069  -49.2965  -44.3381  -44.2951  -44.2800  -23.4932  -23.3898  -23.2753  -23.2336   -6.6195   -6.3155   -6.1522   -6.0665   -5.9069   -5.5034   -5.1786   -5.0598   -4.8107   -4.3981   -4.1929   -4.0014   -2.5081   -2.4196   -2.2566   -1.4898   -1.0850    4.3266    4.3347    4.3664    4.9095    5.3884    5.7895    7.4015    9.4451   10.0771   10.6193   11.4196   12.2967   12.7739   13.2652   14.3465   14.5401   15.9246   17.2715   18.8241   20.2962   21.1456
  9.7054  -49.3588  -49.3075  -49.2964  -44.3379  -44.2958  -44.2800  -23.4849  -23.3883  -23.2775  -23.2350   -6.5973   -6.3046   -6.1746   -6.0822   -5.9038   -5.4993   -5.2029   -5.0757   -4.7921   -4.4020   -4.1926   -4.0110   -2.5124   -2.4257   -2.2536   -1.5020   -1.0735    4.3202    4.3300    4.3799    4.9131    5.4017    5.8729    7.4234    9.4712   10.0723   10.6048   11.4149   12.2587   12.7608   13.2593   14.2622   14.4985   15.8015   17.3548   18.7769   20.3488   21.1500
  9.7249  -49.3587  -49.3080  -49.2964  -44.3378  -44.2966  -44.2799  -23.4768  -23.3868  -23.2798  -23.2366   -6.5752   -6.2975   -6.1953   -6.0964   -5.8989   -5.4932   -5.2285   -5.0911   -4.7742   -4.4060   -4.1923   -4.0206   -2.5172   -2.4322   -2.2503   -1.5138   -1.0621    4.3139    4.3253    4.3933    4.9164    5.4122    5.9614    7.4460    9.4660   10.0910   10.5830   11.4236   12.2255   12.7467   13.2508   14.1807   14.4592   15.6795   17.4343   18.7332   20.3995   21.1550
  9.7444  -49.3586  -49.3085  -49.2964  -44.3377  -44.2973  -44.2799  -23.4687  -23.3852  -23.2820  -23.2383   -6.5533   -6.2957   -6.2130   -6.1080   -5.8925   -5.4853   -5.2552   -5.1061   -4.7571   -4.4103   -4.1919   -4.0303   -2.5223   -2.4390   -2.2470   -1.5249   -1.0510    4.3076    4.3206    4.4063    4.9199    5.4208    6.0538    7.4697    9.4333   10.1261   10.5580   11.4455   12.1969   12.7326   13.2387   14.1024   14.4219   15.5589   17.5088   18.6949   20.4476   21.1515
  9.7638  -49.3585  -49.3090  -49.2964  -44.3375  -44.2980  -44.2798  -23.4606  -23.3836  -23.2844  -23.2401   -6.5322   -6.3005   -6.2268   -6.1158   -5.8852   -5.4761   -5.2825   -5.1206   -4.7412   -4.4149   -4.1913   -4.0399   -2.5277   -2.4460   -2.2436   -1.5354   -1.0401    4.3015    4.3161    4.4190    4.9236    5.4280    6.1490    7.4942    9.3811   10.1609   10.5398   11.4793   12.1723   12.7193   13.2218   14.0277   14.3861   15.4401   17.5771   18.6636   20.4929   21.1459
  9.7833  -49.3584  -49.3095  -49.2963  -44.3374  -44.2987  -44.2798  -23.4527  -23.3819  -23.2867  -23.2420   -6.5123   -6.3110   -6.2373   -6.1191   -5.8771   -5.4659   -5.3102   -5.1346   -4.7264   -4.4199   -4.1904   -4.0494   -2.5333   -2.4531   -2.2402   -1.5453   -1.0296    4.2955    4.3117    4.4313    4.9276    5.4342    6.2465    7.5197    9.3165   10.1744   10.5449   11.5232   12.1514   12.7071   13.1996   13.9568   14.3517   15.3231   17.6380   18.6411   20.5358   21.1388
  9.8028  -49.3584  -49.3099  -49.2963  -44.3373  -44.2994  -44.2798  -23.4448  -23.3801  -23.2890  -23.2440   -6.4944   -6.3248   -6.2458   -6.1179   -5.8685   -5.4553   -5.3377   -5.1481   -4.7131   -4.4253   -4.1890   -4.0587   -2.5391   -2.4602   -2.2368   -1.5545   -1.0195    4.2898    4.3075    4.4430    4.9321    5.4397    6.3459    7.5461    9.2445   10.1536   10.5836   11.5753   12.1337   12.6966   13.1717   13.8900   14.3180   15.2084   17.6905   18.6284   20.5766   21.1301
  9.8223  -49.3583  -49.3104  -49.2963  -44.3372  -44.3000  -44.2797  -23.4372  -23.3782  -23.2915  -23.2462   -6.4796   -6.3395   -6.2523   -6.1132   -5.8598   -5.4456   -5.3638   -5.1609   -4.7013   -4.4312   -4.1871   -4.0677   -2.5452   -2.4672   -2.2336   -1.5631   -1.0099    4.2843    4.3035    4.4543    4.9368    5.4447    6.4462    7.5735    9.1679   10.1036   10.6497   11.6338   12.1190   12.6878   13.1381   13.8268   14.2848   15.0961   17.7340   18.6260   20.6155   21.1206
  9.8417  -49.3582  -49.3108  -49.2962  -44.3371  -44.3006  -44.2797  -23.4299  -23.3763  -23.2939  -23.2486   -6.4694   -6.3537   -6.2556   -6.1061   -5.8511   -5.4408   -5.3846   -5.1730   -4.6911   -4.4375   -4.1846   -4.0764   -2.5513   -2.4741   -2.2305   -1.5710   -1.0008    4.2789    4.2998    4.4651    4.9419    5.4491    6.5475    7.6019    9.0884   10.0362   10.7314   11.6975   12.1068   12.6810   13.0990   13.7670   14.2519   14.9866   17.7685   18.6339   20.6532   21.1114
  9.8612  -49.3582  -49.3112  -49.2962  -44.3370  -44.3011  -44.2797  -23.4228  -23.3742  -23.2963  -23.2509   -6.4647   -6.3668   -6.2540   -6.0976   -5.8428   -5.4494   -5.3915   -5.1843   -4.6825   -4.4443   -4.1815   -4.0847   -2.5574   -2.4806   -2.2275   -1.5783   -0.9923    4.2739    4.2962    4.4753    4.9473    5.4532    6.6494    7.6313    9.0076    9.9589   10.8211   11.7653   12.0969   12.6761   13.0549   13.7103   14.2191   14.8804   17.7944   18.6511   20.6899   21.1029
  9.8807  -49.3581  -49.3115  -49.2962  -44.3368  -44.3017  -44.2796  -23.4160  -23.3720  -23.2986  -23.2533   -6.4654   -6.3790   -6.2467   -6.0884   -5.8351   -5.4707   -5.3855   -5.1945   -4.6755   -4.4515   -4.1777   -4.0925   -2.5636   -2.4869   -2.2246   -1.5850   -0.9843    4.2692    4.2928    4.4849    4.9528    5.4569    6.7517    7.6615    8.9259    9.8764   10.9150   11.8359   12.0897   12.6731   13.0066   13.6559   14.1862   14.7780   17.8132   18.6762   20.7259   21.0952
  9.9001  -49.3581  -49.3119  -49.2962  -44.3368  -44.3021  -44.2796  -23.4095  -23.3697  -23.3010  -23.2558   -6.4706   -6.3907   -6.2337   -6.0789   -5.8284   -5.4962   -5.3752   -5.2035   -4.6700   -4.4590   -4.1735   -4.0998   -2.5697   -2.4928   -2.2220   -1.5911   -0.9769    4.2647    4.2897    4.4938    4.9585    5.4603    6.8541    7.6925    8.8438    9.7913   11.0104   11.9075   12.0858   12.6716   12.9550   13.6029   14.1531   14.6800   17.8261   18.7070   20.7611   21.0887
  9.9196  -49.3580  -49.3122  -49.2962  -44.3367  -44.3026  -44.2796  -23.4035  -23.3672  -23.3034  -23.2583   -6.4784   -6.4021   -6.2162   -6.0696   -5.8230   -5.5223   -5.3641   -5.2110   -4.6659   -4.4668   -4.1690   -4.1064   -2.5757   -2.4983   -2.2195   -1.5965   -0.9702    4.2606    4.2868    4.5022    4.9641    5.4633    6.9563    7.7243    8.7615    9.7053   11.1060   11.9761   12.0888   12.6705   12.9018   13.5505   14.1200   14.5873   17.8347   18.7415   20.7956   21.0832
  9.9391  -49.3580  -49.3125  -49.2961  -44.3366  -44.3030  -44.2795  -23.3980  -23.3645  -23.3058  -23.2609   -6.4875   -6.4132   -6.1953   -6.0606   -5.8195   -5.5476   -5.3535   -5.2169   -4.6631   -4.4747   -4.1642   -4.1124   -2.5814   -2.5033   -2.2173   -1.6014   -0.9641    4.2568    4.2842    4.5098    4.9696    5.4661    7.0582    7.7565    8.6793    9.6201   11.2008   12.0267   12.1130   12.6679   12.8496   13.4978   14.0867   14.5009   17.8403   18.7778   20.8292   21.0790
  9.9586  -49.3579  -49.3127  -49.2961  -44.3365  -44.3034  -44.2795  -23.3931  -23.3615  -23.3081  -23.2634   -6.4969   -6.4238   -6.1721   -6.0521   -5.8184   -5.5714   -5.3442   -5.2210   -4.6613   -4.4825   -4.1596   -4.1175   -2.5869   -2.5078   -2.2153   -1.6058   -0.9585    4.2533    4.2819    4.5167    4.9749    5.4687    7.1595    7.7890    8.5972    9.5371   11.2937   12.0451   12.1719   12.6588   12.8037   13.4440   14.0534   14.4217   17.8440   18.8144   20.8615   21.0764
  9.9780  -49.3579  -49.3130  -49.2961  -44.3365  -44.3037  -44.2795  -23.3888  -23.3582  -23.3106  -23.2659   -6.5060   -6.4336   -6.1473   -6.0442   -5.8203   -5.5928   -5.3366   -5.2230   -4.6604   -4.4900   -4.1553   -4.1216   -2.5919   -2.5118   -2.2135   -1.6095   -0.9537    4.2502    4.2798    4.5229    4.9798    5.4709    7.2599    7.8212    8.5151    9.4575   11.3837   12.0507   12.2457   12.6345   12.7732   13.3885   14.0203   14.3510   17.8464   18.8496   20.8920   21.0747
  9.9975  -49.3578  -49.3132  -49.2961  -44.3364  -44.3040  -44.2795  -23.3852  -23.3547  -23.3130  -23.2683   -6.5143   -6.4424   -6.1216   -6.0372   -5.8258   -5.6112   -5.3310   -5.2231   -4.6602   -4.4972   -4.1518   -4.1246   -2.5965   -2.5153   -2.2119   -1.6128   -0.9495    4.2475    4.2779    4.5283    4.9844    5.4728    7.3592    7.8527    8.4332    9.3828   11.4698   12.0546   12.3228   12.5916   12.7619   13.3308   13.9876   14.2899   17.8480   18.8823   20.9205   21.0742
 10.0170  -49.3578  -49.3133  -49.2961  -44.3364  -44.3042  -44.2795  -23.3823  -23.3509  -23.3157  -23.2705   -6.5217   -6.4500   -6.0955   -6.0310   -5.8351   -5.6261   -5.3272   -5.2217   -4.6605   -4.5036   -4.1495   -4.1262   -2.6005   -2.5183   -2.2106   -1.6155   -0.9459    4.2452    4.2764    4.5329    4.9884    5.4745    7.4570    7.8824    8.3510    9.3146   11.5502   12.0600   12.3989   12.5379   12.7635   13.2709   13.9560   14.2389   17.8491   18.9117   20.9459   21.0747
 10.0365  -49.3578  -49.3135  -49.2961  -44.3363  -44.3045  -44.2795  -23.3800  -23.3471  -23.3184  -23.2725   -6.5279   -6.4564   -6.0695   -6.0258   -5.8481   -5.6374   -5.3248   -5.2194   -4.6610   -4.5092   -4.1484   -4.1264   -2.6040   -2.5207   -2.2095   -1.6177   -0.9430    4.2433    4.2751    4.5367    4.9918    5.4758    7.5532    7.9095    8.2685    9.2548   11.6231   12.0689   12.4562   12.4954   12.7720   13.2089   13.9268   14.1984   17.8499   18.9367   20.9680   21.0759
 10.0559  -49.3578  -49.3136  -49.2961  -44.3363  -44.3046  -44.2794  -23.3783  -23.3434  -23.3210  -23.2741   -6.5328   -6.4615   -6.0444   -6.0216   -5.8638   -5.6454   -5.3236   -5.2167   -4.6616   -4.5138   -4.1483   -4.1257   -2.6067   -2.5226   -2.2086   -1.6194   -0.9407    4.2418    4.2741    4.5397    4.9946    5.4769    7.6474    7.9328    8.1856    9.2053   11.6853   12.0829   12.4119   12.5476   12.7856   13.1462   13.9015   14.1679   17.8505   18.9568   20.9860   21.0775
 10.0754  -49.3578  -49.3137  -49.2961  -44.3363  -44.3047  -44.2794  -23.3771  -23.3399  -23.3237  -23.2754   -6.5363   -6.4652   -6.0229   -6.0170   -5.8806   -5.6506   -5.3229   -5.2144   -4.6622   -4.5172   -4.1486   -4.1247   -2.6086   -2.5239   -2.2080   -1.6206   -0.9391    4.2408    4.2734    4.5418    4.9966    5.4776    7.7390    7.9507    8.1023    9.1681   11.7332   12.1028   12.3562   12.6025   12.8049   13.0856   13.8818   14.1469   17.8510   18.9715   20.9992   21.0791
 10.0949  -49.3578  -49.3137  -49.2961  -44.3363  -44.3048  -44.2794  -23.3764  -23.3369  -23.3261  -23.2761   -6.5385   -6.4674   -6.0177   -6.0023   -5.8952   -5.6534   -5.3227   -5.2128   -4.6626   -4.5193   -4.1490   -4.1240   -2.6098   -2.5248   -2.2076   -1.6214   -0.9381    4.2401    4.2729    4.5431    4.9978    5.4781    7.8261    7.9622    8.0206    9.1451   11.7634   12.1254   12.3101   12.6389   12.8287   13.0345   13.8694   14.1346   17.8512   18.9805   21.0073   21.0803
 10.1143  -49.3578  -49.3137  -49.2961  -44.3363  -44.3048  -44.2794  -23.3762  -23.3355  -23.3273  -23.2764   -6.5392   -6.4681   -6.0169   -5.9951   -5.9015   -5.6544   -5.3226   -5.2122   -4.6627   -4.5200   -4.1491   -4.1237   -2.6103   -2.5250   -2.2075   -1.6216   -0.9378    4.2399    4.2728    4.5436    4.9982    5.4783    7.8838    7.9644    7.9663    9.1371   11.7737   12.1374   12.2901   12.6513   12.8422   13.0117   13.8651   14.1306   17.8513   18.9835   21.0097   21.0808
 10.1143  -49.3578  -49.3137  -49.2961  -44.3363  -44.3048  -44.2794  -23.3762  -23.3355  -23.3273  -23.2764   -6.5392   -6.4681   -6.0169   -5.9951   -5.9015   -5.6544   -5.3226   -5.2122   -4.6627   -4.5200   -4.1491   -4.1237   -2.6103   -2.5250   -2.2075   -1.6216   -0.9378    4.2399    4.2728    4.5436    4.9982    5.4783    7.8838    7.9644    7.9663    9.1371   11.7737   12.1374   12.2901   12.6513   12.8422   13.0117   13.8651   14.1306   17.8513   18.9835   21.0101   21.0809
 10.1366  -49.3578  -49.3137  -49.2961  -44.3362  -44.3048  -44.2794  -23.3761  -23.3354  -23.3273  -23.2761   -6.5398   -6.4691   -6.0174   -6.0074   -5.8886   -5.6544   -5.3237   -5.2117   -4.6612   -4.5188   -4.1489   -4.1235   -2.6102   -2.5250   -2.2075   -1.6214   -0.9380    4.2400    4.2728    4.5436    4.9980    5.4777    7.8802    7.9662    7.9718    9.1374   11.7215   12.1882   12.2799   12.6457   12.7475   13.1087   13.8763   14.1405   17.8514   18.9834   21.0058   21.0751
 10.1588  -49.3578  -49.3137  -49.2961  -44.3362  -44.3048  -44.2794  -23.3765  -23.3350  -23.3279  -23.2756   -6.5417   -6.4719   -6.0336   -6.0191   -5.8607   -5.6543   -5.3266   -5.2103   -4.6567   -4.5153   -4.1482   -4.1230   -2.6100   -2.5251   -2.2077   -1.6207   -0.9388    4.2402    4.2729    4.5437    4.9975    5.4760    7.8713    7.9717    7.9859    9.1377   11.6107   12.2500   12.2895   12.6021   12.6349   13.2602   13.9095   14.1694   17.8515   18.9826   20.9940   21.0581
 10.1810  -49.3578  -49.3137  -49.2961  -44.3362  -44.3048  -44.2794  -23.3770  -23.3344  -23.3288  -23.2746   -6.5450   -6.4765   -6.0633   -6.0219   -5.8284   -5.6541   -5.3312   -5.2081   -4.6494   -4.5096   -4.1470   -4.1221   -2.6097   -2.5252   -2.2080   -1.6196   -0.9400    4.2406    4.2730    4.5439    4.9967    5.4731    7.8603    7.9807    8.0057    9.1382   11.4831   12.2019   12.3733   12.4541   12.6474   13.4179   13.9633   14.2151   17.8516   18.9813   20.9748   21.0315
 10.2033  -49.3578  -49.3137  -49.2961  -44.3363  -44.3048  -44.2794  -23.3777  -23.3338  -23.3299  -23.2735   -6.5497   -6.4828   -6.0929   -6.0261   -5.7955   -5.6535   -5.3367   -5.2051   -4.6395   -4.5016   -4.1454   -4.1209   -2.6093   -2.5253   -2.2084   -1.6181   -0.9418    4.2411    4.2731    4.5442    4.9955    5.4691    7.8490    7.9933    8.0292    9.1389   11.3516   12.1373   12.3098   12.3839   12.7285   13.5750   14.0366   14.2748   17.8517   18.9793   20.9481   20.9960
 10.2255  -49.3578  -49.3137  -49.2961  -44.3363  -44.3048  -44.2794  -23.3785  -23.3328  -23.3313  -23.2720   -6.5561   -6.4905   -6.1210   -6.0317   -5.7639   -5.6523   -5.3422   -5.2015   -4.6275   -4.4916   -4.1433   -4.1194   -2.6088   -2.5254   -2.2089   -1.6161   -0.9441    4.2417    4.2732    4.5445    4.9940    5.4640    7.8383    8.0094    8.0555    9.1399   11.2206   12.0566   12.1730   12.3358   12.8625   13.7278   14.1289   14.3458   17.8518   18.9769   20.9153   20.9543
 10.2477  -49.3578  -49.3137  -49.2961  -44.3363  -44.3048  -44.2794  -23.3795  -23.3329  -23.3318  -23.2703   -6.5643   -6.4995   -6.1467   -6.0390   -5.7352   -5.6502   -5.3466   -5.1974   -4.6135   -4.4796   -4.1409   -4.1175   -2.6082   -2.5255   -2.2095   -1.6138   -0.9467    4.2424    4.2734    4.5449    4.9923    5.4581    7.8285    8.0289    8.0844    9.1411   11.0919   11.9568   12.0499   12.2616   13.0174   13.8725   14.2407   14.4253   17.8517   18.9739   20.8770   20.9074
 10.2699  -49.3578  -49.3137  -49.2961  -44.3363  -44.3048  -44.2794  -23.3806  -23.3347  -23.3306  -23.2684   -6.5745   -6.5095   -6.1696   -6.0480   -5.7107   -5.6471   -5.3484   -5.1931   -4.5981   -4.4660   -4.1380   -4.1154   -2.6076   -2.5257   -2.2102   -1.6111   -0.9499    4.2433    4.2736    4.5453    4.9903    5.4512    7.8197    8.0518    8.1156    9.1424   10.9665   11.8388   11.9422   12.1741   13.1816   14.0066   14.3719   14.5113   17.8516   18.9703   20.8334   20.8565
 10.2922  -49.3578  -49.3137  -49.2961  -44.3363  -44.3048  -44.2794  -23.3817  -23.3364  -23.3293  -23.2664   -6.5866   -6.5204   -6.1893   -6.0587   -5.6921   -5.6429   -5.3462   -5.1887   -4.5815   -4.4508   -4.1349   -4.1128   -2.6068   -2.5259   -2.2111   -1.6080   -0.9533    4.2443    4.2739    4.5458    4.9880    5.4436    7.8120    8.0778    8.1490    9.1439   10.8450   11.7131   11.8417   12.0785   13.3510   14.1299   14.5202   14.6021   17.8511   18.9662   20.7853   20.8019
 10.3144  -49.3578  -49.3137  -49.2961  -44.3363  -44.3048  -44.2794  -23.3830  -23.3384  -23.3281  -23.2645   -6.6007   -6.5318   -6.2056   -6.0710   -5.6804   -5.6377   -5.3387   -5.1842   -4.5642   -4.4343   -4.1314   -4.1100   -2.6061   -2.5261   -2.2120   -1.6047   -0.9572    4.2454    4.2741    4.5463    4.9855    5.4353    7.8053    8.1070    8.1844    9.1454   10.7277   11.5866   11.7424   11.9771   13.5240   14.2445   14.6820   14.6963   17.8503   18.9613   20.7328   20.7442
 10.3366  -49.3578  -49.3137  -49.2961  -44.3363  -44.3048  -44.2794  -23.3842  -23.3403  -23.3267  -23.2625   -6.6166   -6.5437   -6.2185   -6.0846   -5.6761   -5.6314   -5.3254   -5.1798   -4.5463   -4.4166   -4.1277   -4.1069   -2.6053   -2.5264   -2.2130   -1.6010   -0.9614    4.2466    4.2743    4.5469    4.9828    5.4265    7.7999    8.1393    8.2220    9.1473   10.6151   11.4627   11.6428   11.8718   13.6994   14.3529   14.7930   14.8532   17.8490   18.9559   20.6769   20.6836
 10.3589  -49.3578  -49.3137  -49.2961  -44.3363  -44.3048  -44.2795  -23.3854  -23.3423  -23.3254  -23.2604   -6.6340   -6.5558   -6.2280   -6.0995   -5.6788   -5.6243   -5.3068   -5.1755   -4.5282   -4.3981   -4.1238   -4.1035   -2.6045   -2.5266   -2.2142   -1.5971   -0.9659    4.2479    4.2746    4.5475    4.9800    5.4171    7.7955    8.1745    8.2616    9.1492   10.5072   11.3423   11.5430   11.7639   13.8765   14.4569   14.8915   15.0308   17.8471   18.9496   20.6167   20.6202
 10.3811  -49.3578  -49.3137  -49.2961  -44.3363  -44.3048  -44.2795  -23.3867  -23.3442  -23.3241  -23.2584   -6.6527   -6.5679   -6.2344   -6.1152   -5.6875   -5.6165   -5.2838   -5.1714   -4.5102   -4.3790   -4.1198   -4.0999   -2.6037   -2.5268   -2.2154   -1.5930   -0.9706    4.2493    4.2749    4.5482    4.9771    5.4075    7.7922    8.2123    8.3030    9.1513   10.4046   11.2260   11.4433   11.6541   14.0547   14.5575   14.9910   15.2126   17.8443   18.9425   20.5524   20.5539
 10.4033  -49.3578  -49.3137  -49.2961  -44.3363  -44.3048  -44.2795  -23.3878  -23.3460  -23.3227  -23.2563   -6.6722   -6.5800   -6.2380   -6.1316   -5.7009   -5.6082   -5.2577   -5.1675   -4.4924   -4.3594   -4.1157   -4.0960   -2.6030   -2.5271   -2.2168   -1.5887   -0.9755    4.2507    4.2752    4.5488    4.9741    5.3977    7.7898    8.2528    8.3462    9.1536   10.3073   11.1143   11.3445   11.5435   14.2333   14.6552   15.0911   15.3968   17.8407   18.9349   20.4850   20.4860
 10.4255  -49.3578  -49.3137  -49.2961  -44.3363  -44.3048  -44.2794  -23.3890  -23.3478  -23.3213  -23.2542   -6.6922   -6.5918   -6.2389   -6.1484   -5.7177   -5.5996   -5.2298   -5.1639   -4.4751   -4.3395   -4.1117   -4.0919   -2.6022   -2.5273   -2.2181   -1.5843   -0.9805    4.2522    4.2754    4.5494    4.9710    5.3878    7.7883    8.2958    8.3910    9.1559   10.2158   11.0072   11.2467   11.4324   14.4119   14.7501   15.1914   15.5824   17.8360   18.9265   20.4128   20.4163
 10.4478  -49.3578  -49.3137  -49.2961  -44.3363  -44.3048  -44.2795  -23.3902  -23.3496  -23.3200  -23.2523   -6.7122   -6.6032   -6.2376   -6.1653   -5.7370   -5.5908   -5.2010   -5.1606   -4.4584   -4.3196   -4.1077   -4.0876   -2.6016   -2.5275   -2.2196   -1.5798   -0.9856    4.2537    4.2757    4.5501    4.9679    5.3779    7.7877    8.3408    8.4371    9.1580   10.1302   10.9046   11.1507   11.3213   14.5894   14.8419   15.2913   15.7682   17.8300   18.9174   20.3377   20.3444
 10.4700  -49.3578  -49.3137  -49.2961  -44.3363  -44.3048  -44.2795  -23.3913  -23.3513  -23.3187  -23.2504   -6.7320   -6.6142   -6.2342   -6.1820   -5.7581   -5.5820   -5.1722   -5.1575   -4.4425   -4.2999   -4.1039   -4.0831   -2.6010   -2.5278   -2.2211   -1.5753   -0.9907    4.2552    4.2760    4.5507    4.9649    5.3681    7.7878    8.3878    8.4845    9.1603   10.0510   10.8070   11.0570   11.2107   14.7654   14.9306   15.3905   15.9534   17.8225   18.9076   20.2617   20.2754
 10.4922  -49.3578  -49.3137  -49.2961  -44.3363  -44.3048  -44.2795  -23.3924  -23.3530  -23.3176  -23.2486   -6.7512   -6.6246   -6.2290   -6.1984   -5.7804   -5.5735   -5.1547   -5.1438   -4.4275   -4.2805   -4.1004   -4.0785   -2.6004   -2.5279   -2.2226   -1.5709   -0.9958    4.2567    4.2762    4.5513    4.9619    5.3586    7.7886    8.4367    8.5325    9.1623    9.9785   10.7141   10.9663   11.1010   14.9389   15.0158   15.4886   16.1370   17.8133   18.8973   20.1774   20.1981
 10.5145  -49.3578  -49.3137  -49.2961  -44.3363  -44.3048  -44.2795  -23.3935  -23.3545  -23.3165  -23.2470   -6.7696   -6.6343   -6.2221   -6.2143   -5.8034   -5.5652   -5.1522   -5.1165   -4.4135   -4.2616   -4.0973   -4.0739   -2.6000   -2.5281   -2.2241   -1.5666   -1.0008    4.2581    4.2764    4.5519    4.9590    5.3495    7.7898    8.4869    8.5809    9.1640    9.9133   10.6260   10.8792   10.9928   15.0971   15.1089   15.5852   16.3178   17.8023   18.8866   20.0884   20.1409
 10.5367  -49.3578  -49.3137  -49.2961  -44.3363  -44.3048  -44.2795  -23.3945  -23.3560  -23.3155  -23.2455   -6.7870   -6.6434   -6.2293   -6.2138   -5.8269   -5.5573   -5.1499   -5.0905   -4.4006   -4.2433   -4.0945   -4.0693   -2.5996   -2.5283   -2.2256   -1.5624   -1.0056    4.2596    4.2766    4.5524    4.9563    5.3408    7.7916    8.5382    8.6289    9.1654    9.8558   10.5426   10.7965   10.8865   15.1742   15.2741   15.6799   16.4948   17.7893   18.8759   19.9942   20.0496
 10.5589  -49.3578  -49.3137  -49.2961  -44.3363  -44.3048  -44.2795  -23.3951  -23.3571  -23.3144  -23.2440   -6.8031   -6.6518   -6.2434   -6.2041   -5.8505   -5.5500   -5.1478   -5.0662   -4.3888   -4.2257   -4.0923   -4.0648   -2.5992   -2.5284   -2.2270   -1.5584   -1.0101    4.2609    4.2768    4.5529    4.9537    5.3328    7.7938    8.5903    8.6760    9.1664    9.8067   10.4642   10.7192   10.7826   15.2464   15.4333   15.7722   16.6665   17.7745   18.8657   19.8919   19.9584
 10.5811  -49.3578  -49.3137  -49.2961  -44.3363  -44.3048  -44.2795  -23.3959  -23.3583  -23.3136  -23.2428   -6.8179   -6.6593   -6.2565   -6.1933   -5.8741   -5.5432   -5.1460   -5.0438   -4.3783   -4.2091   -4.0908   -4.0604   -2.5990   -2.5285   -2.2284   -1.5547   -1.0144    4.2622    4.2770    4.5534    4.9513    5.3253    7.7962    8.6426    8.7212    9.1665    9.7666   10.3906   10.6476   10.6815   15.3133   15.5844   15.8613   16.8313   17.7577   18.8564   19.7958   19.8676
 10.6034  -49.3578  -49.3137  -49.2961  -44.3363  -44.3048  -44.2795  -23.3967  -23.3594  -23.3129  -23.2417   -6.8312   -6.6660   -6.2683   -6.1813   -5.8974   -5.5371   -5.1445   -5.0236   -4.3690   -4.1934   -4.0899   -4.0563   -2.5988   -2.5286   -2.2297   -1.5512   -1.0184    4.2634    4.2771    4.5538    4.9491    5.3185    7.7987    8.6944    8.7636    9.1658    9.7362   10.3220   10.5827   10.5840   15.3743   15.7255   15.9467   16.9872   17.7394   18.8489   19.7084   19.7900
 10.6256  -49.3578  -49.3137  -49.2961  -44.3363  -44.3048  -44.2795  -23.3973  -23.3604  -23.3123  -23.2407   -6.8429   -6.6719   -6.2788   -6.1684   -5.9202   -5.5318   -5.1431   -5.0058   -4.3610   -4.1788   -4.0898   -4.0525   -2.5987   -2.5287   -2.2308   -1.5482   -1.0219    4.2645    4.2772    4.5541    4.9472    5.3124    7.8012    8.7450    8.8020    9.1638    9.7159   10.2591   10.4908   10.5252   15.4287   15.8538   16.0279   17.1318   17.7200   18.8440   19.6236   19.7038
 10.6478  -49.3578  -49.3137  -49.2961  -44.3363  -44.3048  -44.2795  -23.3980  -23.3613  -23.3118  -23.2399   -6.8529   -6.6768   -6.2879   -6.1548   -5.9423   -5.5271   -5.1420   -4.9904   -4.3542   -4.1654   -4.0905   -4.0491   -2.5986   -2.5287   -2.2319   -1.5455   -1.0250    4.2654    4.2773    4.5544    4.9455    5.3072    7.8035    8.7935    8.8355    9.1604    9.7061   10.2025   10.4031   10.4756   15.4761   15.9660   16.1040   17.2623   17.7005   18.8424   19.5534   19.6271
 10.6701  -49.3578  -49.3137  -49.2961  -44.3363  -44.3048  -44.2795  -23.3984  -23.3619  -23.3113  -23.2392   -6.8612   -6.6809   -6.2954   -6.1407   -5.9634   -5.5233   -5.1411   -4.9777   -4.3487   -4.1533   -4.0920   -4.0462   -2.5985   -2.5288   -2.2327   -1.5433   -1.0276    4.2662    4.2774    4.5547    4.9441    5.3030    7.8056    8.8385    8.8632    9.1555    9.7061   10.1534   10.3228   10.4347   15.5158   16.0590   16.1744   17.3756   17.6818   18.8445   19.4940   19.5576
 10.6923  -49.3578  -49.3138  -49.2961  -44.3363  -44.3049  -44.2795  -23.3988  -23.3625  -23.3109  -23.2387   -6.8677   -6.6841   -6.3013   -6.1265   -5.9831   -5.5203   -5.1404   -4.9677   -4.3444   -4.1426   -4.0944   -4.0439   -2.5985   -2.5288   -2.2334   -1.5415   -1.0296    4.2668    4.2775    4.5549    4.9430    5.2996    7.8074    8.8783    8.8848    9.1492    9.7140   10.1128   10.2519   10.4025   15.5473   16.1305   16.2365   17.4683   17.6652   18.8501   19.4486   19.5130
 10.7145  -49.3578  -49.3138  -49.2961  -44.3363  -44.3049  -44.2795  -23.3990  -23.3629  -23.3107  -23.2383   -6.8724   -6.6864   -6.3056   -6.1132   -6.0003   -5.5182   -5.1399   -4.9605   -4.3413   -4.1336   -4.0973   -4.0422   -2.5984   -2.5288   -2.2339   -1.5402   -1.0311    4.2672    4.2775    4.5550    4.9422    5.2971    7.8087    8.8999    8.9106    9.1424    9.7267   10.0826   10.1945   10.3795   15.5702   16.1804   16.2860   17.5373   17.6521   18.8576   19.4149   19.4603
 10.7367  -49.3578  -49.3138  -49.2961  -44.3363  -44.3049  -44.2795  -23.3991  -23.3630  -23.3104  -23.2379   -6.8752   -6.6878   -6.3082   -6.1027   -6.0132   -5.5169   -5.1396   -4.9561   -4.3395   -4.1271   -4.1003   -4.0412   -2.5984   -2.5288   -2.2342   -1.5394   -1.0320    4.2675    4.2776    4.5551    4.9417    5.2957    7.8096    8.9090    8.9323    9.1367    9.7386   10.0639   10.1560   10.3657   15.5841   16.2100   16.3178   17.5798   17.6437   18.8643   19.3961   19.4389
 10.7590  -49.3578  -49.3138  -49.2961  -44.3363  -44.3049  -44.2795  -23.3991  -23.3630  -23.3102  -23.2377   -6.8762   -6.6882   -6.3090   -6.0984   -6.0182   -5.5164   -5.1395   -4.9547   -4.3389   -4.1244   -4.1017   -4.0408   -2.5984   -2.5288   -2.2343   -1.5392   -1.0323    4.2676    4.2776    4.5551    4.9416    5.2952    7.8099    8.9120    8.9400    9.1345    9.7436   10.0575   10.1422   10.3612   15.5888   16.2198   16.3288   17.5942   17.6409   18.8670   19.3872   19.4257
 10.7590  -49.3578  -49.3138  -49.2961  -44.3363  -44.3049  -44.2795  -23.3991  -23.3630  -23.3102  -23.2377   -6.8762   -6.6882   -6.3090   -6.0984   -6.0182   -5.5164   -5.1395   -4.9547   -4.3389   -4.1244   -4.1017   -4.0408   -2.5984   -2.5288   -2.2343   -1.5392   -1.0323    4.2676    4.2776    4.5551    4.9416    5.2952    7.8099    8.9120    8.9400    9.1345    9.7436   10.0575   10.1422   10.3612   15.5888   16.2198   16.3288   17.5942   17.6409   18.8670   19.3894   19.4262
 10.7823  -49.3578  -49.3137  -49.2961  -44.3363  -44.3048  -44.2795  -23.3992  -23.3631  -23.3104  -23.2379   -6.8757   -6.6878   -6.3083   -6.1038   -6.0129   -5.5153   -5.1398   -4.9546   -4.3397   -4.1268   -4.1001   -4.0419   -2.5982   -2.5284   -2.2345   -1.5391   -1.0328    4.2678    4.2777    4.5547    4.9417    5.2953    7.8061    8.9086    8.9354    9.1257    9.7485   10.0630   10.1462   10.3770   15.5833   16.2103   16.3215   17.5866   17.6536   18.8554   19.3955   19.4413
 10.8056  -49.3578  -49.3137  -49.2961  -44.3363  -44.3047  -44.2795  -23.3993  -23.3635  -23.3105  -23.2379   -6.8741   -6.6864   -6.3061   -6.1168   -6.0000   -5.5117   -5.1406   -4.9545   -4.3422   -4.1328   -4.0965   -4.0452   -2.5975   -2.5270   -2.2350   -1.5387   -1.0341    4.2683    4.2781    4.5535    4.9422    5.2956    7.7946    8.8949    8.9272    9.1001    9.7643   10.0775   10.1582   10.4240   15.5667   16.1822   16.3010   17.5642   17.6904   18.8220   19.4024   19.4390
 10.8289  -49.3578  -49.3136  -49.2961  -44.3364  -44.3046  -44.2795  -23.3995  -23.3640  -23.3107  -23.2378   -6.8716   -6.6842   -6.3025   -6.1331   -5.9840   -5.5058   -5.1420   -4.9544   -4.3463   -4.1407   -4.0925   -4.0505   -2.5963   -2.5248   -2.2357   -1.5382   -1.0364    4.2691    4.2788    4.5515    4.9430    5.2960    7.7748    8.8685    8.9215    9.0605    9.7916   10.0965   10.1797   10.4985   15.5377   16.1371   16.2713   17.5276   17.7477   18.7701   19.4280   19.4479
 10.8523  -49.3578  -49.3135  -49.2961  -44.3364  -44.3045  -44.2795  -23.3998  -23.3649  -23.3109  -23.2377   -6.8682   -6.6810   -6.2974   -6.1504   -5.9673   -5.4975   -5.1439   -4.9541   -4.3522   -4.1500   -4.0887   -4.0577   -2.5947   -2.5217   -2.2368   -1.5375   -1.0395    4.2702    4.2797    4.5488    4.9440    5.2967    7.7456    8.8340    8.9148    9.0144    9.8286   10.1153   10.2136   10.5953   15.4952   16.0765   16.2378   17.4780   17.8208   18.7037   19.4550   19.4710
 10.8756  -49.3579  -49.3133  -49.2961  -44.3364  -44.3043  -44.2795  -23.4001  -23.3661  -23.3112  -23.2377   -6.8638   -6.6769   -6.2910   -6.1676   -5.9510   -5.4868   -5.1464   -4.9538   -4.3598   -4.1603   -4.0852   -4.0666   -2.5926   -2.5178   -2.2381   -1.5367   -1.0435    4.2717    4.2808    4.5452    4.9454    5.2975    7.7063    8.7931    8.9000    8.9766    9.8713   10.1326   10.2623   10.7088   15.4381   16.0020   16.2056   17.4169   17.9051   18.6266   19.4623   19.5171
 10.8989  -49.3579  -49.3132  -49.2961  -44.3365  -44.3040  -44.2796  -23.4007  -23.3678  -23.3113  -23.2375   -6.8585   -6.6718   -6.2833   -6.1840   -5.9360   -5.4737   -5.1493   -4.9535   -4.3693   -4.1716   -4.0828   -4.0761   -2.5900   -2.5132   -2.2396   -1.5356   -1.0482    4.2734    4.2822    4.5409    4.9470    5.2984    7.6561    8.7427    8.8736    8.9609    9.9156   10.1504   10.3252   10.8351   15.3665   15.9150   16.1784   17.3458   17.9962   18.5421   19.4721   19.5831
 10.9222  -49.3579  -49.3130  -49.2962  -44.3365  -44.3037  -44.2796  -23.4013  -23.3699  -23.3112  -23.2374   -6.8525   -6.6658   -6.2742   -6.1994   -5.9226   -5.4584   -5.1527   -4.9531   -4.3808   -4.1836   -4.0901   -4.0775   -2.5870   -2.5080   -2.2412   -1.5344   -1.0535    4.2755    4.2839    4.5358    4.9488    5.2994    7.5952    8.6805    8.8487    8.9619    9.9579   10.1721   10.4003   10.9712   15.2815   15.8169   16.1580   17.2661   18.0892   18.4545   19.4839   19.6276
 10.9455  -49.3580  -49.3127  -49.2962  -44.3366  -44.3034  -44.2796  -23.4019  -23.3725  -23.3110  -23.2372   -6.8457   -6.6587   -6.2640   -6.2135   -5.9111   -5.4412   -5.1563   -4.9527   -4.3941   -4.1964   -4.1025   -4.0748   -2.5836   -2.5021   -2.2431   -1.5331   -1.0595    4.2778    4.2857    4.5300    4.9508    5.3005    7.5240    8.6092    8.8324    8.9724    9.9948   10.2010   10.4858   11.1151   15.1848   15.7093   16.1445   17.1792   18.1724   18.3747   19.4980   19.6803
 10.9689  -49.3580  -49.3125  -49.2962  -44.3367  -44.3030  -44.2796  -23.4027  -23.3756  -23.3105  -23.2370   -6.8383   -6.6505   -6.2526   -6.2259   -5.9016   -5.4226   -5.1601   -4.9524   -4.4095   -4.2097   -4.1159   -4.0718   -2.5798   -2.4959   -2.2450   -1.5316   -1.0659    4.2804    4.2878    4.5234    4.9530    5.3016    7.4433    8.5333    8.8234    8.9915   10.0244   10.2395   10.5798   11.2654   15.0788   15.5939   16.1370   17.0866   18.1899   18.3582   19.5146   19.7206
 10.9922  -49.3580  -49.3122  -49.2962  -44.3367  -44.3026  -44.2796  -23.4035  -23.3791  -23.3096  -23.2367   -6.8305   -6.6411   -6.2416   -6.2353   -5.8941   -5.4032   -5.1636   -4.9521   -4.4269   -4.2235   -4.1297   -4.0688   -2.5755   -2.4892   -2.2469   -1.5299   -1.0727    4.2833    4.2901    4.5162    4.9554    5.3028    7.3542    8.4556    8.8187    9.0195   10.0467   10.2881   10.6809   11.4213   14.9653   15.4723   16.1340   16.9897   18.1163   18.4301   19.5345   19.7594
 11.0155  -49.3581  -49.3119  -49.2962  -44.3368  -44.3022  -44.2796  -23.4046  -23.3831  -23.3085  -23.2365   -6.8224   -6.6306   -6.2466   -6.2259   -5.8885   -5.3839   -5.1663   -4.9518   -4.4462   -4.2376   -4.1435   -4.0656   -2.5709   -2.4824   -2.2489   -1.5282   -1.0798    4.2864    4.2926    4.5082    4.9579    5.3038    7.2582    8.3777    8.8163    9.0567   10.0633   10.3451   10.7876   11.5818   14.8459   15.3459   16.1340   16.8902   18.0207   18.5207   19.5579   19.7917
 11.0388  -49.3581  -49.3115  -49.2962  -44.3369  -44.3017  -44.2797  -23.4060  -23.3873  -23.3071  -23.2361   -6.8142   -6.6189   -6.2537   -6.2116   -5.8846   -5.3660   -5.1676   -4.9517   -4.4673   -4.2519   -4.1571   -4.0622   -2.5660   -2.4753   -2.2507   -1.5262   -1.0870    4.2898    4.2953    4.4995    4.9605    5.3047    7.1564    8.3006    8.8149    9.1032   10.0763   10.4092   10.8989   11.7466   14.7221   15.2161   16.1348   16.7902   17.9209   18.6122   19.5853   19.8224
 11.0621  -49.3582  -49.3112  -49.2963  -44.3370  -44.3012  -44.2797  -23.4080  -23.3917  -23.3055  -23.2359   -6.8060   -6.6058   -6.2589   -6.1964   -5.8823   -5.3509   -5.1663   -4.9518   -4.4903   -4.2663   -4.1703   -4.0586   -2.5608   -2.4682   -2.2526   -1.5241   -1.0944    4.2933    4.2983    4.4902    4.9631    5.3054    7.0499    8.2247    8.8140    9.1583   10.0871   10.4788   11.0138   11.9149   14.5948   15.0841   16.1334   16.6923   17.8206   18.7003   19.6174   19.8509
 11.0855  -49.3583  -49.3108  -49.2963  -44.3371  -44.3006  -44.2797  -23.4111  -23.3955  -23.3035  -23.2355   -6.7981   -6.5915   -6.2621   -6.1805   -5.8814   -5.3403   -5.1612   -4.9522   -4.5148   -4.2805   -4.1826   -4.0546   -2.5553   -2.4611   -2.2542   -1.5217   -1.1016    4.2971    4.3015    4.4803    4.9658    5.3058    6.9397    8.1505    8.8134    9.2214   10.0969   10.5532   11.1316   12.0867   14.4649   14.9511   16.1253   16.6017   17.7215   18.7833   19.6546   19.8780
 11.1088  -49.3583  -49.3104  -49.2963  -44.3372  -44.3000  -44.2798  -23.4157  -23.3985  -23.3014  -23.2351   -6.7906   -6.5759   -6.2632   -6.1640   -5.8816   -5.3352   -5.1518   -4.9529   -4.5407   -4.2944   -4.1939   -4.0502   -2.5496   -2.4541   -2.2558   -1.5191   -1.1087    4.3010    4.3049    4.4696    4.9685    5.3058    6.8267    8.0779    8.8129    9.2918   10.1063   10.6315   11.2516   12.2613   14.3332   14.8182   16.1034   16.5254   17.6245   18.8596   19.6973   19.9036
 11.1321  -49.3584  -49.3099  -49.2963  -44.3373  -44.2994  -44.2798  -23.4217  -23.4005  -23.2990  -23.2347   -6.7837   -6.5592   -6.2621   -6.1470   -5.8828   -5.3357   -5.1381   -4.9539   -4.5679   -4.3077   -4.2040   -4.0455   -2.5437   -2.4474   -2.2571   -1.5161   -1.1156    4.3050    4.3086    4.4584    4.9711    5.3054    6.7117    8.0072    8.8128    9.3686   10.1158   10.7134   11.3733   12.4385   14.2002   14.6865   16.0595   16.4721   17.5303   18.9285   19.7459   19.9281
 11.1554  -49.3585  -49.3095  -49.2964  -44.3374  -44.2987  -44.2798  -23.4288  -23.4017  -23.2964  -23.2342   -6.7774   -6.5417   -6.2588   -6.1296   -5.8846   -5.3411   -5.1212   -4.9555   -4.5961   -4.3204   -4.2127   -4.0403   -2.5378   -2.4409   -2.2582   -1.5127   -1.1221    4.3091    4.3126    4.4465    4.9736    5.3044    6.5953    7.9385    8.8131    9.4511   10.1256   10.7981   11.4960   12.6175   14.0667   14.5571   15.9906   16.4450   17.4393   18.9892   19.8001   19.9519
 11.1788  -49.3585  -49.3090  -49.2964  -44.3376  -44.2980  -44.2799  -23.4368  -23.4026  -23.2937  -23.2337   -6.7719   -6.5235   -6.2531   -6.1120   -5.8869   -5.3503   -5.1023   -4.9577   -4.6252   -4.3321   -4.2199   -4.0346   -2.5319   -2.4347   -2.2592   -1.5087   -1.1282    4.3134    4.3168    4.4341    4.9759    5.3026    6.4783    7.8718    8.8137    9.5386   10.1363   10.8854   11.6190   12.7974   13.9339   14.4309   15.9018   16.4395   17.3521   19.0414   19.8589   19.9757
 11.2021  -49.3586  -49.3085  -49.2964  -44.3377  -44.2973  -44.2799  -23.4454  -23.4032  -23.2909  -23.2332   -6.7672   -6.5052   -6.2450   -6.0942   -5.8894   -5.3622   -5.0827   -4.9606   -4.6550   -4.3428   -4.2256   -4.0285   -2.5260   -2.4290   -2.2600   -1.5041   -1.1337    4.3177    4.3213    4.4210    4.9778    5.2999    6.3613    7.8070    8.8148    9.6302   10.1480   10.9744   11.7418   12.9760   13.8037   14.3091   15.8008   16.4484   17.2689   19.0851   19.9191   20.0023
 11.2254  -49.3587  -49.3080  -49.2964  -44.3378  -44.2966  -44.2800  -23.4545  -23.4036  -23.2880  -23.2327   -6.7633   -6.4873   -6.2344   -6.0765   -5.8918   -5.3758   -5.0630   -4.9644   -4.6854   -4.3522   -4.2295   -4.0219   -2.5204   -2.4237   -2.2606   -1.4988   -1.1388    4.3221    4.3261    4.4073    4.9792    5.2960    6.2451    7.7442    8.8163    9.7249   10.1614   11.0646   11.8635   13.1476   13.6818   14.1936   15.6936   16.4664   17.1901   19.1202   19.9700   20.0415
 11.2487  -49.3588  -49.3075  -49.2965  -44.3380  -44.2959  -44.2800  -23.4640  -23.4038  -23.2850  -23.2321   -6.7601   -6.4705   -6.2211   -6.0587   -5.8938   -5.3903   -5.0441   -4.9690   -4.7161   -4.3602   -4.2318   -4.0148   -2.5150   -2.4188   -2.2610   -1.4925   -1.1432    4.3267    4.3310    4.3932    4.9798    5.2907    6.1307    7.6834    8.8182    9.8214   10.1775   11.1554   11.9833   13.2876   13.5906   14.0876   15.5840   16.4902   17.1159   19.1468   20.0006   20.1036
 11.2720  -49.3589  -49.3069  -49.2965  -44.3381  -44.2951  -44.2801  -23.4739  -23.4038  -23.2819  -23.2315   -6.7578   -6.4556   -6.2052   -6.0411   -5.8951   -5.4050   -5.0262   -4.9748   -4.7469   -4.3667   -4.2325   -4.0072   -2.5100   -2.4144   -2.2614   -1.4852   -1.1470    4.3315    4.3360    4.3786    4.9791    5.2835    6.0192    7.6246    8.8205    9.9170   10.1981   11.2454   12.1002   13.3077   13.6094   14.0019   15.4747   16.5180   17.0464   19.1650   20.0188   20.1796
 11.2954  -49.3590  -49.3064  -49.2965  -44.3383  -44.2943  -44.2801  -23.4842  -23.4037  -23.2788  -23.2309   -6.7562   -6.4430   -6.1866   -6.0238   -5.8952   -5.4193   -5.0100   -4.9815   -4.7775   -4.3716   -4.2316   -3.9991   -2.5055   -2.4106   -2.2617   -1.4767   -1.1502    4.3362    4.3407    4.3640    4.9763    5.2740    5.9121    7.5678    8.8232   10.0065   10.2280   11.3333   12.2127   13.2215   13.6842   13.9791   15.3676   16.5485   16.9820   19.1743   20.0311   20.2622
 11.3187  -49.3591  -49.3058  -49.2966  -44.3384  -44.2935  -44.2801  -23.4947  -23.4033  -23.2756  -23.2302   -6.7555   -6.4333   -6.1659   -6.0066   -5.8939   -5.4325   -4.9979   -4.9871   -4.8078   -4.3749   -4.2293   -3.9905   -2.5015   -2.4072   -2.2621   -1.4669   -1.1526    4.3380    4.3440    4.3535    4.9704    5.2615    5.8114    7.5131    8.8263   10.0805   10.2760   11.4174   12.3195   13.1160   13.6706   14.0794   15.2647   16.5804   16.9233   19.1744   20.0395   20.3491
 11.3420  -49.3591  -49.3052  -49.2966  -44.3386  -44.2927  -44.2802  -23.5055  -23.4028  -23.2725  -23.2295   -6.7555   -6.4269   -6.1435   -5.9898   -5.8904   -5.4440   -5.0029   -4.9790   -4.8372   -4.3766   -4.2258   -3.9814   -2.4982   -2.4043   -2.2624   -1.4558   -1.1545    4.3263    4.3483    4.3552    4.9595    5.2459    5.7196    7.4604    8.8295   10.1308   10.3495   11.4947   12.4184   13.0134   13.6063   14.2463   15.1677   16.6121   16.8716   19.1643   20.0446   20.4393
 11.3653  -49.3592  -49.3047  -49.2966  -44.3387  -44.2919  -44.2802  -23.5165  -23.4022  -23.2695  -23.2288   -6.7564   -6.4237   -6.1207   -5.9734   -5.8840   -5.4532   -5.0149   -4.9675   -4.8652   -4.3768   -4.2212   -3.9719   -2.4957   -2.4019   -2.2629   -1.4432   -1.1556    4.3095    4.3538    4.3603    4.9407    5.2272    5.6394    7.4097    8.8329   10.1619   10.4426   11.5624   12.5071   12.9216   13.5356   14.4325   15.0787   16.6401   16.8300   19.1433   20.0473   20.5321
 11.3887  -49.3593  -49.3041  -49.2967  -44.3389  -44.2910  -44.2803  -23.5275  -23.4014  -23.2665  -23.2281   -6.7582   -6.4236   -6.0987   -5.9573   -5.8741   -5.4596   -5.0298   -4.9572   -4.8913   -4.3755   -4.2156   -3.9620   -2.4939   -2.4000   -2.2635   -1.4291   -1.1562    4.2912    4.3596    4.3661    4.9104    5.2074    5.5734    7.3611    8.8363   10.1828   10.5457   11.6163   12.5832   12.8452   13.4711   14.6254   14.9999   16.6560   16.8065   19.1103   20.0488   20.6274
 11.4120  -49.3594  -49.3035  -49.2967  -44.3390  -44.2902  -44.2803  -23.5388  -23.4003  -23.2635  -23.2274   -6.7611   -6.4262   -6.0793   -5.9413   -5.8598   -5.4627   -5.0476   -4.9484   -4.9147   -4.3729   -4.2094   -3.9516   -2.4930   -2.3986   -2.2644   -1.4135   -1.1560    4.2717    4.3657    4.3720    4.8655    5.1892    5.5220    7.3148    8.8396   10.1978   10.6526   11.6524   12.6446   12.7878   13.4187   14.8173   14.9369   16.6503   16.8108   19.0651   20.0502   20.7247
 11.4353  -49.3595  -49.3029  -49.2967  -44.3392  -44.2893  -44.2804  -23.5501  -23.3991  -23.2606  -23.2266   -6.7653   -6.4310   -6.0640   -5.9248   -5.8409   -5.4622   -5.0684   -4.9412   -4.9350   -4.3691   -4.2025   -3.9409   -2.4931   -2.3977   -2.2654   -1.3964   -1.1553    4.2510    4.3719    4.3782    4.8056    5.1756    5.4836    7.2706    8.8426   10.2086   10.7603   11.6683   12.6883   12.7520   13.3821   14.8709   15.0270   16.6278   16.8380   19.0077   20.0530   20.8230
 11.4353  -49.3595  -49.3029  -49.2967  -44.3392  -44.2893  -44.2804  -23.5576  -23.3701  -23.2712  -23.2382   -6.7055   -6.2651   -6.1542   -5.9050   -5.7137   -5.6213   -5.2328   -5.0146   -4.9323   -4.3450   -4.1881   -3.9801   -2.5187   -2.3806   -2.3400   -1.2926   -0.9893    4.2724    4.3781    4.4096    4.4615    5.2818    5.6339    7.2800    8.8590    9.9937   10.8424   11.7086   12.6641   12.8583   13.4769   14.5420   14.7754   16.5321   17.3913   18.9583   20.5684   20.8296
 11.4586  -49.3594  -49.3035  -49.2967  -44.3390  -44.2902  -44.2803  -23.5470  -23.3701  -23.2737  -23.2399   -6.6937   -6.2696   -6.1749   -5.9155   -5.7318   -5.6215   -5.2077   -5.0175   -4.9246   -4.3479   -4.1922   -3.9929   -2.5187   -2.3882   -2.3347   -1.3073   -0.9864    4.2930    4.3713    4.4031    4.5037    5.2785    5.7180    7.3137    8.8435    9.9881   10.7421   11.7073   12.6659   12.8507   13.4926   14.5571   14.6060   16.5752   17.3654   18.9829   20.5722   20.9330
 11.4819  -49.3593  -49.3041  -49.2967  -44.3389  -44.2910  -44.2803  -23.5365  -23.3701  -23.2761  -23.2414   -6.6838   -6.2798   -6.1940   -5.9305   -5.7473   -5.6125   -5.1848   -5.0226   -4.9137   -4.3499   -4.1953   -4.0049   -2.5193   -2.3959   -2.3294   -1.3215   -0.9845    4.3122    4.3645    4.3967    4.5436    5.2748    5.8089    7.3481    8.8272    9.9807   10.6408   11.6844   12.6932   12.8092   13.5362   14.3890   14.6370   16.6215   17.3403   19.0030   20.5541   20.9456
 11.5053  -49.3592  -49.3047  -49.2966  -44.3387  -44.2918  -44.2802  -23.5262  -23.3699  -23.2785  -23.2429   -6.6756   -6.2979   -6.2079   -5.9492   -5.7611   -5.5955   -5.1650   -5.0301   -4.8989   -4.3507   -4.1974   -4.0160   -2.5204   -2.4035   -2.3241   -1.3353   -0.9834    4.3303    4.3579    4.3902    4.5812    5.2709    5.9057    7.3833    8.8104    9.9719   10.5389   11.6410   12.7296   12.7541   13.6026   14.2061   14.6992   16.6706   17.3164   19.0200   20.5201   20.9005
 11.5286  -49.3591  -49.3052  -49.2966  -44.3386  -44.2927  -44.2802  -23.5161  -23.3697  -23.2808  -23.2442   -6.6692   -6.3236   -6.2158   -5.9704   -5.7740   -5.5720   -5.1487   -5.0403   -4.8797   -4.3503   -4.1987   -4.0262   -2.5220   -2.4111   -2.3188   -1.3487   -0.9832    4.3471    4.3518    4.3837    4.6167    5.2669    6.0076    7.4193    8.7936    9.9625   10.4372   11.5812   12.6473   12.8149   13.6821   14.0327   14.7709   16.7224   17.2940   19.0350   20.4751   20.8531
 11.5519  -49.3591  -49.3058  -49.2966  -44.3384  -44.2935  -44.2801  -23.5063  -23.3695  -23.2831  -23.2454   -6.6645   -6.3544   -6.2196   -5.9924   -5.7867   -5.5436   -5.1360   -5.0531   -4.8564   -4.3484   -4.1992   -4.0354   -2.5241   -2.4185   -2.3136   -1.3618   -0.9837    4.3446    4.3643    4.3773    4.6502    5.2628    6.1134    7.4558    8.7771    9.9527   10.3363   11.5097   12.5446   12.8913   13.7459   13.8966   14.8494   16.7764   17.2735   19.0489   20.4229   20.8018
 11.5752  -49.3590  -49.3064  -49.2965  -44.3383  -44.2943  -44.2801  -23.4968  -23.3692  -23.2855  -23.2467   -6.6615   -6.3879   -6.2208   -6.0144   -5.7993   -5.5119   -5.1269   -5.0683   -4.8293   -4.3451   -4.1989   -4.0437   -2.5266   -2.4258   -2.3084   -1.3745   -0.9848    4.3384    4.3703    4.3807    4.6820    5.2588    6.2227    7.4930    8.7611    9.9430   10.2367   11.4302   12.4328   12.9622   13.6757   13.9232   14.9328   16.8323   17.2554   19.0625   20.3666   20.7433
 11.5985  -49.3589  -49.3069  -49.2965  -44.3381  -44.2951  -44.2801  -23.4876  -23.3688  -23.2876  -23.2476   -6.6599   -6.4227   -6.2204   -6.0358   -5.8118   -5.4780   -5.1211   -5.0851   -4.7992   -4.3401   -4.1980   -4.0509   -2.5295   -2.4329   -2.3033   -1.3868   -0.9865    4.3324    4.3640    4.3957    4.7123    5.2548    6.3346    7.5308    8.7461    9.9336   10.1391   11.3457   12.3152   13.0011   13.5797   14.0251   15.0197   16.8893   17.2402   19.0765   20.3085   20.6761
 11.6219  -49.3588  -49.3075  -49.2965  -44.3380  -44.2958  -44.2800  -23.4787  -23.3685  -23.2898  -23.2484   -6.6596   -6.4579   -6.2189   -6.0563   -5.8244   -5.4429   -5.1207   -5.1011   -4.7670   -4.3336   -4.1964   -4.0571   -2.5327   -2.4398   -2.2983   -1.3988   -0.9887    4.3265    4.3576    4.4103    4.7410    5.2510    6.4487    7.5692    8.7324    9.9246   10.0442   11.2583   12.1940   12.9709   13.5541   14.1395   15.1086   16.9464   17.2288   19.0910   20.2498   20.5969
 11.6452  -49.3587  -49.3080  -49.2964  -44.3378  -44.2966  -44.2800  -23.4703  -23.3680  -23.2918  -23.2491   -6.6605   -6.4928   -6.2166   -6.0758   -5.8369   -5.4072   -5.1334   -5.1074   -4.7333   -4.3257   -4.1942   -4.0624   -2.5363   -2.4465   -2.2934   -1.4104   -0.9913    4.3209    4.3513    4.4242    4.7681    5.2475    6.5641    7.6082    8.7203    9.9123    9.9560   11.1694   12.0706   12.8685   13.6059   14.2597   15.1988   17.0016   17.2227   19.1065   20.1912   20.5109
 11.6685  -49.3586  -49.3085  -49.2964  -44.3377  -44.2973  -44.2799  -23.4624  -23.3676  -23.2937  -23.2495   -6.6623   -6.5271   -6.2136   -6.0943   -5.8493   -5.3716   -5.1547   -5.1079   -4.6987   -4.3163   -4.1915   -4.0669   -2.5401   -2.4529   -2.2885   -1.4216   -0.9942    4.3155    4.3452    4.4374    4.7937    5.2445    6.6806    7.6478    8.7103    9.8534    9.9185   11.0801   11.9461   12.7270   13.7019   14.3837   15.2892   17.0516   17.2249   19.1228   20.1329   20.4206
 11.6918  -49.3585  -49.3090  -49.2964  -44.3376  -44.2980  -44.2799  -23.4548  -23.3671  -23.2956  -23.2497   -6.6648   -6.5605   -6.2099   -6.1119   -5.8615   -5.3365   -5.1786   -5.1078   -4.6638   -4.3057   -4.1882   -4.0705   -2.5441   -2.4592   -2.2838   -1.4324   -0.9973    4.3104    4.3391    4.4499    4.8176    5.2419    6.7973    7.6881    8.7028    9.7685    9.9115   10.9911   11.8216   12.5690   13.8188   14.5105   15.3792   17.0910   17.2403   19.1398   20.0743   20.3294
 11.7152  -49.3585  -49.3095  -49.2963  -44.3374  -44.2987  -44.2798  -23.4478  -23.3666  -23.2973  -23.2498   -6.6679   -6.5926   -6.2056   -6.1287   -5.8736   -5.3023   -5.2037   -5.1079   -4.6292   -4.2940   -4.1844   -4.0733   -2.5482   -2.4652   -2.2791   -1.4429   -1.0005    4.3056    4.3332    4.4618    4.8396    5.2400    6.9134    7.7293    8.6983    9.6851    9.9079   10.9029   11.6977   12.4045   13.9457   14.6392   15.4682   17.1162   17.2720   19.1571   20.0142   20.2419
 11.7385  -49.3584  -49.3099  -49.2963  -44.3373  -44.2994  -44.2798  -23.4414  -23.3662  -23.2990  -23.2496   -6.6714   -6.6232   -6.2008   -6.1449   -5.8855   -5.2696   -5.2295   -5.1078   -4.5952   -4.2815   -4.1800   -4.0754   -2.5525   -2.4711   -2.2746   -1.4530   -1.0038    4.3010    4.3275    4.4729    4.8596    5.2389    7.0282    7.7718    8.6971    9.6048    9.9063   10.8157   11.5751   12.2377   14.0778   14.7692   15.5555   17.1311   17.3156   19.1737   19.9509   20.1619
 11.7618  -49.3583  -49.3104  -49.2963  -44.3372  -44.3000  -44.2798  -23.4354  -23.3657  -23.3005  -23.2493   -6.6758   -6.6516   -6.1955   -6.1604   -5.8972   -5.2558   -5.2389   -5.1071   -4.5624   -4.2682   -4.1751   -4.0769   -2.5568   -2.4768   -2.2702   -1.4626   -1.0071    4.2968    4.3220    4.4833    4.8774    5.2388    7.1403    7.8161    8.6998    9.5282    9.9066   10.7297   11.4544   12.0709   14.2122   14.8997   15.6406   17.1422   17.3641   19.1886   19.8832   20.0927
 11.7851  -49.3583  -49.3108  -49.2963  -44.3371  -44.3006  -44.2797  -23.4300  -23.3653  -23.3019  -23.2488   -6.6865   -6.6720   -6.1898   -6.1753   -5.9086   -5.2822   -5.2110   -5.1050   -4.5311   -4.2545   -4.1696   -4.0777   -2.5611   -2.4823   -2.2660   -1.4718   -1.0103    4.2928    4.3167    4.4930    4.8930    5.2397    7.2485    7.8634    8.7067    9.4554    9.9088   10.6452   11.3361   11.9053   14.3472   15.0299   15.7229   17.1536   17.4129   19.2002   19.8117   20.0354
 11.8084  -49.3582  -49.3112  -49.2962  -44.3370  -44.3012  -44.2797  -23.4251  -23.3649  -23.3032  -23.2481   -6.7095   -6.6783   -6.1905   -6.1829   -5.9198   -5.3084   -5.1871   -5.1006   -4.5017   -4.2404   -4.1636   -4.0780   -2.5654   -2.4876   -2.2620   -1.4805   -1.0134    4.2892    4.3116    4.5020    4.9061    5.2417    7.3504    7.9152    8.7183    9.3868    9.9130   10.5620   11.2207   11.7415   14.4815   15.1591   15.8018   17.1676   17.4594   19.2060   19.7396   19.9874
 11.8318  -49.3581  -49.3115  -49.2962  -44.3369  -44.3017  -44.2797  -23.4207  -23.3646  -23.3043  -23.2472   -6.7333   -6.6816   -6.2045   -6.1764   -5.9306   -5.3342   -5.1686   -5.0922   -4.4745   -4.2262   -4.1571   -4.0777   -2.5696   -2.4927   -2.2582   -1.4888   -1.0163    4.2859    4.3069    4.5102    4.9170    5.2448    7.4437    7.9735    8.7349    9.3224    9.9191   10.4802   11.1086   11.5803   14.6138   15.2863   15.8768   17.1856   17.5021   19.2035   19.6713   19.9453
 11.8551  -49.3581  -49.3119  -49.2962  -44.3368  -44.3022  -44.2797  -23.4168  -23.3643  -23.3054  -23.2463   -6.7557   -6.6842   -6.2182   -6.1693   -5.9411   -5.3592   -5.1565   -5.0792   -4.4498   -4.2121   -4.1502   -4.0768   -2.5737   -2.4976   -2.2546   -1.4965   -1.0189    4.2829    4.3024    4.5177    4.9255    5.2489    7.5256    8.0406    8.7566    9.2625    9.9273   10.3997   11.0000   11.4224   14.7429   15.4106   15.9471   17.2082   17.5400   19.1903   19.6104   19.9032
 11.8784  -49.3580  -49.3122  -49.2962  -44.3367  -44.3026  -44.2796  -23.4134  -23.3640  -23.3063  -23.2453   -6.7763   -6.6862   -6.2314   -6.1618   -5.9512   -5.3832   -5.1494   -5.0629   -4.4278   -4.1983   -4.1430   -4.0753   -2.5776   -2.5024   -2.2513   -1.5036   -1.0214    4.2801    4.2983    4.5245    4.9320    5.2538    7.5945    8.1176    8.7833    9.2071    9.9375   10.3205   10.8954   11.2685   14.8677   15.5309   16.0123   17.2361   17.5724   19.1653   19.5594   19.8556
 11.9017  -49.3580  -49.3125  -49.2962  -44.3367  -44.3030  -44.2796  -23.4105  -23.3638  -23.3072  -23.2443   -6.7951   -6.6877   -6.2441   -6.1540   -5.9610   -5.4060   -5.1456   -5.0452   -4.4085   -4.1851   -4.1359   -4.0730   -2.5812   -2.5068   -2.2482   -1.5101   -1.0236    4.2777    4.2944    4.5305    4.9366    5.2593    7.6502    8.2046    8.8148    9.1565    9.9497   10.2425   10.7946   11.1198   14.9871   15.6460   16.0718   17.2694   17.5988   19.1297   19.5184   19.8037
 11.9251  -49.3580  -49.3127  -49.2962  -44.3366  -44.3034  -44.2796  -23.4080  -23.3636  -23.3079  -23.2432   -6.8120   -6.6887   -6.2562   -6.1460   -5.9703   -5.4274   -5.1434   -5.0278   -4.3921   -4.1726   -4.1291   -4.0699   -2.5846   -2.5110   -2.2454   -1.5161   -1.0255    4.2755    4.2910    4.5358    4.9396    5.2651    7.6937    8.2996    8.8508    9.1109    9.9639   10.1661   10.6971   10.9779   15.0998   15.7546   16.1251   17.3080   17.6192   19.0868   19.4862   19.7491
 11.9484  -49.3579  -49.3130  -49.2961  -44.3365  -44.3037  -44.2796  -23.4057  -23.3634  -23.3085  -23.2421   -6.8270   -6.6892   -6.2674   -6.1379   -5.9792   -5.4469   -5.1421   -5.0115   -4.3783   -4.1612   -4.1228   -4.0661   -2.5877   -2.5149   -2.2428   -1.5214   -1.0272    4.2736    4.2879    4.5405    4.9415    5.2710    7.7274    8.4000    8.8901    9.0707    9.9796   10.0919   10.6021   10.8451   15.2044   15.8554   16.1721   17.3513   17.6338   19.0410   19.4607   19.6980
 11.9717  -49.3579  -49.3132  -49.2961  -44.3365  -44.3040  -44.2796  -23.4039  -23.3633  -23.3090  -23.2411   -6.8400   -6.6895   -6.2776   -6.1299   -5.9876   -5.4645   -5.1412   -4.9969   -4.3669   -4.1511   -4.1174   -4.0616   -2.5904   -2.5184   -2.2406   -1.5260   -1.0286    4.2720    4.2852    4.5445    4.9424    5.2767    7.7531    8.5027    8.9310    9.0371    9.9912   10.0262   10.5080   10.7245   15.2995   15.9470   16.2126   17.3978   17.6429   18.9964   19.4397   19.6462
 11.9950  -49.3579  -49.3133  -49.2961  -44.3364  -44.3043  -44.2796  -23.4023  -23.3632  -23.3095  -23.2402   -6.8510   -6.6894   -6.2867   -6.1221   -5.9955   -5.4798   -5.1406   -4.9843   -4.3578   -4.1426   -4.1127   -4.0566   -2.5928   -2.5214   -2.2387   -1.5300   -1.0298    4.2707    4.2829    4.5478    4.9427    5.2820    7.7726    8.6043    8.9658    9.0164    9.9447   10.0237   10.4135   10.6198   15.3835   16.0277   16.2467   17.4454   17.6473   18.9561   19.4226   19.5993
 12.0183  -49.3578  -49.3135  -49.2961  -44.3364  -44.3045  -44.2795  -23.4011  -23.3631  -23.3098  -23.2394   -6.8601   -6.6892   -6.2945   -6.1148   -6.0026   -5.4927   -5.1402   -4.9737   -4.3507   -4.1357   -4.1089   -4.0517   -2.5948   -2.5240   -2.2372   -1.5333   -1.0307    4.2696    4.2810    4.5505    4.9425    5.2865    7.7871    8.7009    8.9665    9.0348    9.8824   10.0430   10.3206   10.5326   15.4549   16.0959   16.2749   17.4915   17.6479   18.9225   19.4091   19.5664
 12.0417  -49.3578  -49.3136  -49.2961  -44.3364  -44.3046  -44.2795  -23.4002  -23.3630  -23.3100  -23.2387   -6.8671   -6.6888   -6.3007   -6.1083   -6.0089   -5.5029   -5.1399   -4.9654   -4.3454   -4.1306   -4.1059   -4.0473   -2.5964   -2.5261   -2.2359   -1.5358   -1.0314    4.2687    4.2795    4.5525    4.9422    5.2902    7.7975    8.7877    8.9515    9.0714    9.8268   10.0619   10.2356   10.4625   15.5124   16.1500   16.2974   17.5327   17.6463   18.8969   19.4035   19.5491
 12.0650  -49.3578  -49.3137  -49.2961  -44.3363  -44.3047  -44.2795  -23.3996  -23.3631  -23.3102  -23.2383   -6.8721   -6.6885   -6.3053   -6.1031   -6.0138   -5.5104   -5.1397   -4.9595   -4.3417   -4.1271   -4.1036   -4.0438   -2.5975   -2.5276   -2.2350   -1.5377   -1.0319    4.2681    4.2784    4.5540    4.9419    5.2930    7.8045    8.8579    8.9398    9.1042    9.7825   10.0735   10.1713   10.4088   15.5544   16.1889   16.3143   17.5656   17.6438   18.8796   19.3919   19.4806
 12.0883  -49.3578  -49.3137  -49.2961  -44.3363  -44.3048  -44.2795  -23.3993  -23.3631  -23.3103  -23.2380   -6.8752   -6.6883   -6.3081   -6.0996   -6.0171   -5.5149   -5.1396   -4.9559   -4.3396   -4.1251   -4.1022   -4.0416   -2.5982   -2.5285   -2.2345   -1.5388   -1.0322    4.2677    4.2778    4.5548    4.9416    5.2946    7.8086    8.9013    8.9363    9.1265    9.7536   10.0664   10.1446   10.3737   15.5801   16.2121   16.3251   17.5868   17.6416   18.8700   19.3884   19.4411
 12.1116  -49.3578  -49.3138  -49.2961  -44.3363  -44.3049  -44.2795  -23.3991  -23.3630  -23.3102  -23.2377   -6.8762   -6.6882   -6.3090   -6.0984   -6.0182   -5.5164   -5.1395   -4.9547   -4.3389   -4.1244   -4.1017   -4.0408   -2.5984   -2.5288   -2.2343   -1.5392   -1.0323    4.2676    4.2776    4.5551    4.9416    5.2952    7.8099    8.9120    8.9400    9.1345    9.7436   10.0575   10.1422   10.3612   15.5888   16.2198   16.3288   17.5942   17.6409   18.8670   19.3877   19.4289
 12.1116  -49.3578  -49.3138  -49.2961  -44.3363  -44.3049  -44.2795  -23.3991  -23.3630  -23.3102  -23.2377   -6.8762   -6.6882   -6.3090   -6.0984   -6.0182   -5.5164   -5.1395   -4.9547   -4.3389   -4.1244   -4.1017   -4.0408   -2.5984   -2.5288   -2.2343   -1.5392   -1.0323    4.2676    4.2776    4.5551    4.9416    5.2952    7.8099    8.9120    8.9400    9.1345    9.7436   10.0575   10.1422   10.3612   15.5888   16.2198   16.3288   17.5942   17.6409   18.8670   19.3880   19.4339
 12.1431  -49.3578  -49.3138  -49.2961  -44.3363  -44.3049  -44.2795  -23.3992  -23.3627  -23.3103  -23.2383   -6.8732   -6.6885   -6.3068   -6.0974   -6.0178   -5.5165   -5.1392   -4.9604   -4.3399   -4.1257   -4.1036   -4.0408   -2.5984   -2.5292   -2.2342   -1.5391   -1.0305    4.2673    4.2777    4.5553    4.9417    5.2947    7.8147    8.8954    8.9206    9.1409    9.7450   10.0810   10.1624   10.3635   15.5722   16.2024   16.3175   17.5663   17.6198   18.8936   19.3981   19.4632
 12.1745  -49.3578  -49.3138  -49.2961  -44.3363  -44.3049  -44.2795  -23.3997  -23.3617  -23.3102  -23.2396   -6.8642   -6.6892   -6.3004   -6.0942   -6.0165   -5.5168   -5.1382   -4.9773   -4.3427   -4.1296   -4.1093   -4.0408   -2.5985   -2.5301   -2.2337   -1.5389   -1.0251    4.2665    4.2782    4.5559    4.9422    5.2931    7.8290    8.8493    8.8671    9.1603    9.7493   10.1449   10.2203   10.3728   15.5233   16.1340   16.3039   17.4892   17.5590   18.9670   19.4265   19.5582
 12.2059  -49.3578  -49.3138  -49.2961  -44.3363  -44.3048  -44.2795  -23.4000  -23.3598  -23.3098  -23.2416   -6.8495   -6.6900   -6.2900   -6.0889   -6.0143   -5.5172   -5.1365   -5.0050   -4.3473   -4.1359   -4.1188   -4.0410   -2.5986   -2.5316   -2.2328   -1.5385   -1.0164    4.2652    4.2790    4.5567    4.9431    5.2906    7.8522    8.7815    8.7901    9.1926    9.7566   10.2278   10.3086   10.4001   15.4448   16.0090   16.3041   17.3766   17.4645   19.0728   19.4683   19.6463
 12.2374  -49.3578  -49.3137  -49.2961  -44.3363  -44.3048  -44.2795  -23.4005  -23.3573  -23.3091  -23.2441   -6.8292   -6.6906   -6.2761   -6.0815   -6.0109   -5.5178   -5.1342   -5.0427   -4.3536   -4.1446   -4.1320   -4.0417   -2.5987   -2.5335   -2.2314   -1.5380   -1.0052    4.2635    4.2800    4.5578    4.9444    5.2871    7.8828    8.6996    8.7008    9.2374    9.7670   10.2901   10.4195   10.4750   15.3405   15.8441   16.3133   17.2412   17.3432   19.1971   19.5163   19.7415
 12.2688  -49.3578  -49.3137  -49.2961  -44.3363  -44.3048  -44.2795  -23.4010  -23.3539  -23.3082  -23.2473   -6.8039   -6.6905   -6.2594   -6.0720   -6.0062   -5.5185   -5.1313   -5.0896   -4.3613   -4.1555   -4.1489   -4.0432   -2.5989   -2.5355   -2.2295   -1.5374   -0.9921    4.2614    4.2813    4.5590    4.9461    5.2826    7.9179    8.6029    8.6159    9.2946    9.7804   10.3179   10.5467   10.6043   15.2145   15.6536   16.3281   17.0921   17.2021   19.3288   19.5640   19.8457
 12.3002  -49.3578  -49.3137  -49.2961  -44.3363  -44.3048  -44.2795  -23.4020  -23.3501  -23.3074  -23.2514   -6.7742   -6.6892   -6.2405   -6.0605   -5.9999   -5.5194   -5.1444   -5.1278   -4.3703   -4.1694   -4.1687   -4.0457   -2.5991   -2.5375   -2.2270   -1.5366   -0.9781    4.2591    4.2827    4.5602    4.9481    5.2772    7.9522    8.5047    8.5366    9.3635    9.7966   10.3312   10.6854   10.7622   15.0711   15.4472   16.3470   16.9347   17.0468   19.4600   19.6057   19.8388
 12.3317  -49.3578  -49.3137  -49.2961  -44.3363  -44.3048  -44.2795  -23.4032  -23.3461  -23.3065  -23.2559   -6.7406   -6.6863   -6.2200   -6.0468   -5.9917   -5.5204   -5.2060   -5.1239   -4.3804   -4.1932   -4.1839   -4.0498   -2.5994   -2.5392   -2.2238   -1.5358   -0.9640    4.2566    4.2843    4.5611    4.9505    5.2709    7.9748    8.4081    8.4759    9.4438    9.8156   10.3400   10.8323   10.9357   14.9138   15.2314   16.3694   16.7727   16.8815   19.5841   19.6387   19.7405
 12.3631  -49.3578  -49.3137  -49.2961  -44.3363  -44.3048  -44.2795  -23.4043  -23.3416  -23.3055  -23.2606   -6.7042   -6.6814   -6.1984   -6.0312   -5.9810   -5.5215   -5.2729   -5.1198   -4.3914   -4.2201   -4.2008   -4.0556   -2.5997   -2.5404   -2.2197   -1.5349   -0.9508    4.2542    4.2858    4.5615    4.9534    5.2638    7.9704    8.3150    8.4515    9.5351    9.8377   10.3485   10.9855   11.1200   14.7461   15.0110   16.3948   16.6083   16.7106   19.6190   19.6613   19.6959
 12.3945  -49.3578  -49.3137  -49.2961  -44.3363  -44.3048  -44.2795  -23.4055  -23.3370  -23.3044  -23.2655   -6.6742   -6.6661   -6.1763   -6.0135   -5.9676   -5.5227   -5.3436   -5.1156   -4.4034   -4.2498   -4.2193   -4.0634   -2.6001   -2.5407   -2.2147   -1.5339   -0.9394    4.2519    4.2874    4.5613    4.9567    5.2562    7.9297    8.2268    8.4733    9.6366    9.8628   10.3573   11.1429   11.3125   14.5707   14.7892   16.4228   16.4429   16.5367   19.4883   19.6716   19.7904
 12.4260  -49.3578  -49.3137  -49.2961  -44.3363  -44.3048  -44.2795  -23.4069  -23.3327  -23.3031  -23.2701   -6.6645   -6.6275   -6.1541   -5.9938   -5.9512   -5.5239   -5.4161   -5.1118   -4.4163   -4.2817   -4.2391   -4.0734   -2.6005   -2.5401   -2.2089   -1.5328   -0.9306    4.2498    4.2888    4.5602    4.9605    5.2480    7.8602    8.1443    8.5344    9.7479    9.8910   10.3668   11.3026   11.5115   14.3897   14.5683   16.2772   16.3622   16.4531   19.3526   19.6701   19.8636
 12.4574  -49.3578  -49.3137  -49.2961  -44.3363  -44.3048  -44.2795  -23.4084  -23.3291  -23.3019  -23.2740   -6.6520   -6.5898   -6.1323   -5.9721   -5.9321   -5.5253   -5.4880   -5.1088   -4.4300   -4.3153   -4.2600   -4.0855   -2.6009   -2.5382   -2.2020   -1.5318   -0.9251    4.2479    4.2901    4.5580    4.9648    5.2395    7.7751    8.0679    8.6219    9.8682    9.9222   10.3779   11.4633   11.7158   14.2051   14.3499   16.1119   16.1893   16.4852   19.2140   19.6575   19.9127
 12.4888  -49.3578  -49.3137  -49.2961  -44.3363  -44.3048  -44.2795  -23.4098  -23.3269  -23.3005  -23.2764   -6.6366   -6.5545   -6.1111   -5.9486   -5.9120   -5.5557   -5.5266   -5.1073   -4.4447   -4.3498   -4.2817   -4.0999   -2.6014   -2.5351   -2.1943   -1.5307   -0.9233    4.2465    4.2912    4.5545    4.9695    5.2308    7.6830    7.9982    8.7273    9.9565    9.9970   10.3908   11.6234   11.9247   14.0186   14.1354   15.9474   16.0198   16.5189   19.0737   19.6354   19.9366
 12.5203  -49.3578  -49.3137  -49.2961  -44.3363  -44.3048  -44.2795  -23.4113  -23.3269  -23.2992  -23.2766   -6.6181   -6.5228   -6.0908   -5.9232   -5.8962   -5.6120   -5.5280   -5.1082   -4.4604   -4.3842   -4.3040   -4.1161   -2.6019   -2.5306   -2.1857   -1.5296   -0.9258    4.2454    4.2920    4.5496    4.9747    5.2223    7.5889    7.9350    8.8455    9.9939   10.1335   10.4059   11.7810   12.1373   13.8315   13.9255   15.7836   15.8557   16.5535   18.9320   19.6052   19.9358
 12.5517  -49.3578  -49.3137  -49.2961  -44.3363  -44.3048  -44.2795  -23.4130  -23.3291  -23.2978  -23.2746   -6.5967   -6.4959   -6.0716   -5.8962   -5.8960   -5.6442   -5.5294   -5.1124   -4.4774   -4.4173   -4.3266   -4.1340   -2.6025   -2.5248   -2.1764   -1.5285   -0.9327    4.2447    4.2926    4.5430    4.9803    5.2140    7.4951    7.8785    8.9737   10.0344   10.2770   10.4234   11.9339   12.3526   13.6451   13.7211   15.6208   15.6988   16.5887   18.7895   19.5688   19.9128
 12.5832  -49.3578  -49.3137  -49.2960  -44.3362  -44.3048  -44.2795  -23.4145  -23.3331  -23.2962  -23.2706   -6.5722   -6.4744   -6.0536   -5.9219   -5.8674   -5.6409   -5.5308   -5.1211   -4.4958   -4.4481   -4.3492   -4.1531   -2.6031   -2.5178   -2.1664   -1.5274   -0.9442    4.2445    4.2929    4.5349    4.9864    5.2062    7.4035    7.8285    9.1101   10.0780   10.4270   10.4437   12.0800   12.5698   13.4611   13.5227   15.4590   15.5512   16.6241   18.6461   19.5285   19.8712
 12.6146  -49.3578  -49.3137  -49.2960  -44.3362  -44.3048  -44.2794  -23.4160  -23.3382  -23.2947  -23.2654   -6.5447   -6.4588   -6.0368   -5.9678   -5.8372   -5.6078   -5.5321   -5.1354   -4.5159   -4.4752   -4.3716   -4.1729   -2.6037   -2.5097   -2.1559   -1.5264   -0.9600    4.2446    4.2929    4.5252    4.9927    5.1990    7.3150    7.7849    9.2530   10.1248   10.4674   10.5823   12.2157   12.7859   13.2821   13.3308   15.2982   15.4153   16.6595   18.5019   19.4859   19.8143
 12.6460  -49.3577  -49.3137  -49.2960  -44.3362  -44.3048  -44.2794  -23.4176  -23.3442  -23.2933  -23.2595   -6.5143   -6.4493   -6.0212   -6.0212   -5.8057   -5.5571   -5.5333   -5.1562   -4.5379   -4.4976   -4.3936   -4.1927   -2.6044   -2.5007   -2.1451   -1.5254   -0.9800    4.2452    4.2926    4.5140    4.9994    5.1927    7.2303    7.7472    9.4009   10.1745   10.4944   10.7423   12.3382   12.9757   13.1337   13.1457   15.1380   15.2936   16.6940   18.3567   19.4437   19.7465
 12.6775  -49.3577  -49.3137  -49.2960  -44.3362  -44.3048  -44.2794  -23.4191  -23.3505  -23.2921  -23.2534   -6.4812   -6.4461   -6.0742   -6.0067   -5.7730   -5.5345   -5.4969   -5.1840   -4.5619   -4.5149   -4.4148   -4.2120   -2.6051   -2.4910   -2.1342   -1.5245   -1.0037    4.2460    4.2921    4.5017    5.0062    5.1871    7.1503    7.7151    9.5527   10.2271   10.5253   10.9062   12.4432   12.9006   12.9678   13.2541   14.9784   15.1889   16.7274   18.2101   19.4038   19.6714
 12.7089  -49.3577  -49.3137  -49.2961  -44.3362  -44.3048  -44.2794  -23.4207  -23.3567  -23.2909  -23.2473   -6.4496   -6.4456   -6.1224   -5.9932   -5.7395   -5.5357   -5.4316   -5.2189   -4.5881   -4.5269   -4.4350   -4.2303   -2.6058   -2.4809   -2.1234   -1.5236   -1.0305    4.2471    4.2913    4.4885    5.0131    5.1824    7.0751    7.6879    9.7069   10.2825   10.5604   11.0731   12.5274   12.7361   12.7973   13.4679   14.8193   15.1041   16.7593   18.0621   19.3684   19.5928
 12.7403  -49.3577  -49.3137  -49.2961  -44.3362  -44.3048  -44.2794  -23.4220  -23.3628  -23.2897  -23.2412   -6.4597   -6.4079   -6.1633   -5.9803   -5.7054   -5.5367   -5.3642   -5.2603   -4.6161   -4.5340   -4.4541   -4.2472   -2.6066   -2.4707   -2.1128   -1.5228   -1.0596    4.2484    4.2904    4.4747    5.0201    5.1785    7.0058    7.6657    9.8621   10.3405   10.6001   11.2420   12.5714   12.5874   12.6349   13.6853   14.6611   15.0412   16.7894   17.9126   19.3395   19.5138
 12.7718  -49.3577  -49.3137  -49.2960  -44.3362  -44.3048  -44.2794  -23.4233  -23.3685  -23.2885  -23.2353   -6.4760   -6.3685   -6.1957   -5.9676   -5.6712   -5.5377   -5.3073   -5.2972   -4.6456   -4.5370   -4.4717   -4.2623   -2.6073   -2.4607   -2.1027   -1.5221   -1.0900    4.2499    4.2893    4.4609    5.0269    5.1754    6.9425    7.6475   10.0167   10.4008   10.6447   11.4120   12.4114   12.4811   12.6211   13.9008   14.5037   15.0012   16.8174   17.7622   19.3188   19.4368
 12.8032  -49.3577  -49.3137  -49.2960  -44.3362  -44.3048  -44.2794  -23.4244  -23.3738  -23.2875  -23.2300   -6.4971   -6.3283   -6.2198   -5.9547   -5.6374   -5.5385   -5.3587   -5.2325   -4.6761   -4.5370   -4.4878   -4.2755   -2.6081   -2.4511   -2.0932   -1.5215   -1.1208    4.2513    4.2882    4.4474    5.0334    5.1729    6.8855    7.6329   10.1687   10.4627   10.6941   11.5816   12.2575   12.3363   12.6284   14.1117   14.3476   14.9828   16.8428   17.6112   19.3075   19.3639
 12.8346  -49.3577  -49.3137  -49.2960  -44.3362  -44.3048  -44.2794  -23.4255  -23.3786  -23.2866  -23.2252   -6.5206   -6.2881   -6.2370   -5.9409   -5.6046   -5.5392   -5.4133   -5.1720   -4.7067   -4.5348   -4.5020   -4.2867   -2.6088   -2.4421   -2.0846   -1.5209   -1.1508    4.2528    4.2871    4.4347    5.0395    5.1710    6.8354    7.6215   10.3156   10.5254   10.7484   11.7488   12.1107   12.2015   12.6120   14.1938   14.3156   14.9830   16.8654   17.4615   19.2971   19.3065
 12.8661  -49.3577  -49.3137  -49.2960  -44.3362  -44.3048  -44.2794  -23.4264  -23.3828  -23.2858  -23.2209   -6.5442   -6.2493   -6.2490   -5.9250   -5.5737   -5.5399   -5.4699   -5.1173   -4.7363   -4.5315   -4.5144   -4.2960   -2.6095   -2.4342   -2.0770   -1.5204   -1.1788    4.2542    4.2860    4.4231    5.0450    5.1697    6.7923    7.6127   10.4544   10.5878   10.8072   11.9117   11.9724   12.0783   12.5768   14.0438   14.5090   14.9966   16.8848   17.3152   19.2380   19.3158
 12.8975  -49.3577  -49.3137  -49.2960  -44.3362  -44.3048  -44.2794  -23.4273  -23.3862  -23.2850  -23.2174   -6.5659   -6.2572   -6.2137   -5.9060   -5.5457   -5.5404   -5.5272   -5.0702   -4.7636   -4.5278   -4.5247   -4.3034   -2.6102   -2.4273   -2.0706   -1.5200   -1.2037    4.2554    4.2850    4.4131    5.0498    5.1687    6.7565    7.6060   10.5811   10.6477   10.8696   11.8441   11.9685   12.0664   12.5295   13.9004   14.6872   15.0180   16.9011   17.1763   19.1879   19.3341
 12.9289  -49.3577  -49.3137  -49.2960  -44.3362  -44.3048  -44.2794  -23.4280  -23.3891  -23.2845  -23.2146   -6.5840   -6.2626   -6.1834   -5.8826   -5.5835   -5.5408   -5.5219   -5.0318   -4.7872   -4.5328   -4.5242   -4.3091   -2.6107   -2.4218   -2.0655   -1.5197   -1.2244    4.2565    4.2842    4.4049    5.0537    5.1680    6.7283    7.6012   10.6907   10.7020   10.9332   11.7282   11.8751   12.2077   12.4784   13.7686   14.8435   15.0415   16.9136   17.0513   19.1479   19.3585
 12.9604  -49.3577  -49.3137  -49.2960  -44.3362  -44.3048  -44.2794  -23.4285  -23.3912  -23.2841  -23.2125   -6.5976   -6.2661   -6.1604   -5.8547   -5.6366   -5.5411   -5.5035   -5.0036   -4.8057   -4.5386   -4.5214   -4.3131   -2.6111   -2.4178   -2.0617   -1.5195   -1.2400    4.2572    4.2835    4.3989    5.0566    5.1676    6.7080    7.5979   10.7468   10.7768   10.9940   11.6302   11.8025   12.3263   12.4317   13.6571   14.9685   15.0619   16.9228   16.9485   19.1186   19.3840
 12.9918  -49.3578  -49.3137  -49.2960  -44.3362  -44.3048  -44.2794  -23.4288  -23.3925  -23.2841  -23.2114   -6.6060   -6.2681   -6.1461   -5.8254   -5.6816   -5.5412   -5.4918   -4.9862   -4.8174   -4.5422   -4.5195   -4.3155   -2.6113   -2.4153   -2.0595   -1.5194   -1.2496    4.2577    4.2831    4.3952    5.0583    5.1673    6.6958    7.5961   10.7768   10.8322   11.0415   11.5596   11.7555   12.3992   12.4085   13.5791   15.0508   15.0757   16.8798   16.9284   19.1008   19.4036
 13.0232  -49.3578  -49.3137  -49.2961  -44.3362  -44.3048  -44.2794  -23.4290  -23.3930  -23.2841  -23.2111   -6.6088   -6.2687   -6.1413   -5.8095   -5.7028   -5.5413   -5.4878   -4.9804   -4.8215   -4.5434   -4.5189   -4.3162   -2.6114   -2.4145   -2.0587   -1.5194   -1.2529    4.2578    4.2830    4.3940    5.0589    5.1672    6.6919    7.5955   10.7877   10.8513   11.0609   11.5327   11.7391   12.3872   12.4385   13.5506   15.0798   15.0804   16.8549   16.9302   19.0947   19.4111
 13.0232  -49.3613  -49.2974  -49.2921  -44.3421  -44.2813  -44.2738  -23.5769  -23.5368  -23.2256  -23.2201   -6.8190   -6.4053   -6.1401   -5.8422   -5.3587   -5.1994   -5.1749   -4.9195   -4.9068   -4.7111   -4.0081   -3.9593   -2.6490   -2.4726   -2.2219   -0.9972   -0.8640    3.9295    4.4673    4.4914    4.5181    4.8690    5.3821    5.4195    9.1687    9.2621   10.9593   11.2288   13.7773   13.8924   15.1619   15.7554   16.2876   16.4665   18.0060   18.3719   19.7925   20.2086
 13.0561  -49.3613  -49.2974  -49.2921  -44.3421  -44.2813  -44.2739  -23.5763  -23.5363  -23.2258  -23.2202   -6.8169   -6.4057   -6.1382   -5.8427   -5.3592   -5.2016   -5.1831   -4.9296   -4.8912   -4.7143   -4.0072   -3.9595   -2.6468   -2.4718   -2.2226   -0.9972   -0.8676    3.9320    4.4687    4.4908    4.5178    4.8736    5.3843    5.4213    9.1738    9.2675   10.9612   11.2295   13.7754   13.8796   15.1167   15.8031   16.1342   16.6024   18.0003   18.3454   19.8080   20.2043
 13.0889  -49.3612  -49.2974  -49.2923  -44.3421  -44.2813  -44.2742  -23.5749  -23.5350  -23.2263  -23.2205   -6.8107   -6.4069   -6.1325   -5.8442   -5.3608   -5.2080   -5.2063   -4.9399   -4.8659   -4.7236   -4.0048   -3.9602   -2.6404   -2.4696   -2.2249   -0.9973   -0.8782    3.9396    4.4729    4.4888    4.5169    4.8873    5.3906    5.4269    9.1890    9.2837   10.9672   11.2317   13.7693   13.8394   15.0163   15.9104   15.9108   16.7674   17.9910   18.2737   19.8501   20.1922
 13.1217  -49.3612  -49.2974  -49.2926  -44.3420  -44.2813  -44.2746  -23.5725  -23.5328  -23.2270  -23.2208   -6.8005   -6.4087   -6.1233   -5.8466   -5.3641   -5.2409   -5.2187   -4.9478   -4.8367   -4.7375   -4.0012   -3.9615   -2.6301   -2.4659   -2.2286   -0.9974   -0.8956    3.9520    4.4788    4.4855    4.5163    4.9096    5.4015    5.4363    9.2144    9.3103   10.9772   11.2355   13.7574   13.7682   14.9086   15.6815   16.0296   16.8800   17.9999   18.1764   19.9082   20.1740
 13.1546  -49.3611  -49.2974  -49.2931  -44.3419  -44.2813  -44.2752  -23.5692  -23.5300  -23.2280  -23.2214   -6.7863   -6.4107   -6.1109   -5.8499   -5.3702   -5.2838   -5.2334   -4.9545   -4.8053   -4.7538   -3.9971   -3.9636   -2.6168   -2.4608   -2.2338   -0.9975   -0.9193    3.9687    4.4808    4.4841    4.5180    4.9401    5.4173    5.4501    9.2497    9.3467   10.9913   11.2407   13.6629   13.7371   14.8173   15.4578   16.1292   16.9116   18.0512   18.0768   19.9733   20.1527
 13.1874  -49.3610  -49.2973  -49.2936  -44.3417  -44.2812  -44.2760  -23.5649  -23.5262  -23.2294  -23.2221   -6.7683   -6.4126   -6.0954   -5.8539   -5.3815   -5.3325   -5.2507   -4.9613   -4.7730   -4.7701   -3.9931   -3.9667   -2.6012   -2.4543   -2.2403   -0.9975   -0.9487    3.9894    4.4749    4.4854    4.5254    4.9780    5.4386    5.4688    9.2945    9.3919   11.0097   11.2471   13.5247   13.7042   14.7511   15.2465   16.1882   16.8586   17.9984   18.1483   20.0409   20.1337
 13.2202  -49.3609  -49.2973  -49.2943  -44.3415  -44.2812  -44.2770  -23.5596  -23.5216  -23.2307  -23.2227   -6.7465   -6.4141   -6.0774   -5.8587   -5.4013   -5.3855   -5.2676   -4.9686   -4.7845   -4.7402   -3.9898   -3.9709   -2.5842   -2.4463   -2.2482   -0.9974   -0.9830    4.0134    4.4677    4.4819    4.5387    5.0216    5.4660    5.4934    9.3488    9.4449   11.0326   11.2551   13.3592   13.6534   14.7095   15.0554   16.1908   16.7407   17.9593   18.2694   20.1098   20.1247
 13.2530  -49.3608  -49.2972  -49.2950  -44.3413  -44.2811  -44.2781  -23.5535  -23.5161  -23.2324  -23.2235   -6.7212   -6.4148   -6.0572   -5.8640   -5.4415   -5.4327   -5.2809   -4.9769   -4.7955   -4.7075   -3.9874   -3.9766   -2.5668   -2.4370   -2.2574   -1.0214   -0.9970    4.0402    4.4593    4.4752    4.5561    5.0693    5.4998    5.5254    9.4118    9.5041   11.0600   11.2641   13.1743   13.5785   14.6873   14.8913   16.1321   16.5810   17.9663   18.3866   20.1360   20.1812
 13.2859  -49.3606  -49.2972  -49.2959  -44.3411  -44.2810  -44.2793  -23.5469  -23.5103  -23.2347  -23.2249   -6.6925   -6.4145   -6.0352   -5.8699   -5.4994   -5.4763   -5.2894   -4.9866   -4.8025   -4.6751   -3.9864   -3.9839   -2.5499   -2.4264   -2.2678   -1.0632   -0.9964    4.0692    4.4497    4.4666    4.5760    5.1183    5.5406    5.5664    9.4829    9.5677   11.0918   11.2737   12.9776   13.4748   14.6788   14.7595   16.0194   16.3962   18.0129   18.4778   20.1785   20.2572
 13.3187  -49.3605  -49.2971  -49.2968  -44.3408  -44.2809  -44.2806  -23.5394  -23.5037  -23.2369  -23.2261   -6.6608   -6.4128   -6.0119   -5.8761   -5.5583   -5.5299   -5.2941   -4.9980   -4.8054   -4.6434   -3.9929   -3.9870   -2.5343   -2.4147   -2.2793   -1.1073   -0.9954    4.0999    4.4392    4.4566    4.5979    5.1663    5.5888    5.6187    9.5617    9.6338   11.1287   11.2840   12.7764   13.3425   14.6609   14.6789   15.8671   16.1972   18.0857   18.5300   20.2604   20.3403
 13.3515  -49.3603  -49.2978  -49.2970  -44.3406  -44.2821  -44.2808  -23.5313  -23.4965  -23.2395  -23.2275   -6.6264   -6.4096   -5.9881   -5.8828   -5.6168   -5.5904   -5.2964   -5.0111   -4.8045   -4.6126   -4.0035   -3.9891   -2.5207   -2.4020   -2.2919   -1.1527   -0.9939    4.1317    4.4277    4.4455    4.6211    5.2107    5.6447    5.6837    9.6469    9.6995   11.1703   11.2943   12.5759   13.1861   14.5908   14.6832   15.6895   15.9911   18.1709   18.5402   20.3822   20.4325
 13.3844  -49.3602  -49.2989  -49.2970  -44.3403  -44.2836  -44.2807  -23.5226  -23.4889  -23.2423  -23.2292   -6.5895   -6.4047   -5.9653   -5.8901   -5.6731   -5.6551   -5.2972   -5.0263   -4.8001   -4.5830   -4.0157   -3.9929   -2.5095   -2.3885   -2.3055   -1.1987   -0.9921    4.1642    4.4155    4.4335    4.6453    5.2501    5.7083    5.7621    9.7376    9.7619   11.2164   11.3040   12.3819   13.0138   14.5416   14.6878   15.4980   15.7828   18.2582   18.5140   20.5350   20.5373
 13.4172  -49.3600  -49.3000  -49.2969  -44.3400  -44.2852  -44.2806  -23.5134  -23.4808  -23.2454  -23.2310   -6.5506   -6.3980   -5.9465   -5.8990   -5.7238   -5.7209   -5.2973   -5.0436   -4.7930   -4.5549   -4.0292   -3.9984   -2.5011   -2.3744   -2.3200   -1.2443   -0.9897    4.1969    4.4027    4.4209    4.6704    5.2842    5.7797    5.8536    9.8170    9.8322   11.2659   11.3119   12.2007   12.8346   14.5047   14.6875   15.3025   15.5763   18.3411   18.4614   20.6477   20.7158
 13.4500  -49.3598  -49.3012  -49.2968  -44.3397  -44.2868  -44.2805  -23.5038  -23.4722  -23.2486  -23.2330   -6.5102   -6.3895   -5.9384   -5.9118   -5.7836   -5.7617   -5.2968   -5.0631   -4.7835   -4.5287   -4.0439   -4.0054   -2.4957   -2.3598   -2.3353   -1.2889   -0.9869    4.2296    4.3895    4.4080    4.6961    5.3132    5.8587    5.9570    9.8599    9.9286   11.3162   11.3164   12.0403   12.6570   14.4724   14.6737   15.1144   15.3753   18.3921   18.4162   20.7678   20.9058
 13.4828  -49.3596  -49.3023  -49.2968  -44.3393  -44.2885  -44.2804  -23.4938  -23.4634  -23.2522  -23.2353   -6.4688   -6.3793   -5.9505   -5.9357   -5.8346   -5.7768   -5.2960   -5.0848   -4.7722   -4.5048   -4.0592   -4.0139   -2.4931   -2.3515   -2.3450   -1.3317   -0.9837    4.2618    4.3759    4.3948    4.7222    5.3380    5.9451    6.0707    9.8849   10.0240   11.3153   11.3614   11.9127   12.4892   14.4373   14.6268   14.9547   15.1835   18.3145   18.4824   20.8894   21.0903
 13.5157  -49.3594  -49.3035  -49.2967  -44.3390  -44.2902  -44.2803  -23.4837  -23.4544  -23.2561  -23.2379   -6.4271   -6.3677   -5.9827   -5.9790   -5.8643   -5.7689   -5.2949   -5.1087   -4.7595   -4.4837   -4.0748   -4.0238   -2.4934   -2.3682   -2.3302   -1.3723   -0.9801    4.2932    4.3623    4.3816    4.7485    5.3594    6.0384    6.1929    9.8856   10.1140   11.3064   11.3906   11.8354   12.3404   14.3917   14.5171   14.8535   15.0060   18.2347   18.5402   20.9987   21.2157
 13.5485  -49.3592  -49.3047  -49.2966  -44.3387  -44.2919  -44.2802  -23.4732  -23.4451  -23.2600  -23.2405   -6.3861   -6.3551   -6.0350   -6.0239   -5.8778   -5.7483   -5.2934   -5.1346   -4.7459   -4.4660   -4.0899   -4.0349   -2.4962   -2.3855   -2.3156   -1.4101   -0.9761    4.3234    4.3490    4.3687    4.7751    5.3780    6.1388    6.3226    9.8567   10.1922   11.2891   11.3959   11.8219   12.2193   14.3273   14.3546   14.8015   14.8489   18.1577   18.5907   21.0747   21.2426
 13.5813  -49.3590  -49.3058  -49.2966  -44.3384  -44.2935  -44.2801  -23.4628  -23.4357  -23.2641  -23.2432   -6.3475   -6.3426   -6.0927   -6.0659   -5.8845   -5.7224   -5.2913   -5.1622   -4.7319   -4.4523   -4.1037   -4.0469   -2.5013   -2.4031   -2.3014   -1.4448   -0.9720    4.3340    4.3542    4.3561    4.8014    5.3943    6.2453    6.4583    9.7952   10.2488   11.2669   11.3882   11.8639   12.1326   14.1720   14.2374   14.7176   14.7659   18.0869   18.6359   21.1040   21.2281
 13.6141  -49.3589  -49.3069  -49.2965  -44.3381  -44.2951  -44.2800  -23.4523  -23.4261  -23.2683  -23.2461   -6.3321   -6.3148   -6.1447   -6.1033   -5.8880   -5.6949   -5.2884   -5.1910   -4.7181   -4.4432   -4.1156   -4.0597   -2.5084   -2.4207   -2.2877   -1.4762   -0.9677    4.3214    4.3439    4.3816    4.8274    5.4087    6.3579    6.5989    9.7022   10.2711   11.2509   11.3871   11.9400   12.0820   13.9854   14.1218   14.6113   14.7306   18.0246   18.6774   21.1026   21.2090
 13.6470  -49.3587  -49.3080  -49.2964  -44.3378  -44.2966  -44.2799  -23.4420  -23.4166  -23.2729  -23.2493   -6.3270   -6.2990   -6.1785   -6.1313   -5.8899   -5.6678   -5.2845   -5.2202   -4.7049   -4.4391   -4.1250   -4.0727   -2.5172   -2.4379   -2.2748   -1.5043   -0.9635    4.3089    4.3324    4.4077    4.8527    5.4214    6.4763    6.7435    9.5823   10.2480   11.2552   11.4027   12.0351   12.0643   13.8008   13.9883   14.5218   14.6900   17.9723   18.7166   21.0883   21.1874
 13.6798  -49.3585  -49.3090  -49.2963  -44.3375  -44.2980  -44.2798  -23.4320  -23.4072  -23.2776  -23.2526   -6.3311   -6.3156   -6.1784   -6.1452   -5.8909   -5.6428   -5.2793   -5.2490   -4.6929   -4.4400   -4.1313   -4.0858   -2.5275   -2.4543   -2.2627   -1.5289   -0.9593    4.2970    4.3217    4.4321    4.8770    5.4325    6.6000    6.8911    9.4420   10.1783   11.2875   11.4358   12.0734   12.1413   13.6207   13.8463   14.4397   14.6420   17.9303   18.7545   21.0704   21.1672
 13.7126  -49.3584  -49.3099  -49.2963  -44.3373  -44.2994  -44.2798  -23.4222  -23.3978  -23.2825  -23.2559   -6.3522   -6.3455   -6.1565   -6.1437   -5.8913   -5.6217   -5.2759   -5.2727   -4.6826   -4.4456   -4.1347   -4.0984   -2.5391   -2.4693   -2.2516   -1.5502   -0.9552    4.2858    4.3119    4.4545    4.8999    5.4424    6.7291    7.0407    9.2872   10.0708   11.3439   11.4843   12.1036   12.2534   13.4470   13.7032   14.3592   14.5864   17.8986   18.7917   21.0532   21.1486
 13.7455  -49.3582  -49.3108  -49.2962  -44.3370  -44.3006  -44.2797  -23.4129  -23.3886  -23.2877  -23.2593   -6.3918   -6.3664   -6.1302   -6.1295   -5.8917   -5.6064   -5.2989   -5.2647   -4.6742   -4.4548   -4.1356   -4.1101   -2.5515   -2.4827   -2.2416   -1.5682   -0.9514    4.2756    4.3030    4.4747    4.9213    5.4509    6.8630    7.1911    9.1229    9.9385   11.4148   11.5455   12.1506   12.3668   13.2815   13.5631   14.2776   14.5234   17.8762   18.8279   21.0385   21.1320
 13.7783  -49.3581  -49.3115  -49.2962  -44.3368  -44.3017  -44.2796  -23.4044  -23.3798  -23.2932  -23.2629   -6.4290   -6.3895   -6.1095   -6.1031   -5.8923   -5.5991   -5.3162   -5.2555   -4.6680   -4.4665   -4.1346   -4.1206   -2.5641   -2.4943   -2.2327   -1.5833   -0.9480    4.2665    4.2952    4.4925    4.9405    5.4582    7.0016    7.3405    8.9529    9.7927   11.4910   11.6171   12.2112   12.4758   13.1269   13.4285   14.1950   14.4545   17.8618   18.8628   21.0268   21.1176
 13.8111  -49.3580  -49.3122  -49.2961  -44.3367  -44.3026  -44.2796  -23.3965  -23.3709  -23.2987  -23.2662   -6.4617   -6.4116   -6.0850   -6.0790   -5.8934   -5.6005   -5.3264   -5.2456   -4.6641   -4.4794   -4.1326   -4.1295   -2.5764   -2.5039   -2.2251   -1.5956   -0.9450    4.2586    4.2884    4.5078    4.9574    5.4644    7.1448    7.4870    8.7802    9.6426   11.5660   11.6975   12.2827   12.5697   12.9917   13.3012   14.1135   14.3821   17.8537   18.8956   21.0186   21.1059
 13.8439  -49.3579  -49.3127  -49.2961  -44.3365  -44.3034  -44.2795  -23.3895  -23.3624  -23.3046  -23.2693   -6.4892   -6.4311   -6.0594   -6.0581   -5.8950   -5.6099   -5.3300   -5.2356   -4.6621   -4.4921   -4.1368   -4.1300   -2.5876   -2.5116   -2.2188   -1.6052   -0.9424    4.2520    4.2829    4.5206    4.9718    5.4695    7.2922    7.6273    8.6065    9.4955   11.6344   11.7853   12.3627   12.6155   12.9046   13.1819   14.0363   14.3095   17.8502   18.9249   21.0135   21.0966
 13.8768  -49.3579  -49.3132  -49.2961  -44.3364  -44.3040  -44.2795  -23.3840  -23.3545  -23.3108  -23.2722   -6.5109   -6.4470   -6.0409   -6.0350   -5.8971   -5.6240   -5.3291   -5.2263   -4.6616   -4.5034   -4.1423   -4.1275   -2.5971   -2.5175   -2.2139   -1.6125   -0.9404    4.2468    4.2785    4.5306    4.9832    5.4733    7.4435    7.7557    8.4335    9.3594   11.6922   11.8793   12.4473   12.5665   12.9076   13.0711   13.9677   14.2412   17.8494   18.9493   21.0107   21.0894
 13.9096  -49.3578  -49.3135  -49.2961  -44.3363  -44.3044  -44.2795  -23.3797  -23.3468  -23.3171  -23.2744   -6.5265   -6.4586   -6.0279   -6.0143   -5.8992   -5.6389   -5.3262   -5.2188   -4.6619   -4.5124   -4.1461   -4.1255   -2.6043   -2.5217   -2.2103   -1.6176   -0.9390    4.2430    4.2753    4.5378    4.9915    5.4761    7.5986    7.8640    8.2626    9.2450   11.7364   11.9782   12.4634   12.5330   12.9555   12.9702   13.9130   14.1838   17.8501   18.9680   21.0098   21.0847
 13.9424  -49.3578  -49.3137  -49.2961  -44.3363  -44.3047  -44.2794  -23.3771  -23.3398  -23.3234  -23.2759   -6.5360   -6.4657   -6.0197   -6.0001   -5.9008   -5.6502   -5.3236   -5.2139   -4.6625   -4.5181   -4.1484   -4.1241   -2.6087   -2.5242   -2.2082   -1.6206   -0.9381    4.2407    4.2734    4.5421    4.9965    5.4777    7.7559    7.9390    8.0955    9.1658   11.7641   12.0766   12.3550   12.6112   12.8845   12.9963   13.8775   14.1446   17.8509   18.9796   21.0097   21.0823
 13.9752  -49.3578  -49.3137  -49.2961  -44.3363  -44.3048  -44.2794  -23.3762  -23.3355  -23.3273  -23.2764   -6.5392   -6.4681   -6.0169   -5.9951   -5.9015   -5.6544   -5.3226   -5.2122   -4.6627   -4.5200   -4.1491   -4.1237   -2.6103   -2.5250   -2.2075   -1.6216   -0.9378    4.2399    4.2728    4.5436    4.9982    5.4783    7.8838    7.9644    7.9663    9.1371   11.7737   12.1374   12.2901   12.6513   12.8422   13.0117   13.8651   14.1306   17.8513   18.9835   21.0097   21.0810
 13.9752  -49.3613  -49.2975  -49.2920  -44.3422  -44.2814  -44.2738  -23.5464  -23.4936  -23.2816  -23.2390   -7.0754   -6.7840   -6.1504   -5.3111   -5.2343   -5.2270   -4.8294   -4.7653   -4.7264   -4.4174   -4.3945   -4.2500   -2.7066   -2.5113   -2.1032   -1.5294   -0.9089    3.9692    4.3588    4.5249    4.5518    5.4077    6.4912    6.5155    6.7686    7.1334   13.1860   13.2236   13.6780   13.7747   15.2592   15.3126   16.2706   16.7315   17.0906   17.6219   18.2150   18.3562
 14.0081  -49.3613  -49.2975  -49.2921  -44.3422  -44.2814  -44.2739  -23.5461  -23.4934  -23.2817  -23.2390   -7.0742   -6.7833   -6.1528   -5.3390   -5.2294   -5.1999   -4.8351   -4.7643   -4.7289   -4.4195   -4.3948   -4.2496   -2.7040   -2.5106   -2.1043   -1.5280   -0.9113    3.9718    4.3616    4.5242    4.5509    5.4035    6.4939    6.5207    6.7756    7.1359   13.1803   13.2278   13.6667   13.7788   15.0734   15.4421   16.2516   16.7970   17.0882   17.6254   18.2073   18.3537
 14.0409  -49.3613  -49.2974  -49.2923  -44.3421  -44.2814  -44.2742  -23.5450  -23.4925  -23.2820  -23.2390   -7.0706   -6.7815   -6.1598   -5.3890   -5.2150   -5.1527   -4.8519   -4.7613   -4.7364   -4.4256   -4.3956   -4.2484   -2.6966   -2.5083   -2.1075   -1.5241   -0.9184    3.9797    4.3701    4.5220    4.5482    5.3914    6.5022    6.5361    6.7965    7.1436   13.1629   13.2403   13.6330   13.7913   14.8391   15.4814   16.2715   16.9439   17.0811   17.6363   18.1856   18.3461
 14.0737  -49.3612  -49.2974  -49.2926  -44.3420  -44.2813  -44.2746  -23.5429  -23.4906  -23.2824  -23.2390   -7.0648   -6.7785   -6.1706   -5.4431   -5.1916   -5.1034   -4.8792   -4.7563   -4.7485   -4.4359   -4.3968   -4.2464   -2.6848   -2.5046   -2.1127   -1.5174   -0.9299    3.9925    4.3842    4.5184    4.5437    5.3723    6.5159    6.5617    6.8304    7.1567   13.1332   13.2610   13.5779   13.8130   14.5927   15.3886   16.3901   17.0696   17.1185   17.6548   18.1524   18.3337
 14.1066  -49.3611  -49.2974  -49.2931  -44.3419  -44.2813  -44.2752  -23.5399  -23.4878  -23.2826  -23.2386   -7.0567   -6.7744   -6.1846   -5.4981   -5.1603   -5.0552   -4.9161   -4.7651   -4.7493   -4.4501   -4.3980   -4.2436   -2.6695   -2.4995   -2.1199   -1.5081   -0.9457    4.0099    4.4039    4.5134    4.5376    5.3475    6.5349    6.5973    6.8760    7.1756   13.0903   13.2895   13.5030   13.8445   14.3403   15.2172   16.5684   17.0538   17.3000   17.6812   18.1117   18.3169
 14.1394  -49.3610  -49.2973  -49.2936  -44.3417  -44.2812  -44.2760  -23.5363  -23.4846  -23.2835  -23.2387   -7.0466   -6.7693   -6.2005   -5.5532   -5.1223   -5.0097   -4.9615   -4.7857   -4.7404   -4.4682   -4.3988   -4.2401   -2.6516   -2.4929   -2.1292   -1.4962   -0.9655    4.0313    4.4290    4.5070    4.5298    5.3184    6.5586    6.6423    6.9315    7.2001   13.0336   13.3228   13.4128   13.8862   14.0851   15.0103   16.7675   17.0336   17.4801   17.7152   18.0671   18.2954
 14.1722  -49.3609  -49.2973  -49.2943  -44.3415  -44.2812  -44.2770  -23.5318  -23.4806  -23.2840  -23.2384   -7.0346   -6.7634   -6.2176   -5.6077   -5.0787   -5.0139   -4.9677   -4.8097   -4.7296   -4.4901   -4.3987   -4.2359   -2.6323   -2.4851   -2.1403   -1.4818   -0.9888    4.0561    4.4595    4.4994    4.5206    5.2865    6.5870    6.6966    6.9956    7.2311   12.9630   13.2873   13.3828   13.8294   13.9384   14.7866   16.9712   17.0095   17.6556   17.7577   18.0237   18.2699
 14.2050  -49.3608  -49.2972  -49.2950  -44.3413  -44.2811  -44.2780  -23.5267  -23.4761  -23.2850  -23.2383   -7.0208   -6.7569   -6.2348   -5.6615   -5.0722   -5.0310   -4.9301   -4.8366   -4.7171   -4.5153   -4.3969   -4.2311   -2.6126   -2.4760   -2.1533   -1.4649   -1.0151    4.0834    4.4906    4.4950    4.5101    5.2532    6.6193    6.7592    7.0665    7.2684   12.8786   13.1655   13.4319   13.5743   14.0009   14.5545   16.9817   17.1714   17.8083   17.8244   17.9844   18.2406
 14.2379  -49.3607  -49.2972  -49.2959  -44.3411  -44.2810  -44.2793  -23.5210  -23.4710  -23.2862  -23.2383   -7.0057   -6.7500   -6.2514   -5.7140   -5.1348   -4.9804   -4.8979   -4.8657   -4.7029   -4.5435   -4.3928   -4.2258   -2.5934   -2.4658   -2.1681   -1.4457   -1.0440    4.1128    4.4806    4.4983    4.5352    5.2195    6.6552    6.8298    7.1430    7.3128   12.7808   13.0276   13.3212   13.4924   14.0732   14.3181   16.9506   17.3647   17.8668   17.9523   17.9854   18.2081
 14.2707  -49.3605  -49.2971  -49.2968  -44.3409  -44.2809  -44.2806  -23.5147  -23.4654  -23.2874  -23.2382   -6.9893   -6.7430   -6.2667   -5.7653   -5.2006   -4.9287   -4.8963   -4.8716   -4.6870   -4.5736   -4.3857   -4.2199   -2.5756   -2.4545   -2.1844   -1.4243   -1.0749    4.1435    4.4697    4.4856    4.5796    5.1864    6.6945    6.9079    7.2243    7.3644   12.6706   12.8784   13.0710   13.5610   14.0799   14.1550   16.9167   17.5490   17.9297   17.9328   18.1383   18.1729
 14.3035  -49.3604  -49.2978  -49.2971  -44.3406  -44.2821  -44.2809  -23.5080  -23.4594  -23.2887  -23.2382   -6.9721   -6.7360   -6.2802   -5.8149   -5.2682   -4.9276   -4.8786   -4.8517   -4.6697   -4.6035   -4.3752   -4.2135   -2.5598   -2.4423   -2.2023   -1.4010   -1.1074    4.1749    4.4580    4.4721    4.6276    5.1546    6.7369    6.9928    7.3093    7.4235   12.5489   12.7206   12.8244   13.6370   13.8415   14.2456   16.8804   17.7231   17.9178   18.0057   18.1354   18.2827
 14.3363  -49.3602  -49.2989  -49.2970  -44.3403  -44.2836  -44.2808  -23.5006  -23.4528  -23.2898  -23.2378   -6.9543   -6.7295   -6.2914   -5.8628   -5.3366   -4.9588   -4.8382   -4.8359   -4.6511   -4.6280   -4.3614   -4.2068   -2.5465   -2.4293   -2.2215   -1.3762   -1.1409    4.2066    4.4455    4.4580    4.6786    5.1246    6.7823    7.0842    7.3975    7.4902   12.4170   12.5560   12.5825   13.6045   13.7202   14.3444   16.8422   17.8866   17.9176   18.0844   18.0963   18.4188
 14.3692  -49.3600  -49.3000  -49.2969  -44.3400  -44.2851  -44.2806  -23.4930  -23.4461  -23.2912  -23.2377   -6.9364   -6.7236   -6.2999   -5.9088   -5.4047   -4.9893   -4.8308   -4.8132   -4.6350   -4.6313   -4.3444   -4.1999   -2.5360   -2.4156   -2.2418   -1.3500   -1.1749    4.2381    4.4324    4.4434    4.7315    5.0968    6.8304    7.1811    7.4879    7.5640   12.2759   12.3456   12.3864   13.3695   13.8101   14.4506   16.8024   17.9293   18.0393   18.0558   18.1675   18.5464
 14.4020  -49.3598  -49.3011  -49.2968  -44.3397  -44.2868  -44.2805  -23.4851  -23.4390  -23.2926  -23.2375   -6.9187   -6.7186   -6.3056   -5.9528   -5.4716   -5.0182   -4.8287   -4.8221   -4.6130   -4.6104   -4.3249   -4.1928   -2.5283   -2.4013   -2.2631   -1.3229   -1.2091    4.2691    4.4189    4.4285    4.7856    5.0714    6.8815    7.2834    7.5805    7.6449   12.1146   12.1272   12.2135   13.1375   13.9066   14.5634   16.7617   17.9526   18.0147   18.1814   18.2529   18.6656
 14.4348  -49.3596  -49.3023  -49.2968  -44.3393  -44.2885  -44.2804  -23.4773  -23.4321  -23.2942  -23.2375   -6.9017   -6.7145   -6.3082   -5.9945   -5.5365   -5.0451   -4.8546   -4.8311   -4.5887   -4.5704   -4.3038   -4.1856   -2.5235   -2.3867   -2.2853   -1.2953   -1.2429    4.2993    4.4051    4.4136    4.8399    5.0486    6.9355    7.3903    7.6745    7.7321   11.8897   11.9718   12.0385   12.9088   14.0090   14.6819   16.7203   17.9732   17.9868   18.3134   18.3380   18.7763
 14.4677  -49.3594  -49.3035  -49.2967  -44.3391  -44.2902  -44.2804  -23.4696  -23.4253  -23.2959  -23.2375   -6.8859   -6.7116   -6.3076   -6.0340   -5.5986   -5.0692   -4.8987   -4.8370   -4.5663   -4.5194   -4.2818   -4.1784   -2.5215   -2.3718   -2.3079   -1.2762   -1.2676    4.3286    4.3911    4.3988    4.8935    5.0285    6.9925    7.5013    7.7694    7.8250   11.6719   11.8114   11.8629   12.6842   14.1169   14.8051   16.6790   17.9321   18.0312   18.4189   18.4362   18.8787
 14.5005  -49.3592  -49.3046  -49.2966  -44.3387  -44.2918  -44.2803  -23.4616  -23.4182  -23.2974  -23.2375   -6.8717   -6.7097   -6.3037   -6.0711   -5.6574   -5.0903   -4.9487   -4.8455   -4.5435   -4.4658   -4.2596   -4.1714   -2.5221   -2.3569   -2.3309   -1.3084   -1.2401    4.3567    4.3773    4.3843    4.9457    5.0110    7.0527    7.6164    7.8657    7.9230   11.4621   11.6470   11.6879   12.4645   14.2303   14.9325   16.6380   17.8916   18.0848   18.4907   18.5504   18.9728
 14.5333  -49.3591  -49.3058  -49.2966  -44.3385  -44.2935  -44.2802  -23.4541  -23.4116  -23.2994  -23.2378   -6.8597   -6.7084   -6.2966   -6.1056   -5.7123   -5.1080   -5.0020   -4.8558   -4.5206   -4.4123   -4.2379   -4.1647   -2.5249   -2.3540   -2.3420   -1.3394   -1.2132    4.3635    4.3702    4.3835    4.9955    4.9960    7.1160    7.7348    7.9626    8.0249   11.2606   11.4796   11.5144   12.2496   14.3483   15.0627   16.5979   17.8522   18.1462   18.5461   18.6568   19.0587
 14.5661  -49.3589  -49.3069  -49.2965  -44.3382  -44.2951  -44.2801  -23.4465  -23.4048  -23.3008  -23.2378   -6.8506   -6.7076   -6.2863   -6.1377   -5.7630   -5.1222   -5.0574   -4.8673   -4.4977   -4.3600   -4.2171   -4.1582   -2.5297   -2.3768   -2.3274   -1.3688   -1.1873    4.3502    4.3567    4.4089    4.9834    5.0425    7.1826    7.8565    8.0601    8.1301   11.0688   11.3106   11.3435   12.0406   14.4706   15.1947   16.5595   17.8147   18.2141   18.5762   18.7563   19.1368
 14.5990  -49.3587  -49.3080  -49.2965  -44.3379  -44.2966  -44.2800  -23.4392  -23.3984  -23.3024  -23.2379   -6.8446   -6.7066   -6.2729   -6.1671   -5.8092   -5.1329   -5.1138   -4.8792   -4.4752   -4.3099   -4.1976   -4.1522   -2.5361   -2.3991   -2.3133   -1.3965   -1.1626    4.3374    4.3439    4.4327    4.9730    5.0862    7.2519    7.9809    8.1578    8.2372   10.8876   11.1405   11.1761   11.8375   14.5963   15.3273   16.5229   17.7792   18.2867   18.5716   18.8493   19.2069
 14.6318  -49.3586  -49.3090  -49.2964  -44.3376  -44.2980  -44.2799  -23.4322  -23.3923  -23.3038  -23.2379   -6.8420   -6.7051   -6.2567   -6.1938   -5.8506   -5.1704   -5.1404   -4.8913   -4.4533   -4.2627   -4.1797   -4.1466   -2.5436   -2.4206   -2.2999   -1.4221   -1.1394    4.3253    4.3320    4.4547    4.9646    5.1260    7.3236    8.1079    8.2557    8.3450   10.7184   10.9708   11.0134   11.6407   14.7246   15.4589   16.4886   17.7462   18.3625   18.5266   18.9360   19.2692
 14.6646  -49.3584  -49.3099  -49.2963  -44.3374  -44.2994  -44.2798  -23.4256  -23.3864  -23.3049  -23.2378   -6.8427   -6.7031   -6.2379   -6.2179   -5.8872   -5.2265   -5.1450   -4.9030   -4.4323   -4.2190   -4.1634   -4.1416   -2.5520   -2.4410   -2.2873   -1.4456   -1.1180    4.3140    4.3211    4.4749    4.9581    5.1618    7.3969    8.2372    8.3531    8.4517   10.5632   10.8020   10.8563   11.4509   14.8542   15.5878   16.4569   17.7157   18.4397   18.4427   19.0167   19.3236
 14.6975  -49.3583  -49.3108  -49.2963  -44.3371  -44.3006  -44.2798  -23.4197  -23.3812  -23.3061  -23.2377   -6.8459   -6.7005   -6.2391   -6.2171   -5.9191   -5.2812   -5.1472   -4.9141   -4.4127   -4.1792   -4.1489   -4.1373   -2.5606   -2.4599   -2.2756   -1.4668   -1.0987    4.3037    4.3112    4.4930    4.9530    5.1934    7.4704    8.3682    8.4495    8.5550   10.4241   10.6350   10.7059   11.2682   14.9835   15.7121   16.4281   17.6883   18.3289   18.5163   19.0912   19.3701
 14.7303  -49.3582  -49.3116  -49.2963  -44.3369  -44.3017  -44.2797  -23.4148  -23.3769  -23.3075  -23.2381   -6.8509   -6.6977   -6.2576   -6.1949   -5.9462   -5.3335   -5.1475   -4.9242   -4.3946   -4.1438   -4.1364   -4.1336   -2.5691   -2.4771   -2.2652   -1.4856   -1.0816    4.2945    4.3025    4.5091    4.9490    5.2207    7.5425    8.5003    8.5438    8.6521   10.3045   10.4704   10.5632   11.0930   15.1103   15.8293   16.4025   17.6638   18.1976   18.5903   19.1592   19.4085
 14.7631  -49.3581  -49.3122  -49.2962  -44.3367  -44.3026  -44.2797  -23.4100  -23.3727  -23.3083  -23.2380   -6.8568   -6.6950   -6.2733   -6.1721   -5.9688   -5.3822   -5.1465   -4.9331   -4.3786   -4.1306   -4.1258   -4.1131   -2.5772   -2.4922   -2.2561   -1.5017   -1.0668    4.2865    4.2950    4.5229    4.9462    5.2437    7.6119    8.6330    8.6348    8.7401   10.2089   10.3102   10.4311   10.9272   15.2320   15.9369   16.3804   17.6429   18.0613   18.6605   19.2207   19.4393
 14.7959  -49.3580  -49.3128  -49.2962  -44.3366  -44.3034  -44.2796  -23.4061  -23.3691  -23.3090  -23.2379   -6.8629   -6.6927   -6.2861   -6.1498   -5.9869   -5.4260   -5.1448   -4.9407   -4.3648   -4.1283   -4.1171   -4.0874   -2.5843   -2.5050   -2.2484   -1.5150   -1.0545    4.2798    4.2888    4.5344    4.9443    5.2623    7.6754    8.7198    8.7643    8.8146   10.1415   10.1558   10.3119   10.7715   15.3447   16.0319   16.3621   17.6255   17.9301   18.7246   19.2745   19.4621
 14.8288  -49.3579  -49.3132  -49.2961  -44.3365  -44.3040  -44.2796  -23.4029  -23.3663  -23.3095  -23.2378   -6.8683   -6.6907   -6.2962   -6.1296   -6.0008   -5.4632   -5.1428   -4.9467   -4.3537   -4.1265   -4.1103   -4.0672   -2.5903   -2.5153   -2.2423   -1.5255   -1.0448    4.2745    4.2839    4.5434    4.9430    5.2768    7.7305    8.7955    8.8723    8.8914   10.0106   10.1066   10.2093   10.6287   15.4430   16.1107   16.3477   17.6119   17.8137   18.7806   19.3199   19.4785
 14.8616  -49.3578  -49.3135  -49.2961  -44.3364  -44.3045  -44.2795  -23.4006  -23.3643  -23.3097  -23.2376   -6.8725   -6.6894   -6.3033   -6.1131   -6.0105   -5.4919   -5.1411   -4.9511   -4.3456   -4.1253   -4.1055   -4.0526   -2.5947   -2.5228   -2.2379   -1.5331   -1.0379    4.2707    4.2804    4.5499    4.9422    5.2871    7.7733    8.8569    8.9115    9.0077    9.8813   10.1041   10.1286   10.5028   15.5208   16.1701   16.3372   17.6021   17.7215   18.8258   19.3556   19.4932
 14.8944  -49.3578  -49.3137  -49.2961  -44.3363  -44.3048  -44.2795  -23.3995  -23.3634  -23.3101  -23.2378   -6.8752   -6.6885   -6.3076   -6.1022   -6.0163   -5.5101   -5.1399   -4.9538   -4.3406   -4.1246   -4.1026   -4.0438   -2.5975   -2.5273   -2.2352   -1.5376   -1.0337    4.2684    4.2783    4.5538    4.9417    5.2932    7.8005    8.8976    8.9332    9.0979    9.7828   10.0758   10.1252   10.4038   15.5712   16.2072   16.3309   17.5962   17.6617   18.8561   19.3789   19.4470
 14.9272  -49.3578  -49.3138  -49.2961  -44.3363  -44.3049  -44.2795  -23.3991  -23.3630  -23.3102  -23.2377   -6.8762   -6.6882   -6.3090   -6.0984   -6.0182   -5.5164   -5.1395   -4.9547   -4.3389   -4.1244   -4.1017   -4.0408   -2.5984   -2.5288   -2.2343   -1.5392   -1.0323    4.2676    4.2776    4.5551    4.9416    5.2952    7.8099    8.9120    8.9400    9.1345    9.7436   10.0575   10.1422   10.3612   15.5888   16.2198   16.3288   17.5942   17.6409   18.8670   19.3962   19.4259
