 Eigenvalues (hartree) for nkpt= 639  k points, SPIN UP:
 kpt#   1, nband= 48, wtk=  1.00000, kpt=  0.0000  0.0000  0.0000 (reduced coord)
  -2.85352   -2.66494   -1.70774   -1.70556   -1.70537   -1.52300   -1.52072   -1.52045
  -0.77358   -0.75464   -0.75351   -0.75185   -0.16674   -0.13556   -0.11980   -0.11549
  -0.09255   -0.09195   -0.09046   -0.08927   -0.05803   -0.04356   -0.04310   -0.03230
   0.00918    0.01599    0.02452    0.05972    0.07349    0.18941    0.24739    0.26949
   0.27104    0.30281    0.30521    0.37685    0.39425    0.45341    0.49258    0.55509
   0.58097    0.59848    0.60890    0.64363    0.70513    0.72908    0.85786    0.86053
 kpt#   2, nband= 48, wtk=  1.00000, kpt=  0.0000  0.0167  0.0000 (reduced coord)
  -2.85352   -2.66494   -1.70774   -1.70556   -1.70537   -1.52300   -1.52072   -1.52045
  -0.77357   -0.75466   -0.75350   -0.75185   -0.16671   -0.13555   -0.11980   -0.11547
  -0.09257   -0.09195   -0.09045   -0.08926   -0.05805   -0.04362   -0.04315   -0.03232
   0.00918    0.01599    0.02453    0.05975    0.07349    0.18953    0.24740    0.26949
   0.27104    0.30279    0.30521    0.37675    0.39416    0.45354    0.49273    0.55486
   0.58020    0.59931    0.60915    0.64367    0.70514    0.72912    0.85796    0.85901
 kpt#   3, nband= 48, wtk=  1.00000, kpt=  0.0000  0.0333  0.0000 (reduced coord)
  -2.85352   -2.66494   -1.70774   -1.70556   -1.70537   -1.52300   -1.52072   -1.52045
  -0.77354   -0.75473   -0.75347   -0.75185   -0.16659   -0.13554   -0.11981   -0.11540
  -0.09266   -0.09192   -0.09041   -0.08922   -0.05813   -0.04383   -0.04328   -0.03238
   0.00921    0.01601    0.02455    0.05985    0.07351    0.18990    0.24742    0.26948
   0.27103    0.30275    0.30521    0.37645    0.39390    0.45391    0.49317    0.55416
   0.57822    0.60140    0.60995    0.64378    0.70515    0.72924    0.85629    0.85872
 kpt#   4, nband= 48, wtk=  1.00000, kpt=  0.0000  0.0500  0.0000 (reduced coord)
  -2.85352   -2.66494   -1.70774   -1.70556   -1.70537   -1.52300   -1.52072   -1.52045
  -0.77348   -0.75483   -0.75343   -0.75185   -0.16640   -0.13552   -0.11982   -0.11529
  -0.09280   -0.09189   -0.09035   -0.08915   -0.05826   -0.04422   -0.04343   -0.03247
   0.00924    0.01603    0.02458    0.06000    0.07353    0.19051    0.24745    0.26947
   0.27101    0.30268    0.30520    0.37589    0.39355    0.45448    0.49391    0.55304
   0.57562    0.60402    0.61140    0.64397    0.70517    0.72944    0.85225    0.85871
 kpt#   5, nband= 48, wtk=  1.00000, kpt=  0.0000  0.0667  0.0000 (reduced coord)
  -2.85352   -2.66494   -1.70774   -1.70556   -1.70537   -1.52300   -1.52072   -1.52045
  -0.77339   -0.75497   -0.75338   -0.75186   -0.16613   -0.13549   -0.11983   -0.11513
  -0.09301   -0.09184   -0.09026   -0.08906   -0.05844   -0.04481   -0.04360   -0.03261
   0.00928    0.01607    0.02462    0.06022    0.07356    0.19136    0.24749    0.26945
   0.27098    0.30258    0.30518    0.37501    0.39321    0.45520    0.49496    0.55154
   0.57276    0.60661    0.61367    0.64422    0.70520    0.72971    0.84617    0.85715
 kpt#   6, nband= 48, wtk=  1.00000, kpt=  0.0000  0.0833  0.0000 (reduced coord)
  -2.85352   -2.66494   -1.70774   -1.70556   -1.70537   -1.52300   -1.52072   -1.52045
  -0.77329   -0.75513   -0.75333   -0.75186   -0.16580   -0.13546   -0.11985   -0.11492
  -0.09329   -0.09178   -0.09013   -0.08894   -0.05867   -0.04556   -0.04381   -0.03278
   0.00934    0.01611    0.02467    0.06050    0.07359    0.19245    0.24755    0.26943
   0.27094    0.30246    0.30516    0.37375    0.39301    0.45601    0.49633    0.54973
   0.56980    0.60890    0.61678    0.64455    0.70523    0.73007    0.84003    0.85554
 kpt#   7, nband= 48, wtk=  1.00000, kpt=  0.0000  0.1000  0.0000 (reduced coord)
  -2.85352   -2.66494   -1.70774   -1.70556   -1.70537   -1.52300   -1.52072   -1.52045
  -0.77316   -0.75532   -0.75328   -0.75187   -0.16538   -0.13542   -0.11988   -0.11467
  -0.09364   -0.09172   -0.08997   -0.08878   -0.05895   -0.04648   -0.04404   -0.03300
   0.00941    0.01617    0.02473    0.06082    0.07364    0.19376    0.24762    0.26941
   0.27090    0.30231    0.30514    0.37207    0.39302    0.45684    0.49802    0.54766
   0.56682    0.61097    0.62050    0.64494    0.70527    0.73051    0.83396    0.85457
 kpt#   8, nband= 48, wtk=  1.00000, kpt=  0.0000  0.1167  0.0000 (reduced coord)
  -2.85352   -2.66494   -1.70774   -1.70556   -1.70537   -1.52300   -1.52072   -1.52045
  -0.77301   -0.75553   -0.75323   -0.75187   -0.16490   -0.13537   -0.11991   -0.11436
  -0.09405   -0.09164   -0.08978   -0.08860   -0.05927   -0.04755   -0.04429   -0.03325
   0.00949    0.01623    0.02480    0.06120    0.07369    0.19530    0.24770    0.26938
   0.27085    0.30214    0.30512    0.36997    0.39330    0.45764    0.50003    0.54541
   0.56386    0.61298    0.62458    0.64540    0.70532    0.73103    0.82778    0.85317
 kpt#   9, nband= 48, wtk=  1.00000, kpt=  0.0000  0.1333  0.0000 (reduced coord)
  -2.85352   -2.66494   -1.70774   -1.70556   -1.70537   -1.52300   -1.52072   -1.52045
  -0.77283   -0.75576   -0.75318   -0.75188   -0.16435   -0.13532   -0.11994   -0.11401
  -0.09453   -0.09157   -0.08955   -0.08838   -0.05964   -0.04875   -0.04457   -0.03353
   0.00957    0.01630    0.02487    0.06162    0.07375    0.19704    0.24779    0.26934
   0.27079    0.30194    0.30509    0.36749    0.39386    0.45838    0.50235    0.54305
   0.56092    0.61503    0.62881    0.64592    0.70537    0.73163    0.82146    0.84912
 kpt#  10, nband= 48, wtk=  1.00000, kpt=  0.0000  0.1500  0.0000 (reduced coord)
  -2.85352   -2.66494   -1.70774   -1.70556   -1.70537   -1.52300   -1.52072   -1.52045
  -0.77264   -0.75601   -0.75314   -0.75189   -0.16373   -0.13526   -0.11997   -0.11362
  -0.09506   -0.09149   -0.08930   -0.08813   -0.06006   -0.05008   -0.04486   -0.03386
   0.00966    0.01638    0.02495    0.06208    0.07381    0.19900    0.24789    0.26930
   0.27073    0.30173    0.30506    0.36468    0.39468    0.45901    0.50496    0.54061
   0.55801    0.61715    0.63310    0.64649    0.70542    0.73231    0.81510    0.84391
 kpt#  11, nband= 48, wtk=  1.00000, kpt=  0.0000  0.1667  0.0000 (reduced coord)
  -2.85352   -2.66494   -1.70774   -1.70556   -1.70537   -1.52300   -1.52072   -1.52045
  -0.77242   -0.75628   -0.75309   -0.75190   -0.16305   -0.13520   -0.12001   -0.11317
  -0.09566   -0.09141   -0.08902   -0.08785   -0.06052   -0.05152   -0.04517   -0.03422
   0.00976    0.01646    0.02504    0.06257    0.07388    0.20115    0.24800    0.26926
   0.27066    0.30150    0.30503    0.36159    0.39573    0.45952    0.50783    0.53816
   0.55515    0.61937    0.63734    0.64711    0.70548    0.73308    0.80883    0.83731
 kpt#  12, nband= 48, wtk=  1.00000, kpt=  0.0000  0.1833  0.0000 (reduced coord)
  -2.85352   -2.66494   -1.70774   -1.70556   -1.70537   -1.52300   -1.52072   -1.52045
  -0.77218   -0.75657   -0.75305   -0.75190   -0.16231   -0.13514   -0.12004   -0.11267
  -0.09630   -0.09132   -0.08872   -0.08753   -0.06101   -0.05306   -0.04547   -0.03461
   0.00986    0.01654    0.02512    0.06308    0.07395    0.20348    0.24812    0.26922
   0.27059    0.30125    0.30499    0.35827    0.39700    0.45989    0.51089    0.53575
   0.55237    0.62168    0.64145    0.64778    0.70555    0.73393    0.80260    0.82587
 kpt#  13, nband= 48, wtk=  1.00000, kpt=  0.0000  0.2000  0.0000 (reduced coord)
  -2.85352   -2.66494   -1.70774   -1.70556   -1.70537   -1.52300   -1.52072   -1.52045
  -0.77192   -0.75688   -0.75302   -0.75191   -0.16152   -0.13508   -0.12008   -0.11213
  -0.09699   -0.09125   -0.08841   -0.08718   -0.06155   -0.05469   -0.04578   -0.03504
   0.00997    0.01663    0.02521    0.06362    0.07403    0.20598    0.24825    0.26917
   0.27051    0.30098    0.30495    0.35477    0.39845    0.46014    0.51407    0.53344
   0.54969    0.62410    0.64535    0.64848    0.70561    0.73488    0.79644    0.81776
 kpt#  14, nband= 48, wtk=  1.00000, kpt=  0.0000  0.2167  0.0000 (reduced coord)
  -2.85352   -2.66494   -1.70774   -1.70556   -1.70537   -1.52300   -1.52072   -1.52045
  -0.77164   -0.75721   -0.75298   -0.75192   -0.16068   -0.13502   -0.12013   -0.11154
  -0.09772   -0.09117   -0.08809   -0.08680   -0.06211   -0.05639   -0.04608   -0.03549
   0.01008    0.01672    0.02530    0.06416    0.07410    0.20865    0.24838    0.26912
   0.27044    0.30070    0.30492    0.35113    0.40008    0.46025    0.51718    0.53132
   0.54720    0.62662    0.64893    0.64921    0.70567    0.73591    0.79037    0.81162
 kpt#  15, nband= 48, wtk=  1.00000, kpt=  0.0000  0.2333  0.0000 (reduced coord)
  -2.85352   -2.66494   -1.70774   -1.70556   -1.70537   -1.52300   -1.52072   -1.52045
  -0.77135   -0.75755   -0.75295   -0.75193   -0.15979   -0.13496   -0.12017   -0.11091
  -0.09848   -0.09109   -0.08776   -0.08639   -0.06271   -0.05815   -0.04637   -0.03597
   0.01019    0.01681    0.02538    0.06472    0.07419    0.21146    0.24853    0.26907
   0.27036    0.30040    0.30488    0.34738    0.40186    0.46023    0.51988    0.52959
   0.54506    0.62923    0.64997    0.65210    0.70574    0.73703    0.78433    0.80500
 kpt#  16, nband= 48, wtk=  1.00000, kpt=  0.0000  0.2500  0.0000 (reduced coord)
  -2.85352   -2.66494   -1.70774   -1.70556   -1.70537   -1.52300   -1.52072   -1.52045
  -0.77103   -0.75791   -0.75292   -0.75194   -0.15887   -0.13490   -0.12021   -0.11024
  -0.09926   -0.09102   -0.08744   -0.08594   -0.06333   -0.05996   -0.04664   -0.03649
   0.01029    0.01690    0.02547    0.06528    0.07427    0.21442    0.24869    0.26902
   0.27028    0.30008    0.30484    0.34354    0.40377    0.46008    0.52140    0.52872
   0.54357    0.63193    0.65074    0.65475    0.70580    0.73825    0.77829    0.80012
 kpt#  17, nband= 48, wtk=  1.00000, kpt=  0.0000  0.2667  0.0000 (reduced coord)
  -2.85352   -2.66494   -1.70774   -1.70556   -1.70537   -1.52300   -1.52072   -1.52045
  -0.77070   -0.75828   -0.75289   -0.75195   -0.15791   -0.13484   -0.12025   -0.10955
  -0.10003   -0.09095   -0.08712   -0.08547   -0.06398   -0.06180   -0.04687   -0.03702
   0.01040    0.01700    0.02555    0.06583    0.07435    0.21749    0.24886    0.26897
   0.27020    0.29973    0.30480    0.33964    0.40581    0.45981    0.52115    0.52875
   0.54330    0.63472    0.65152    0.65679    0.70587    0.73956    0.77221    0.79564
 kpt#  18, nband= 48, wtk=  1.00000, kpt=  0.0000  0.2833  0.0000 (reduced coord)
  -2.85352   -2.66494   -1.70774   -1.70556   -1.70537   -1.52300   -1.52072   -1.52045
  -0.77035   -0.75867   -0.75287   -0.75196   -0.15693   -0.13479   -0.12029   -0.10885
  -0.10078   -0.09088   -0.08682   -0.08497   -0.06465   -0.06366   -0.04708   -0.03758
   0.01050    0.01708    0.02563    0.06637    0.07443    0.22067    0.24905    0.26892
   0.27012    0.29936    0.30476    0.33572    0.40797    0.45940    0.51983    0.52849
   0.54474    0.63757    0.65229    0.65811    0.70593    0.74097    0.76607    0.79260
 kpt#  19, nband= 48, wtk=  1.00000, kpt=  0.0000  0.3000  0.0000 (reduced coord)
  -2.85352   -2.66494   -1.70774   -1.70556   -1.70537   -1.52300   -1.52072   -1.52045
  -0.76998   -0.75907   -0.75284   -0.75197   -0.15594   -0.13474   -0.12033   -0.10819
  -0.10145   -0.09082   -0.08654   -0.08445   -0.06553   -0.06534   -0.04725   -0.03816
   0.01060    0.01717    0.02570    0.06689    0.07451    0.22393    0.24927    0.26887
   0.27004    0.29895    0.30472    0.33178    0.41022    0.45886    0.51817    0.52742
   0.54771    0.64045    0.65306    0.65869    0.70599    0.74248    0.75991    0.79089
 kpt#  20, nband= 48, wtk=  1.00000, kpt=  0.0000  0.3167  0.0000 (reduced coord)
  -2.85352   -2.66494   -1.70774   -1.70556   -1.70537   -1.52300   -1.52072   -1.52045
  -0.76960   -0.75948   -0.75282   -0.75198   -0.15494   -0.13470   -0.12037   -0.10762
  -0.10197   -0.09076   -0.08629   -0.08390   -0.06738   -0.06605   -0.04737   -0.03875
   0.01070    0.01725    0.02577    0.06740    0.07458    0.22725    0.24952    0.26882
   0.26996    0.29849    0.30469    0.32788    0.41257    0.45819    0.51643    0.52583
   0.55164    0.64328    0.65380    0.65858    0.70604    0.74409    0.75374    0.79018
 kpt#  21, nband= 48, wtk=  1.00000, kpt=  0.0000  0.3333  0.0000 (reduced coord)
  -2.85352   -2.66494   -1.70774   -1.70556   -1.70537   -1.52300   -1.52072   -1.52045
  -0.76921   -0.75991   -0.75280   -0.75199   -0.15394   -0.13466   -0.12041   -0.10728
  -0.10221   -0.09071   -0.08608   -0.08333   -0.06921   -0.06676   -0.04745   -0.03935
   0.01079    0.01733    0.02584    0.06787    0.07466    0.23060    0.24982    0.26878
   0.26989    0.29794    0.30466    0.32405    0.41499    0.45737    0.51471    0.52407
   0.55612    0.64581    0.65452    0.65799    0.70610    0.74580    0.74762    0.79073
 kpt#  22, nband= 48, wtk=  1.00000, kpt=  0.0000  0.3500  0.0000 (reduced coord)
  -2.85352   -2.66494   -1.70774   -1.70556   -1.70537   -1.52300   -1.52072   -1.52045
  -0.76881   -0.76034   -0.75278   -0.75200   -0.15297   -0.13462   -0.12044   -0.10726
  -0.10206   -0.09066   -0.08593   -0.08275   -0.07099   -0.06748   -0.04748   -0.03996
   0.01087    0.01740    0.02590    0.06832    0.07473    0.23392    0.25022    0.26873
   0.26982    0.29727    0.30462    0.32034    0.41748    0.45641    0.51305    0.52230
   0.56095    0.64741    0.65520    0.65761    0.70615    0.74158    0.74762    0.79238
 kpt#  23, nband= 48, wtk=  1.00000, kpt=  0.0000  0.3667  0.0000 (reduced coord)
  -2.85352   -2.66494   -1.70774   -1.70556   -1.70537   -1.52300   -1.52072   -1.52045
  -0.76839   -0.76078   -0.75277   -0.75200   -0.15203   -0.13459   -0.12048   -0.10756
  -0.10153   -0.09062   -0.08585   -0.08216   -0.07269   -0.06819   -0.04746   -0.04058
   0.01094    0.01747    0.02596    0.06873    0.07479    0.23713    0.25078    0.26869
   0.26976    0.29641    0.30459    0.31684    0.42002    0.45530    0.51148    0.52063
   0.56602    0.64706    0.65584    0.65857    0.70619    0.73565    0.74953    0.79616
 kpt#  24, nband= 48, wtk=  1.00000, kpt=  0.0000  0.3833  0.0000 (reduced coord)
  -2.85352   -2.66494   -1.70774   -1.70556   -1.70537   -1.52300   -1.52072   -1.52045
  -0.76797   -0.76123   -0.75275   -0.75201   -0.15114   -0.13457   -0.12051   -0.10804
  -0.10071   -0.09058   -0.08588   -0.08156   -0.07428   -0.06890   -0.04739   -0.04119
   0.01101    0.01753    0.02601    0.06910    0.07485    0.24009    0.25162    0.26865
   0.26970    0.29529    0.30457    0.31365    0.42260    0.45403    0.51002    0.51911
   0.57127    0.64470    0.65642    0.66098    0.70623    0.72986    0.75154    0.79760
 kpt#  25, nband= 48, wtk=  1.00000, kpt=  0.0000  0.4000  0.0000 (reduced coord)
  -2.85352   -2.66494   -1.70774   -1.70556   -1.70537   -1.52300   -1.52072   -1.52045
  -0.76753   -0.76168   -0.75274   -0.75202   -0.15031   -0.13454   -0.12054   -0.10859
  -0.09973   -0.09054   -0.08604   -0.08097   -0.07571   -0.06960   -0.04727   -0.04179
   0.01107    0.01758    0.02605    0.06943    0.07490    0.24259    0.25293    0.26862
   0.26965    0.29380    0.30454    0.31089    0.42520    0.45260    0.50870    0.51778
   0.57665    0.64114    0.65694    0.66416    0.70626    0.72424    0.75365    0.79159
 kpt#  26, nband= 48, wtk=  1.00000, kpt=  0.0000  0.4167  0.0000 (reduced coord)
  -2.85352   -2.66494   -1.70774   -1.70556   -1.70537   -1.52300   -1.52072   -1.52045
  -0.76710   -0.76213   -0.75273   -0.75202   -0.14957   -0.13453   -0.12056   -0.10915
  -0.09864   -0.09051   -0.08638   -0.08039   -0.07695   -0.07026   -0.04709   -0.04237
   0.01112    0.01763    0.02609    0.06971    0.07494    0.24442    0.25486    0.26859
   0.26961    0.29187    0.30452    0.30867    0.42781    0.45102    0.50752    0.51665
   0.58214    0.63688    0.65740    0.66769    0.70629    0.71881    0.75582    0.78816
 kpt#  27, nband= 48, wtk=  1.00000, kpt=  0.0000  0.4333  0.0000 (reduced coord)
  -2.85352   -2.66494   -1.70774   -1.70556   -1.70537   -1.52300   -1.52072   -1.52045
  -0.76666   -0.76258   -0.75272   -0.75203   -0.14893   -0.13451   -0.12058   -0.10966
  -0.09749   -0.09049   -0.08690   -0.07985   -0.07795   -0.07088   -0.04687   -0.04293
   0.01117    0.01767    0.02612    0.06995    0.07498    0.24561    0.25736    0.26856
   0.26957    0.28954    0.30450    0.30702    0.43040    0.44928    0.50653    0.51572
   0.58769    0.63214    0.65778    0.67139    0.70632    0.71363    0.75805    0.78477
 kpt#  28, nband= 48, wtk=  1.00000, kpt=  0.0000  0.4500  0.0000 (reduced coord)
  -2.85352   -2.66494   -1.70774   -1.70556   -1.70537   -1.52300   -1.52072   -1.52045
  -0.76624   -0.76302   -0.75271   -0.75203   -0.14841   -0.13451   -0.12059   -0.11009
  -0.09634   -0.09047   -0.08760   -0.07936   -0.07868   -0.07143   -0.04662   -0.04345
   0.01120    0.01770    0.02614    0.07013    0.07501    0.24631    0.26015    0.26854
   0.26954    0.28695    0.30449    0.30588    0.43296    0.44741    0.50573    0.51500
   0.59329    0.62709    0.65808    0.67511    0.70634    0.70878    0.76027    0.78174
 kpt#  29, nband= 48, wtk=  1.00000, kpt=  0.0000  0.4667  0.0000 (reduced coord)
  -2.85352   -2.66494   -1.70774   -1.70556   -1.70537   -1.52300   -1.52072   -1.52045
  -0.76583   -0.76343   -0.75271   -0.75203   -0.14802   -0.13450   -0.12060   -0.11041
  -0.09525   -0.09045   -0.08841   -0.07917   -0.07896   -0.07187   -0.04635   -0.04392
   0.01122    0.01772    0.02616    0.07027    0.07503    0.24672    0.26287    0.26852
   0.26952    0.28438    0.30448    0.30515    0.43542    0.44543    0.50515    0.51449
   0.59888    0.62186    0.65830    0.67863    0.70446    0.70635    0.76235    0.77906
 kpt#  30, nband= 48, wtk=  1.00000, kpt=  0.0000  0.4833  0.0000 (reduced coord)
  -2.85352   -2.66494   -1.70774   -1.70556   -1.70537   -1.52300   -1.52072   -1.52045
  -0.76550   -0.76376   -0.75271   -0.75204   -0.14778   -0.13450   -0.12061   -0.11061
  -0.09437   -0.09044   -0.08914   -0.07944   -0.07869   -0.07216   -0.04611   -0.04427
   0.01124    0.01773    0.02617    0.07035    0.07504    0.24693    0.26503    0.26850
   0.26951    0.28233    0.30448    0.30475    0.43767    0.44348    0.50480    0.51419
   0.60430    0.61662    0.65843    0.68148    0.70114    0.70636    0.76400    0.77705
 kpt#  31, nband= 48, wtk=  1.00000, kpt=  0.0000  0.5000  0.0000 (reduced coord)
  -2.85352   -2.66494   -1.70774   -1.70556   -1.70537   -1.52300   -1.52072   -1.52045
  -0.76536   -0.76391   -0.75271   -0.75204   -0.14770   -0.13450   -0.12061   -0.11067
  -0.09400   -0.09044   -0.08946   -0.07952   -0.07859   -0.07226   -0.04601   -0.04441
   0.01124    0.01774    0.02618    0.07037    0.07505    0.24699    0.26590    0.26849
   0.26950    0.28149    0.30447    0.30462    0.43894    0.44230    0.50468    0.51409
   0.60799    0.61300    0.65847    0.68268    0.69978    0.70636    0.76468    0.77626
 kpt#  32, nband= 48, wtk=  1.00000, kpt=  0.0056  0.4944  0.0083 (reduced coord)
  -2.85352   -2.66494   -1.70774   -1.70556   -1.70537   -1.52300   -1.52072   -1.52045
  -0.76538   -0.76389   -0.75271   -0.75204   -0.14771   -0.13448   -0.12060   -0.11068
  -0.09408   -0.09046   -0.08944   -0.07963   -0.07845   -0.07228   -0.04601   -0.04441
   0.01126    0.01774    0.02617    0.07037    0.07501    0.24701    0.26583    0.26849
   0.26950    0.28161    0.30448    0.30468    0.43887    0.44239    0.50477    0.51411
   0.60734    0.61349    0.65810    0.68296    0.69809    0.70807    0.76457    0.77609
 kpt#  33, nband= 48, wtk=  1.00000, kpt=  0.0111  0.4889  0.0167 (reduced coord)
  -2.85352   -2.66494   -1.70774   -1.70556   -1.70537   -1.52300   -1.52072   -1.52045
  -0.76542   -0.76382   -0.75271   -0.75204   -0.14771   -0.13443   -0.12057   -0.11070
  -0.09432   -0.09052   -0.08938   -0.07984   -0.07813   -0.07233   -0.04600   -0.04441
   0.01131    0.01776    0.02615    0.07036    0.07492    0.24707    0.26563    0.26848
   0.26949    0.28193    0.30449    0.30486    0.43867    0.44262    0.50503    0.51420
   0.60586    0.61449    0.65709    0.68356    0.69519    0.71116    0.76426    0.77558
 kpt#  34, nband= 48, wtk=  1.00000, kpt=  0.0167  0.4833  0.0250 (reduced coord)
  -2.85352   -2.66494   -1.70774   -1.70556   -1.70537   -1.52300   -1.52072   -1.52045
  -0.76548   -0.76371   -0.75273   -0.75204   -0.14772   -0.13435   -0.12052   -0.11072
  -0.09468   -0.09062   -0.08930   -0.08007   -0.07773   -0.07239   -0.04599   -0.04440
   0.01139    0.01779    0.02612    0.07034    0.07476    0.24717    0.26533    0.26845
   0.26947    0.28244    0.30450    0.30519    0.43838    0.44297    0.50546    0.51434
   0.60403    0.61549    0.65567    0.68363    0.69297    0.71432    0.76380    0.77477
 kpt#  35, nband= 48, wtk=  1.00000, kpt=  0.0222  0.4778  0.0333 (reduced coord)
  -2.85352   -2.66494   -1.70774   -1.70556   -1.70538   -1.52300   -1.52072   -1.52046
  -0.76555   -0.76357   -0.75274   -0.75205   -0.14772   -0.13424   -0.12046   -0.11076
  -0.09514   -0.09075   -0.08923   -0.08029   -0.07731   -0.07244   -0.04598   -0.04438
   0.01149    0.01783    0.02608    0.07031    0.07454    0.24731    0.26494    0.26842
   0.26944    0.28312    0.30450    0.30567    0.43803    0.44341    0.50605    0.51455
   0.60203    0.61623    0.65413    0.68200    0.69263    0.71721    0.76330    0.77368
 kpt#  36, nband= 48, wtk=  1.00000, kpt=  0.0278  0.4722  0.0417 (reduced coord)
  -2.85352   -2.66494   -1.70774   -1.70556   -1.70538   -1.52300   -1.52072   -1.52047
  -0.76563   -0.76342   -0.75276   -0.75206   -0.14773   -0.13411   -0.12038   -0.11080
  -0.09567   -0.09093   -0.08919   -0.08049   -0.07690   -0.07246   -0.04599   -0.04435
   0.01163    0.01788    0.02603    0.07028    0.07427    0.24749    0.26451    0.26838
   0.26939    0.28391    0.30449    0.30629    0.43763    0.44393    0.50678    0.51483
   0.59994    0.61657    0.65268    0.67893    0.69383    0.71963    0.76286    0.77240
 kpt#  37, nband= 48, wtk=  1.00000, kpt=  0.0333  0.4667  0.0500 (reduced coord)
  -2.85352   -2.66494   -1.70774   -1.70556   -1.70539   -1.52300   -1.52072   -1.52047
  -0.76570   -0.76324   -0.75278   -0.75206   -0.14773   -0.13394   -0.12029   -0.11085
  -0.09624   -0.09114   -0.08920   -0.08067   -0.07656   -0.07240   -0.04601   -0.04431
   0.01179    0.01794    0.02596    0.07023    0.07394    0.24771    0.26405    0.26832
   0.26934    0.28479    0.30449    0.30707    0.43720    0.44452    0.50763    0.51519
   0.59778    0.61642    0.65147    0.67531    0.69559    0.72144    0.76252    0.77108
 kpt#  38, nband= 48, wtk=  1.00000, kpt=  0.0389  0.4611  0.0583 (reduced coord)
  -2.85352   -2.66494   -1.70774   -1.70556   -1.70539   -1.52299   -1.52072   -1.52048
  -0.76578   -0.76305   -0.75281   -0.75208   -0.14774   -0.13375   -0.12018   -0.11091
  -0.09685   -0.09139   -0.08927   -0.08084   -0.07633   -0.07221   -0.04606   -0.04426
   0.01198    0.01801    0.02588    0.07018    0.07356    0.24796    0.26360    0.26825
   0.26927    0.28572    0.30449    0.30802    0.43674    0.44516    0.50856    0.51566
   0.59559    0.61573    0.65057    0.67157    0.69740    0.72256    0.76218    0.77000
 kpt#  39, nband= 48, wtk=  1.00000, kpt=  0.0444  0.4556  0.0667 (reduced coord)
  -2.85352   -2.66494   -1.70774   -1.70556   -1.70540   -1.52299   -1.52072   -1.52050
  -0.76585   -0.76285   -0.75284   -0.75209   -0.14774   -0.13354   -0.12008   -0.11098
  -0.09746   -0.09165   -0.08941   -0.08098   -0.07625   -0.07185   -0.04613   -0.04419
   0.01218    0.01810    0.02579    0.07012    0.07314    0.24825    0.26316    0.26818
   0.26919    0.28669    0.30448    0.30914    0.43627    0.44587    0.50953    0.51625
   0.59337    0.61450    0.64992    0.66795    0.69900    0.72300    0.76150    0.76960
 kpt#  40, nband= 48, wtk=  1.00000, kpt=  0.0500  0.4500  0.0750 (reduced coord)
  -2.85352   -2.66494   -1.70773   -1.70556   -1.70541   -1.52299   -1.52072   -1.52051
  -0.76591   -0.76263   -0.75288   -0.75210   -0.14773   -0.13332   -0.11997   -0.11105
  -0.09808   -0.09193   -0.08961   -0.08111   -0.07631   -0.07134   -0.04623   -0.04411
   0.01241    0.01819    0.02569    0.07005    0.07268    0.24858    0.26274    0.26809
   0.26910    0.28765    0.30448    0.31044    0.43579    0.44663    0.51051    0.51699
   0.59113    0.61281    0.64933    0.66466    0.70018    0.72289    0.76020    0.77019
 kpt#  41, nband= 48, wtk=  1.00000, kpt=  0.0556  0.4444  0.0833 (reduced coord)
  -2.85352   -2.66494   -1.70773   -1.70556   -1.70542   -1.52299   -1.52072   -1.52052
  -0.76596   -0.76241   -0.75292   -0.75212   -0.14771   -0.13308   -0.11986   -0.11113
  -0.09870   -0.09222   -0.08989   -0.08122   -0.07648   -0.07070   -0.04636   -0.04403
   0.01264    0.01829    0.02558    0.06996    0.07220    0.24894    0.26237    0.26799
   0.26899    0.28861    0.30449    0.31192    0.43531    0.44745    0.51144    0.51789
   0.58889    0.61074    0.64845    0.66201    0.70078    0.72241    0.75841    0.77159
 kpt#  42, nband= 48, wtk=  1.00000, kpt=  0.0611  0.4389  0.0917 (reduced coord)
  -2.85352   -2.66494   -1.70773   -1.70556   -1.70543   -1.52298   -1.52072   -1.52054
  -0.76600   -0.76219   -0.75296   -0.75213   -0.14768   -0.13282   -0.11977   -0.11122
  -0.09930   -0.09251   -0.09025   -0.08132   -0.07672   -0.06998   -0.04651   -0.04396
   0.01289    0.01840    0.02545    0.06985    0.07171    0.24932    0.26205    0.26788
   0.26888    0.28955    0.30449    0.31358    0.43482    0.44832    0.51231    0.51896
   0.58666    0.60840    0.64687    0.66029    0.70065    0.72181    0.75637    0.77349
 kpt#  43, nband= 48, wtk=  1.00000, kpt=  0.0667  0.4333  0.1000 (reduced coord)
  -2.85352   -2.66494   -1.70773   -1.70556   -1.70544   -1.52298   -1.52072   -1.52056
  -0.76603   -0.76196   -0.75300   -0.75215   -0.14765   -0.13255   -0.11969   -0.11130
  -0.09989   -0.09280   -0.09068   -0.08141   -0.07699   -0.06919   -0.04669   -0.04389
   0.01315    0.01852    0.02531    0.06968    0.07125    0.24974    0.26177    0.26776
   0.26876    0.29046    0.30450    0.31543    0.43432    0.44925    0.51310    0.52018
   0.58445    0.60588    0.64447    0.65956    0.69972    0.72122    0.75427    0.77560
 kpt#  44, nband= 48, wtk=  1.00000, kpt=  0.0722  0.4278  0.1083 (reduced coord)
  -2.85352   -2.66494   -1.70773   -1.70556   -1.70546   -1.52298   -1.52072   -1.52057
  -0.76605   -0.76172   -0.75305   -0.75217   -0.14760   -0.13228   -0.11963   -0.11138
  -0.10046   -0.09307   -0.09118   -0.08148   -0.07728   -0.06838   -0.04689   -0.04383
   0.01340    0.01865    0.02515    0.06942    0.07085    0.25019    0.26155    0.26763
   0.26862    0.29134    0.30452    0.31744    0.43383    0.45023    0.51381    0.52150
   0.58228    0.60327    0.64147    0.65949    0.69806    0.72069    0.75223    0.77778
 kpt#  45, nband= 48, wtk=  1.00000, kpt=  0.0778  0.4222  0.1167 (reduced coord)
  -2.85352   -2.66494   -1.70772   -1.70555   -1.70547   -1.52297   -1.52071   -1.52059
  -0.76606   -0.76149   -0.75310   -0.75220   -0.14753   -0.13200   -0.11960   -0.11147
  -0.10100   -0.09331   -0.09175   -0.08153   -0.07758   -0.06754   -0.04711   -0.04379
   0.01366    0.01879    0.02498    0.06903    0.07056    0.25066    0.26140    0.26749
   0.26848    0.29219    0.30455    0.31962    0.43335    0.45126    0.51445    0.52287
   0.58020    0.60063    0.63814    0.65972    0.69580    0.72019    0.75033    0.77985
 kpt#  46, nband= 48, wtk=  1.00000, kpt=  0.0833  0.4167  0.1250 (reduced coord)
  -2.85352   -2.66494   -1.70772   -1.70555   -1.70548   -1.52297   -1.52071   -1.52062
  -0.76606   -0.76124   -0.75316   -0.75222   -0.14746   -0.13172   -0.11960   -0.11156
  -0.10152   -0.09353   -0.09239   -0.08158   -0.07788   -0.06670   -0.04736   -0.04376
   0.01392    0.01893    0.02480    0.06853    0.07038    0.25116    0.26130    0.26734
   0.26833    0.29301    0.30458    0.32196    0.43287    0.45233    0.51504    0.52423
   0.57822    0.59800    0.63467    0.65998    0.69311    0.71964    0.74861    0.78181
 kpt#  47, nband= 48, wtk=  1.00000, kpt=  0.0889  0.4111  0.1333 (reduced coord)
  -2.85352   -2.66493   -1.70772   -1.70555   -1.70550   -1.52296   -1.52071   -1.52064
  -0.76605   -0.76100   -0.75321   -0.75225   -0.14737   -0.13143   -0.11965   -0.11164
  -0.10201   -0.09372   -0.09308   -0.08162   -0.07817   -0.06586   -0.04762   -0.04376
   0.01416    0.01909    0.02460    0.06796    0.07027    0.25168    0.26126    0.26718
   0.26817    0.29381    0.30463    0.32444    0.43241    0.45345    0.51557    0.52550
   0.57641    0.59541    0.63116    0.66008    0.69016    0.71901    0.74709    0.78362
 kpt#  48, nband= 48, wtk=  1.00000, kpt=  0.0944  0.4056  0.1417 (reduced coord)
  -2.85352   -2.66493   -1.70772   -1.70555   -1.70552   -1.52296   -1.52071   -1.52066
  -0.76603   -0.76076   -0.75327   -0.75228   -0.14726   -0.13114   -0.11973   -0.11173
  -0.10248   -0.09397   -0.09372   -0.08164   -0.07844   -0.06504   -0.04790   -0.04378
   0.01440    0.01925    0.02438    0.06735    0.07020    0.25222    0.26129    0.26701
   0.26800    0.29459    0.30470    0.32705    0.43195    0.45460    0.51604    0.52663
   0.57482    0.59290    0.62768    0.65987    0.68708    0.71831    0.74573    0.78529
 kpt#  49, nband= 48, wtk=  1.00000, kpt=  0.1000  0.4000  0.1500 (reduced coord)
  -2.85352   -2.66493   -1.70771   -1.70555   -1.70553   -1.52296   -1.52071   -1.52068
  -0.76599   -0.76052   -0.75333   -0.75231   -0.14714   -0.13085   -0.11986   -0.11182
  -0.10291   -0.09469   -0.09387   -0.08167   -0.07870   -0.06423   -0.04820   -0.04382
   0.01463    0.01942    0.02416    0.06671    0.07015    0.25277    0.26139    0.26683
   0.26782    0.29535    0.30479    0.32980    0.43150    0.45579    0.51643    0.52756
   0.57350    0.59049    0.62424    0.65925    0.68397    0.71760    0.74453    0.78683
 kpt#  50, nband= 48, wtk=  1.00000, kpt=  0.1056  0.3944  0.1583 (reduced coord)
  -2.85352   -2.66493   -1.70771   -1.70555   -1.70555   -1.52295   -1.52071   -1.52071
  -0.76594   -0.76027   -0.75339   -0.75234   -0.14700   -0.13057   -0.12004   -0.11191
  -0.10333   -0.09553   -0.09389   -0.08169   -0.07894   -0.06346   -0.04851   -0.04388
   0.01484    0.01960    0.02391    0.06607    0.07013    0.25334    0.26154    0.26665
   0.26763    0.29608    0.30491    0.33265    0.43107    0.45701    0.51668    0.52826
   0.57251    0.58818    0.62089    0.65816    0.68090    0.71692    0.74344    0.78826
 kpt#  51, nband= 48, wtk=  1.00000, kpt=  0.1111  0.3889  0.1667 (reduced coord)
  -2.85351   -2.66493   -1.70771   -1.70557   -1.70555   -1.52295   -1.52074   -1.52071
  -0.76588   -0.76003   -0.75346   -0.75238   -0.14685   -0.13029   -0.12026   -0.11201
  -0.10371   -0.09641   -0.09384   -0.08170   -0.07916   -0.06272   -0.04883   -0.04396
   0.01504    0.01979    0.02366    0.06543    0.07012    0.25393    0.26177    0.26645
   0.26744    0.29679    0.30507    0.33562    0.43066    0.45824    0.51676    0.52873
   0.57187    0.58601    0.61764    0.65660    0.67788    0.71634    0.74244    0.78962
 kpt#  52, nband= 48, wtk=  1.00000, kpt=  0.1167  0.3833  0.1750 (reduced coord)
  -2.85351   -2.66493   -1.70770   -1.70559   -1.70555   -1.52294   -1.52076   -1.52070
  -0.76581   -0.75979   -0.75352   -0.75242   -0.14668   -0.13000   -0.12052   -0.11211
  -0.10408   -0.09732   -0.09372   -0.08173   -0.07935   -0.06202   -0.04917   -0.04405
   0.01522    0.01999    0.02339    0.06479    0.07013    0.25453    0.26205    0.26625
   0.26725    0.29747    0.30528    0.33868    0.43025    0.45949    0.51658    0.52902
   0.57156    0.58401    0.61451    0.65462    0.67489    0.71586    0.74154    0.79089
 kpt#  53, nband= 48, wtk=  1.00000, kpt=  0.1222  0.3778  0.1833 (reduced coord)
  -2.85351   -2.66493   -1.70770   -1.70561   -1.70555   -1.52294   -1.52079   -1.52070
  -0.76573   -0.75955   -0.75359   -0.75246   -0.14650   -0.12973   -0.12082   -0.11223
  -0.10443   -0.09824   -0.09354   -0.08176   -0.07952   -0.06137   -0.04952   -0.04415
   0.01538    0.02019    0.02310    0.06417    0.07014    0.25514    0.26239    0.26604
   0.26704    0.29810    0.30555    0.34184    0.42987    0.46075    0.51606    0.52922
   0.57150    0.58222    0.61150    0.65231    0.67190    0.71547    0.74072    0.79209
 kpt#  54, nband= 48, wtk=  1.00000, kpt=  0.1278  0.3722  0.1917 (reduced coord)
  -2.85351   -2.66493   -1.70770   -1.70562   -1.70554   -1.52293   -1.52082   -1.52070
  -0.76564   -0.75932   -0.75365   -0.75250   -0.14630   -0.12945   -0.12115   -0.11236
  -0.10476   -0.09917   -0.09329   -0.08181   -0.07966   -0.06078   -0.04989   -0.04426
   0.01552    0.02040    0.02280    0.06355    0.07018    0.25575    0.26280    0.26582
   0.26684    0.29869    0.30591    0.34508    0.42950    0.46200    0.51514    0.52941
   0.57153    0.58072    0.60865    0.64981    0.66887    0.71513    0.74004    0.79321
 kpt#  55, nband= 48, wtk=  1.00000, kpt=  0.1333  0.3667  0.2000 (reduced coord)
  -2.85351   -2.66492   -1.70770   -1.70564   -1.70554   -1.52292   -1.52085   -1.52070
  -0.76553   -0.75909   -0.75372   -0.75254   -0.14609   -0.12919   -0.12151   -0.11250
  -0.10509   -0.10010   -0.09297   -0.08187   -0.07977   -0.06024   -0.05026   -0.04438
   0.01564    0.02062    0.02250    0.06295    0.07022    0.25637    0.26326    0.26560
   0.26662    0.29920    0.30637    0.34840    0.42915    0.46324    0.51380    0.52967
   0.57147    0.57961    0.60598    0.64723    0.66575    0.71477    0.73951    0.79428
 kpt#  56, nband= 48, wtk=  1.00000, kpt=  0.1389  0.3611  0.2083 (reduced coord)
  -2.85351   -2.66492   -1.70769   -1.70566   -1.70554   -1.52292   -1.52087   -1.52070
  -0.76542   -0.75886   -0.75379   -0.75259   -0.14587   -0.12892   -0.12189   -0.11266
  -0.10542   -0.10100   -0.09260   -0.08196   -0.07985   -0.05976   -0.05064   -0.04449
   0.01575    0.02085    0.02218    0.06236    0.07027    0.25699    0.26378    0.26538
   0.26641    0.29965    0.30693    0.35179    0.42881    0.46444    0.51206    0.53003
   0.57111    0.57896    0.60353    0.64470    0.66255    0.71431    0.73918    0.79523
 kpt#  57, nband= 48, wtk=  1.00000, kpt=  0.1444  0.3556  0.2167 (reduced coord)
  -2.85351   -2.66492   -1.70769   -1.70569   -1.70554   -1.52291   -1.52090   -1.52070
  -0.76529   -0.75864   -0.75386   -0.75263   -0.14563   -0.12867   -0.12228   -0.11283
  -0.10577   -0.10188   -0.09218   -0.08207   -0.07991   -0.05935   -0.05102   -0.04460
   0.01583    0.02108    0.02186    0.06180    0.07033    0.25761    0.26434    0.26515
   0.26619    0.30001    0.30762    0.35524    0.42850    0.46560    0.50998    0.53047
   0.57043    0.57862    0.60139    0.64234    0.65926    0.71369    0.73906    0.79610
 kpt#  58, nband= 48, wtk=  1.00000, kpt=  0.1500  0.3500  0.2250 (reduced coord)
  -2.85351   -2.66492   -1.70769   -1.70571   -1.70554   -1.52291   -1.52093   -1.52069
  -0.76516   -0.75843   -0.75392   -0.75268   -0.14539   -0.12842   -0.12269   -0.11303
  -0.10614   -0.10269   -0.09172   -0.08220   -0.07994   -0.05901   -0.05141   -0.04470
   0.01590    0.02131    0.02154    0.06124    0.07040    0.25823    0.26480    0.26508
   0.26598    0.30030    0.30843    0.35875    0.42820    0.46670    0.50766    0.53097
   0.56956    0.57829    0.59962    0.64025    0.65590    0.71286    0.73916    0.79684
 kpt#  59, nband= 48, wtk=  1.00000, kpt=  0.1556  0.3444  0.2333 (reduced coord)
  -2.85351   -2.66492   -1.70768   -1.70573   -1.70554   -1.52290   -1.52096   -1.52069
  -0.76501   -0.75822   -0.75399   -0.75274   -0.14513   -0.12819   -0.12309   -0.11325
  -0.10655   -0.10342   -0.09122   -0.08235   -0.07995   -0.05872   -0.05180   -0.04480
   0.01594    0.02117    0.02159    0.06071    0.07048    0.25884    0.26463    0.26558
   0.26587    0.30051    0.30935    0.36232    0.42793    0.46769    0.50518    0.53147
   0.56866    0.57766    0.59832    0.63853    0.65247    0.71180    0.73945    0.79747
 kpt#  60, nband= 48, wtk=  1.00000, kpt=  0.1611  0.3389  0.2417 (reduced coord)
  -2.85350   -2.66492   -1.70768   -1.70575   -1.70554   -1.52290   -1.52099   -1.52069
  -0.76486   -0.75802   -0.75405   -0.75279   -0.14487   -0.12797   -0.12348   -0.11349
  -0.10702   -0.10404   -0.09070   -0.08252   -0.07994   -0.05850   -0.05219   -0.04488
   0.01597    0.02084    0.02183    0.06019    0.07057    0.25945    0.26439    0.26548
   0.26646    0.30067    0.31039    0.36594    0.42768    0.46855    0.50262    0.53195
   0.56784    0.57652    0.59748    0.63727    0.64900    0.71052    0.73991    0.79796
 kpt#  61, nband= 48, wtk=  1.00000, kpt=  0.1667  0.3333  0.2500 (reduced coord)
  -2.85350   -2.66492   -1.70767   -1.70577   -1.70554   -1.52289   -1.52102   -1.52069
  -0.76470   -0.75782   -0.75412   -0.75285   -0.14460   -0.12778   -0.12385   -0.11377
  -0.10755   -0.10455   -0.09016   -0.08271   -0.07991   -0.05834   -0.05257   -0.04495
   0.01599    0.02050    0.02209    0.05969    0.07066    0.26006    0.26414    0.26527
   0.26722    0.30077    0.31153    0.36960    0.42745    0.46922    0.50009    0.53235
   0.56718    0.57482    0.59702    0.63652    0.64550    0.70904    0.74046    0.79830
 kpt#  62, nband= 48, wtk=  1.00000, kpt=  0.3333 -0.1667  0.2500 (reduced coord)
  -2.85350   -2.66492   -1.70768   -1.70577   -1.70554   -1.52289   -1.52102   -1.52069
  -0.76438   -0.75876   -0.75376   -0.75257   -0.14629   -0.13374   -0.11964   -0.11563
  -0.11190   -0.09935   -0.08439   -0.08072   -0.07937   -0.05916   -0.05305   -0.04369
   0.01688    0.02009    0.02440    0.05615    0.06476    0.25919    0.26383    0.26415
   0.27970    0.29571    0.30762    0.36918    0.42691    0.47679    0.49728    0.53096
   0.56810    0.57093    0.59353    0.64801    0.65397    0.71285    0.72179    0.80073
 kpt#  63, nband= 48, wtk=  1.00000, kpt=  0.3389 -0.1611  0.2417 (reduced coord)
  -2.85350   -2.66492   -1.70768   -1.70575   -1.70554   -1.52290   -1.52099   -1.52069
  -0.76454   -0.75892   -0.75369   -0.75256   -0.14620   -0.13428   -0.11942   -0.11509
  -0.11109   -0.09906   -0.08501   -0.08056   -0.07954   -0.05938   -0.05278   -0.04355
   0.01683    0.02013    0.02430    0.05683    0.06498    0.25858    0.26409    0.26439
   0.27789    0.29572    0.30751    0.36542    0.42672    0.47601    0.50013    0.53094
   0.56850    0.57312    0.59322    0.64897    0.65724    0.71321    0.72320    0.79894
 kpt#  64, nband= 48, wtk=  1.00000, kpt=  0.3444 -0.1556  0.2333 (reduced coord)
  -2.85351   -2.66492   -1.70768   -1.70573   -1.70554   -1.52290   -1.52096   -1.52069
  -0.76470   -0.75908   -0.75362   -0.75255   -0.14610   -0.13482   -0.11929   -0.11451
  -0.11020   -0.09878   -0.08564   -0.08045   -0.07966   -0.05965   -0.05248   -0.04343
   0.01677    0.02014    0.02424    0.05753    0.06522    0.25796    0.26435    0.26462
   0.27615    0.29577    0.30740    0.36169    0.42656    0.47508    0.50287    0.53089
   0.56827    0.57596    0.59303    0.65034    0.66045    0.71280    0.72537    0.79698
 kpt#  65, nband= 48, wtk=  1.00000, kpt=  0.3500 -0.1500  0.2250 (reduced coord)
  -2.85351   -2.66492   -1.70769   -1.70571   -1.70554   -1.52291   -1.52093   -1.52069
  -0.76485   -0.75924   -0.75355   -0.75254   -0.14598   -0.13535   -0.11921   -0.11392
  -0.10924   -0.09851   -0.08628   -0.08039   -0.07972   -0.05998   -0.05217   -0.04331
   0.01668    0.02011    0.02420    0.05825    0.06547    0.25732    0.26460    0.26486
   0.27449    0.29585    0.30729    0.35800    0.42644    0.47407    0.50539    0.53089
   0.56790    0.57892    0.59301    0.65211    0.66355    0.71198    0.72796    0.79484
 kpt#  66, nband= 48, wtk=  1.00000, kpt=  0.3556 -0.1444  0.2167 (reduced coord)
  -2.85351   -2.66492   -1.70769   -1.70569   -1.70554   -1.52291   -1.52090   -1.52070
  -0.76500   -0.75941   -0.75349   -0.75252   -0.14585   -0.13587   -0.11918   -0.11331
  -0.10823   -0.09825   -0.08693   -0.08037   -0.07973   -0.06035   -0.05184   -0.04321
   0.01657    0.02007    0.02419    0.05899    0.06575    0.25667    0.26485    0.26510
   0.27292    0.29594    0.30718    0.35435    0.42636    0.47300    0.50757    0.53100
   0.56745    0.58192    0.59322    0.65423    0.66652    0.71099    0.73075    0.79257
 kpt#  67, nband= 48, wtk=  1.00000, kpt=  0.3611 -0.1389  0.2083 (reduced coord)
  -2.85351   -2.66492   -1.70769   -1.70566   -1.70554   -1.52292   -1.52087   -1.52070
  -0.76513   -0.75959   -0.75342   -0.75250   -0.14571   -0.13636   -0.11918   -0.11269
  -0.10718   -0.09801   -0.08758   -0.08037   -0.07971   -0.06077   -0.05150   -0.04312
   0.01643    0.01999    0.02421    0.05974    0.06604    0.25601    0.26509    0.26533
   0.27146    0.29603    0.30707    0.35075    0.42631    0.47189    0.50932    0.53128
   0.56697    0.58496    0.59369    0.65665    0.66930    0.70998    0.73365    0.79030
 kpt#  68, nband= 48, wtk=  1.00000, kpt=  0.3667 -0.1333  0.2000 (reduced coord)
  -2.85351   -2.66492   -1.70770   -1.70564   -1.70554   -1.52292   -1.52085   -1.52070
  -0.76525   -0.75978   -0.75337   -0.75248   -0.14558   -0.13683   -0.11919   -0.11207
  -0.10612   -0.09778   -0.08822   -0.08038   -0.07967   -0.06124   -0.05116   -0.04304
   0.01628    0.01990    0.02426    0.06051    0.06634    0.25536    0.26532    0.26557
   0.27011    0.29613    0.30696    0.34720    0.42629    0.47075    0.51058    0.53174
   0.56650    0.58805    0.59443    0.65933    0.67186    0.70906    0.73658    0.78783
 kpt#  69, nband= 48, wtk=  1.00000, kpt=  0.3722 -0.1278  0.1917 (reduced coord)
  -2.85351   -2.66493   -1.70770   -1.70562   -1.70554   -1.52293   -1.52082   -1.52070
  -0.76536   -0.75997   -0.75331   -0.75246   -0.14545   -0.13726   -0.11923   -0.11145
  -0.10506   -0.09756   -0.08883   -0.08036   -0.07964   -0.06175   -0.05081   -0.04297
   0.01610    0.01978    0.02432    0.06128    0.06666    0.25470    0.26552    0.26581
   0.26889    0.29622    0.30684    0.34370    0.42632    0.46959    0.51135    0.53233
   0.56614    0.59117    0.59544    0.66217    0.67414    0.70833    0.73950    0.78544
 kpt#  70, nband= 48, wtk=  1.00000, kpt=  0.3778 -0.1222  0.1833 (reduced coord)
  -2.85351   -2.66493   -1.70770   -1.70561   -1.70555   -1.52294   -1.52079   -1.52070
  -0.76546   -0.76016   -0.75326   -0.75244   -0.14533   -0.13764   -0.11927   -0.11084
  -0.10401   -0.09736   -0.08942   -0.08033   -0.07962   -0.06229   -0.05047   -0.04292
   0.01590    0.01966    0.02441    0.06205    0.06700    0.25404    0.26566    0.26603
   0.26784    0.29630    0.30672    0.34027    0.42639    0.46842    0.51169    0.53294
   0.56598    0.59426    0.59677    0.66509    0.67614    0.70785    0.74239    0.78309
 kpt#  71, nband= 48, wtk=  1.00000, kpt=  0.3833 -0.1167  0.1750 (reduced coord)
  -2.85351   -2.66493   -1.70770   -1.70559   -1.70555   -1.52294   -1.52076   -1.52070
  -0.76555   -0.76036   -0.75321   -0.75242   -0.14523   -0.13797   -0.11933   -0.11024
  -0.10299   -0.09717   -0.08996   -0.08027   -0.07960   -0.06287   -0.05013   -0.04287
   0.01569    0.01952    0.02450    0.06282    0.06734    0.25340    0.26562    0.26624
   0.26710    0.29636    0.30660    0.33691    0.42649    0.46723    0.51167    0.53341
   0.56614    0.59699    0.59873    0.66792    0.67791    0.70771    0.74520    0.78083
 kpt#  72, nband= 48, wtk=  1.00000, kpt=  0.3889 -0.1111  0.1667 (reduced coord)
  -2.85351   -2.66493   -1.70771   -1.70557   -1.70555   -1.52295   -1.52074   -1.52071
  -0.76563   -0.76056   -0.75316   -0.75239   -0.14516   -0.13822   -0.11938   -0.10968
  -0.10201   -0.09698   -0.09044   -0.08018   -0.07959   -0.06349   -0.04981   -0.04284
   0.01546    0.01938    0.02461    0.06358    0.06771    0.25278    0.26518    0.26641
   0.26689    0.29640    0.30647    0.33363    0.42665    0.46603    0.51140    0.53361
   0.56671    0.59895    0.60169    0.67042    0.67963    0.70792    0.74789    0.77870
 kpt#  73, nband= 48, wtk=  1.00000, kpt=  0.3944 -0.1056  0.1583 (reduced coord)
  -2.85352   -2.66493   -1.70771   -1.70555   -1.70555   -1.52295   -1.52071   -1.52071
  -0.76570   -0.76077   -0.75311   -0.75237   -0.14514   -0.13841   -0.11944   -0.10916
  -0.10110   -0.09678   -0.09085   -0.08009   -0.07957   -0.06413   -0.04949   -0.04282
   0.01521    0.01923    0.02472    0.06432    0.06808    0.25217    0.26452    0.26658
   0.26700    0.29640    0.30634    0.33043    0.42684    0.46482    0.51096    0.53346
   0.56770    0.60070    0.60506    0.67224    0.68160    0.70847    0.75043    0.77674
 kpt#  74, nband= 48, wtk=  1.00000, kpt=  0.4000 -0.1000  0.1500 (reduced coord)
  -2.85352   -2.66493   -1.70771   -1.70555   -1.70553   -1.52296   -1.52071   -1.52068
  -0.76576   -0.76098   -0.75307   -0.75234   -0.14516   -0.13851   -0.11950   -0.10869
  -0.10027   -0.09655   -0.09119   -0.08000   -0.07952   -0.06479   -0.04918   -0.04281
   0.01495    0.01909    0.02484    0.06503    0.06848    0.25160    0.26386    0.26675
   0.26720    0.29637    0.30621    0.32734    0.42709    0.46359    0.51041    0.53295
   0.56912    0.60247    0.60857    0.67318    0.68402    0.70930    0.75276    0.77500
 kpt#  75, nband= 48, wtk=  1.00000, kpt=  0.4056 -0.0944  0.1417 (reduced coord)
  -2.85352   -2.66493   -1.70772   -1.70555   -1.70552   -1.52296   -1.52071   -1.52066
  -0.76580   -0.76119   -0.75303   -0.75231   -0.14522   -0.13852   -0.11956   -0.10830
  -0.09955   -0.09626   -0.09143   -0.07995   -0.07940   -0.06548   -0.04889   -0.04282
   0.01468    0.01895    0.02496    0.06571    0.06889    0.25105    0.26329    0.26693
   0.26741    0.29628    0.30608    0.32437    0.42738    0.46236    0.50981    0.53212
   0.57089    0.60430    0.61217    0.67338    0.68680    0.71035    0.75482    0.77355
 kpt#  76, nband= 48, wtk=  1.00000, kpt=  0.4111 -0.0889  0.1333 (reduced coord)
  -2.85352   -2.66493   -1.70772   -1.70555   -1.70550   -1.52296   -1.52071   -1.52064
  -0.76584   -0.76140   -0.75299   -0.75229   -0.14533   -0.13845   -0.11963   -0.10800
  -0.09894   -0.09589   -0.09159   -0.07996   -0.07920   -0.06618   -0.04862   -0.04284
   0.01441    0.01881    0.02508    0.06634    0.06933    0.25054    0.26280    0.26710
   0.26763    0.29612    0.30594    0.32153    0.42772    0.46111    0.50918    0.53103
   0.57295    0.60616    0.61582    0.67309    0.68969    0.71154    0.75656    0.77242
 kpt#  77, nband= 48, wtk=  1.00000, kpt=  0.4167 -0.0833  0.1250 (reduced coord)
  -2.85352   -2.66494   -1.70772   -1.70555   -1.70548   -1.52297   -1.52071   -1.52062
  -0.76586   -0.76160   -0.75296   -0.75226   -0.14549   -0.13832   -0.11969   -0.10781
  -0.09843   -0.09545   -0.09167   -0.07999   -0.07896   -0.06689   -0.04836   -0.04287
   0.01412    0.01868    0.02520    0.06692    0.06980    0.25007    0.26242    0.26726
   0.26784    0.29588    0.30581    0.31884    0.42811    0.45986    0.50856    0.52975
   0.57521    0.60804    0.61950    0.67255    0.69244    0.71283    0.75792    0.77165
 kpt#  78, nband= 48, wtk=  1.00000, kpt=  0.4222 -0.0778  0.1167 (reduced coord)
  -2.85352   -2.66494   -1.70772   -1.70555   -1.70547   -1.52297   -1.52071   -1.52059
  -0.76587   -0.76181   -0.75292   -0.75224   -0.14567   -0.13811   -0.11975   -0.10773
  -0.09799   -0.09495   -0.09168   -0.08004   -0.07867   -0.06761   -0.04811   -0.04292
   0.01384    0.01855    0.02531    0.06744    0.07028    0.24964    0.26213    0.26741
   0.26804    0.29553    0.30567    0.31635    0.42856    0.45860    0.50796    0.52834
   0.57760    0.60991    0.62318    0.67194    0.69485    0.71424    0.75890    0.77121
 kpt#  79, nband= 48, wtk=  1.00000, kpt=  0.4278 -0.0722  0.1083 (reduced coord)
  -2.85352   -2.66494   -1.70773   -1.70556   -1.70546   -1.52298   -1.52072   -1.52058
  -0.76587   -0.76202   -0.75289   -0.75221   -0.14587   -0.13786   -0.11982   -0.10776
  -0.09758   -0.09444   -0.09163   -0.08009   -0.07836   -0.06833   -0.04788   -0.04299
   0.01355    0.01843    0.02542    0.06790    0.07079    0.24924    0.26195    0.26756
   0.26824    0.29503    0.30554    0.31407    0.42906    0.45732    0.50739    0.52686
   0.58008    0.61171    0.62683    0.67140    0.69673    0.71577    0.75952    0.77104
 kpt#  80, nband= 48, wtk=  1.00000, kpt=  0.4333 -0.0667  0.1000 (reduced coord)
  -2.85352   -2.66494   -1.70773   -1.70556   -1.70544   -1.52298   -1.52072   -1.52056
  -0.76587   -0.76223   -0.75286   -0.75219   -0.14608   -0.13756   -0.11989   -0.10788
  -0.09717   -0.09392   -0.09153   -0.08015   -0.07803   -0.06903   -0.04766   -0.04307
   0.01327    0.01833    0.02552    0.06831    0.07130    0.24888    0.26188    0.26770
   0.26842    0.29437    0.30541    0.31205    0.42962    0.45604    0.50687    0.52536
   0.58260    0.61342    0.63041    0.67106    0.69795    0.71744    0.75984    0.77106
 kpt#  81, nband= 48, wtk=  1.00000, kpt=  0.4389 -0.0611  0.0917 (reduced coord)
  -2.85352   -2.66494   -1.70773   -1.70556   -1.70543   -1.52298   -1.52072   -1.52054
  -0.76585   -0.76243   -0.75284   -0.75217   -0.14630   -0.13724   -0.11996   -0.10809
  -0.09676   -0.09342   -0.09139   -0.08021   -0.07771   -0.06971   -0.04746   -0.04317
   0.01299    0.01823    0.02562    0.06867    0.07181    0.24856    0.26191    0.26783
   0.26859    0.29352    0.30528    0.31031    0.43023    0.45475    0.50640    0.52386
   0.58513    0.61495    0.63388    0.67104    0.69846    0.71914    0.75993    0.77123
 kpt#  82, nband= 48, wtk=  1.00000, kpt=  0.4444 -0.0556  0.0833 (reduced coord)
  -2.85352   -2.66494   -1.70773   -1.70556   -1.70542   -1.52299   -1.52072   -1.52052
  -0.76582   -0.76262   -0.75282   -0.75215   -0.14652   -0.13689   -0.12003   -0.10836
  -0.09635   -0.09294   -0.09123   -0.08026   -0.07741   -0.07035   -0.04727   -0.04328
   0.01273    0.01814    0.02571    0.06898    0.07231    0.24828    0.26204    0.26795
   0.26875    0.29247    0.30517    0.30886    0.43089    0.45346    0.50599    0.52241
   0.58765    0.61626    0.63720    0.67145    0.69833    0.72072    0.75987    0.77152
 kpt#  83, nband= 48, wtk=  1.00000, kpt=  0.4500 -0.0500  0.0750 (reduced coord)
  -2.85352   -2.66494   -1.70773   -1.70556   -1.70541   -1.52299   -1.52072   -1.52051
  -0.76578   -0.76282   -0.75279   -0.75213   -0.14672   -0.13654   -0.12010   -0.10867
  -0.09594   -0.09248   -0.09105   -0.08030   -0.07716   -0.07094   -0.04708   -0.04340
   0.01247    0.01806    0.02580    0.06926    0.07278    0.24802    0.26228    0.26805
   0.26890    0.29124    0.30505    0.30771    0.43161    0.45217    0.50565    0.52102
   0.59015    0.61727    0.64036    0.67236    0.69766    0.72196    0.75976    0.77194
 kpt#  84, nband= 48, wtk=  1.00000, kpt=  0.4556 -0.0444  0.0667 (reduced coord)
  -2.85352   -2.66494   -1.70774   -1.70556   -1.70540   -1.52299   -1.52072   -1.52050
  -0.76574   -0.76300   -0.75278   -0.75211   -0.14691   -0.13619   -0.12018   -0.10901
  -0.09555   -0.09204   -0.09087   -0.08032   -0.07698   -0.07145   -0.04691   -0.04353
   0.01224    0.01799    0.02587    0.06950    0.07323    0.24780    0.26260    0.26815
   0.26903    0.28988    0.30495    0.30681    0.43238    0.45088    0.50536    0.51971
   0.59260    0.61793    0.64332    0.67380    0.69658    0.72261    0.75974    0.77248
 kpt#  85, nband= 48, wtk=  1.00000, kpt=  0.4611 -0.0389  0.0583 (reduced coord)
  -2.85352   -2.66494   -1.70774   -1.70556   -1.70539   -1.52299   -1.52072   -1.52048
  -0.76568   -0.76318   -0.75276   -0.75209   -0.14709   -0.13585   -0.12026   -0.10934
  -0.09520   -0.09163   -0.09068   -0.08032   -0.07691   -0.07185   -0.04675   -0.04367
   0.01202    0.01793    0.02594    0.06971    0.07364    0.24761    0.26301    0.26824
   0.26915    0.28843    0.30486    0.30612    0.43320    0.44959    0.50513    0.51850
   0.59500    0.61821    0.64611    0.67575    0.69523    0.72249    0.75996    0.77311
 kpt#  86, nband= 48, wtk=  1.00000, kpt=  0.4667 -0.0333  0.0500 (reduced coord)
  -2.85352   -2.66494   -1.70774   -1.70556   -1.70539   -1.52300   -1.52072   -1.52047
  -0.76563   -0.76334   -0.75275   -0.75208   -0.14725   -0.13553   -0.12033   -0.10966
  -0.09488   -0.09126   -0.09049   -0.08029   -0.07697   -0.07212   -0.04659   -0.04381
   0.01182    0.01788    0.02600    0.06989    0.07400    0.24744    0.26349    0.26831
   0.26925    0.28697    0.30477    0.30561    0.43407    0.44832    0.50496    0.51740
   0.59735    0.61811    0.64873    0.67809    0.69378    0.72154    0.76047    0.77379
 kpt#  87, nband= 48, wtk=  1.00000, kpt=  0.4722 -0.0278  0.0417 (reduced coord)
  -2.85352   -2.66494   -1.70774   -1.70556   -1.70538   -1.52300   -1.52072   -1.52047
  -0.76556   -0.76349   -0.75273   -0.75207   -0.14738   -0.13524   -0.12040   -0.10995
  -0.09461   -0.09096   -0.09028   -0.08022   -0.07715   -0.07228   -0.04644   -0.04396
   0.01165    0.01783    0.02606    0.07004    0.07431    0.24730    0.26401    0.26837
   0.26933    0.28555    0.30470    0.30524    0.43498    0.44707    0.50483    0.51644
   0.59963    0.61764    0.65118    0.68058    0.69250    0.71978    0.76126    0.77446
 kpt#  88, nband= 48, wtk=  1.00000, kpt=  0.4778 -0.0222  0.0333 (reduced coord)
  -2.85352   -2.66494   -1.70774   -1.70556   -1.70538   -1.52300   -1.52072   -1.52046
  -0.76550   -0.76363   -0.75272   -0.75205   -0.14750   -0.13499   -0.12047   -0.11020
  -0.09439   -0.09074   -0.09004   -0.08012   -0.07744   -0.07233   -0.04631   -0.04409
   0.01151    0.01780    0.02610    0.07016    0.07457    0.24719    0.26455    0.26842
   0.26940    0.28425    0.30464    0.30497    0.43592    0.44584    0.50476    0.51562
   0.60182    0.61686    0.65343    0.68268    0.69192    0.71734    0.76221    0.77506
 kpt#  89, nband= 48, wtk=  1.00000, kpt=  0.4833 -0.0167  0.0250 (reduced coord)
  -2.85352   -2.66494   -1.70774   -1.70556   -1.70537   -1.52300   -1.52072   -1.52045
  -0.76545   -0.76375   -0.75272   -0.75205   -0.14759   -0.13478   -0.12053   -0.11040
  -0.09422   -0.09060   -0.08982   -0.07998   -0.07779   -0.07233   -0.04619   -0.04422
   0.01139    0.01777    0.02613    0.07025    0.07478    0.24710    0.26507    0.26845
   0.26945    0.28313    0.30458    0.30479    0.43687    0.44466    0.50471    0.51496
   0.60389    0.61583    0.65542    0.68361    0.69285    0.71441    0.76316    0.77557
 kpt#  90, nband= 48, wtk=  1.00000, kpt=  0.4889 -0.0111  0.0167 (reduced coord)
  -2.85352   -2.66494   -1.70774   -1.70556   -1.70537   -1.52300   -1.52072   -1.52045
  -0.76540   -0.76383   -0.75271   -0.75204   -0.14765   -0.13463   -0.12057   -0.11055
  -0.09410   -0.09051   -0.08963   -0.07980   -0.07815   -0.07230   -0.04610   -0.04432
   0.01131    0.01775    0.02616    0.07032    0.07493    0.24704    0.26550    0.26848
   0.26948    0.28225    0.30453    0.30469    0.43780    0.44358    0.50469    0.51448
   0.60578    0.61465    0.65703    0.68339    0.69525    0.71120    0.76396    0.77595
 kpt#  91, nband= 48, wtk=  1.00000, kpt=  0.4944 -0.0056  0.0083 (reduced coord)
  -2.85352   -2.66494   -1.70774   -1.70556   -1.70537   -1.52300   -1.52072   -1.52045
  -0.76537   -0.76389   -0.75271   -0.75204   -0.14769   -0.13453   -0.12060   -0.11064
  -0.09402   -0.09046   -0.08950   -0.07962   -0.07845   -0.07228   -0.04603   -0.04439
   0.01126    0.01774    0.02617    0.07036    0.07502    0.24700    0.26579    0.26849
   0.26950    0.28169    0.30449    0.30464    0.43859    0.44269    0.50468    0.51418
   0.60731    0.61354    0.65810    0.68290    0.69813    0.70808    0.76449    0.77618
 kpt#  92, nband= 48, wtk=  1.00000, kpt=  0.5000  0.0000  0.0000 (reduced coord)
  -2.85352   -2.66494   -1.70774   -1.70556   -1.70537   -1.52300   -1.52072   -1.52045
  -0.76536   -0.76391   -0.75271   -0.75204   -0.14770   -0.13450   -0.12061   -0.11067
  -0.09400   -0.09044   -0.08946   -0.07952   -0.07859   -0.07226   -0.04601   -0.04441
   0.01124    0.01774    0.02618    0.07037    0.07505    0.24699    0.26590    0.26849
   0.26950    0.28149    0.30447    0.30462    0.43894    0.44230    0.50468    0.51409
   0.60799    0.61300    0.65847    0.68268    0.69978    0.70636    0.76468    0.77626
 kpt#  93, nband= 48, wtk=  1.00000, kpt=  0.5000 -0.0167  0.0000 (reduced coord)
  -2.85352   -2.66494   -1.70774   -1.70556   -1.70537   -1.52300   -1.52072   -1.52045
  -0.76536   -0.76391   -0.75271   -0.75204   -0.14772   -0.13459   -0.12061   -0.11058
  -0.09403   -0.09045   -0.08938   -0.07948   -0.07858   -0.07227   -0.04605   -0.04444
   0.01124    0.01774    0.02619    0.07032    0.07504    0.24700    0.26588    0.26850
   0.26951    0.28161    0.30448    0.30467    0.43823    0.44250    0.50481    0.51449
   0.60791    0.61298    0.65848    0.68278    0.69984    0.70639    0.76463    0.77625
 kpt#  94, nband= 48, wtk=  1.00000, kpt=  0.5000 -0.0333  0.0000 (reduced coord)
  -2.85352   -2.66494   -1.70774   -1.70556   -1.70537   -1.52300   -1.52072   -1.52045
  -0.76535   -0.76390   -0.75272   -0.75204   -0.14778   -0.13484   -0.12061   -0.11030
  -0.09413   -0.09046   -0.08917   -0.07935   -0.07853   -0.07229   -0.04615   -0.04452
   0.01123    0.01772    0.02622    0.07017    0.07503    0.24701    0.26582    0.26851
   0.26952    0.28194    0.30448    0.30483    0.43653    0.44266    0.50527    0.51566
   0.60767    0.61291    0.65851    0.68308    0.70002    0.70645    0.76449    0.77624
 kpt#  95, nband= 48, wtk=  1.00000, kpt=  0.5000 -0.0500  0.0000 (reduced coord)
  -2.85352   -2.66494   -1.70774   -1.70556   -1.70537   -1.52300   -1.52072   -1.52045
  -0.76533   -0.76388   -0.75275   -0.75205   -0.14787   -0.13525   -0.12062   -0.10984
  -0.09427   -0.09048   -0.08883   -0.07912   -0.07846   -0.07231   -0.04632   -0.04464
   0.01120    0.01771    0.02629    0.06993    0.07500    0.24704    0.26572    0.26853
   0.26954    0.28248    0.30450    0.30509    0.43428    0.44239    0.50612    0.51746
   0.60727    0.61280    0.65855    0.68357    0.70032    0.70657    0.76426    0.77622
 kpt#  96, nband= 48, wtk=  1.00000, kpt=  0.5000 -0.0667  0.0000 (reduced coord)
  -2.85352   -2.66494   -1.70774   -1.70556   -1.70537   -1.52300   -1.52072   -1.52045
  -0.76531   -0.76385   -0.75278   -0.75207   -0.14800   -0.13578   -0.12063   -0.10924
  -0.09443   -0.09051   -0.08840   -0.07882   -0.07837   -0.07235   -0.04656   -0.04481
   0.01117    0.01768    0.02637    0.06959    0.07497    0.24708    0.26560    0.26856
   0.26956    0.28323    0.30451    0.30545    0.43167    0.44160    0.50743    0.51976
   0.60674    0.61265    0.65862    0.68423    0.70072    0.70672    0.76394    0.77618
 kpt#  97, nband= 48, wtk=  1.00000, kpt=  0.5000 -0.0833  0.0000 (reduced coord)
  -2.85352   -2.66494   -1.70774   -1.70556   -1.70537   -1.52300   -1.52072   -1.52045
  -0.76529   -0.76382   -0.75282   -0.75209   -0.14816   -0.13641   -0.12063   -0.10853
  -0.09458   -0.09055   -0.08789   -0.07843   -0.07825   -0.07240   -0.04688   -0.04501
   0.01114    0.01765    0.02648    0.06916    0.07493    0.24713    0.26545    0.26860
   0.26959    0.28418    0.30454    0.30591    0.42879    0.44029    0.50921    0.52245
   0.60608    0.61245    0.65870    0.68504    0.70122    0.70692    0.76354    0.77613
 kpt#  98, nband= 48, wtk=  1.00000, kpt=  0.5000 -0.1000  0.0000 (reduced coord)
  -2.85352   -2.66494   -1.70774   -1.70556   -1.70537   -1.52300   -1.52072   -1.52045
  -0.76526   -0.76378   -0.75287   -0.75211   -0.14836   -0.13712   -0.12064   -0.10773
  -0.09472   -0.09059   -0.08730   -0.07811   -0.07796   -0.07246   -0.04728   -0.04525
   0.01109    0.01762    0.02661    0.06865    0.07488    0.24718    0.26530    0.26864
   0.26963    0.28531    0.30457    0.30647    0.42572    0.43849    0.51143    0.52542
   0.60531    0.61222    0.65879    0.68595    0.70181    0.70716    0.76307    0.77606
 kpt#  99, nband= 48, wtk=  1.00000, kpt=  0.5000 -0.1167  0.0000 (reduced coord)
  -2.85352   -2.66494   -1.70774   -1.70556   -1.70537   -1.52300   -1.52072   -1.52045
  -0.76522   -0.76373   -0.75293   -0.75214   -0.14859   -0.13788   -0.12065   -0.10686
  -0.09482   -0.09063   -0.08666   -0.07795   -0.07742   -0.07252   -0.04776   -0.04551
   0.01103    0.01757    0.02676    0.06805    0.07483    0.24725    0.26515    0.26868
   0.26967    0.28661    0.30460    0.30714    0.42251    0.43627    0.51406    0.52863
   0.60445    0.61195    0.65890    0.68694    0.70249    0.70745    0.76253    0.77596
 kpt# 100, nband= 48, wtk=  1.00000, kpt=  0.5000 -0.1333  0.0000 (reduced coord)
  -2.85352   -2.66494   -1.70774   -1.70556   -1.70537   -1.52300   -1.52072   -1.52045
  -0.76518   -0.76368   -0.75299   -0.75217   -0.14887   -0.13867   -0.12067   -0.10597
  -0.09489   -0.09068   -0.08596   -0.07778   -0.07681   -0.07259   -0.04830   -0.04580
   0.01097    0.01753    0.02692    0.06738    0.07476    0.24732    0.26500    0.26873
   0.26972    0.28808    0.30463    0.30790    0.41918    0.43371    0.51702    0.53202
   0.60351    0.61165    0.65903    0.68796    0.70322    0.70777    0.76195    0.77583
 kpt# 101, nband= 48, wtk=  1.00000, kpt=  0.5000 -0.1500  0.0000 (reduced coord)
  -2.85352   -2.66494   -1.70774   -1.70556   -1.70537   -1.52300   -1.52072   -1.52045
  -0.76514   -0.76362   -0.75306   -0.75220   -0.14918   -0.13946   -0.12068   -0.10506
  -0.09493   -0.09072   -0.08522   -0.07760   -0.07614   -0.07267   -0.04892   -0.04611
   0.01090    0.01747    0.02709    0.06663    0.07469    0.24740    0.26486    0.26878
   0.26978    0.28970    0.30467    0.30876    0.41578    0.43086    0.52026    0.53555
   0.60252    0.61132    0.65916    0.68897    0.70400    0.70812    0.76132    0.77568
 kpt# 102, nband= 48, wtk=  1.00000, kpt=  0.5000 -0.1667  0.0000 (reduced coord)
  -2.85352   -2.66494   -1.70774   -1.70556   -1.70537   -1.52300   -1.52072   -1.52045
  -0.76509   -0.76355   -0.75314   -0.75224   -0.14952   -0.14025   -0.12070   -0.10415
  -0.09491   -0.09077   -0.08442   -0.07741   -0.07541   -0.07274   -0.04958   -0.04643
   0.01083    0.01742    0.02728    0.06583    0.07462    0.24748    0.26472    0.26884
   0.26983    0.29146    0.30472    0.30972    0.41233    0.42778    0.52373    0.53921
   0.60148    0.61097    0.65931    0.68992    0.70482    0.70851    0.76065    0.77549
 kpt# 103, nband= 48, wtk=  1.00000, kpt=  0.5000 -0.1833  0.0000 (reduced coord)
  -2.85352   -2.66494   -1.70774   -1.70556   -1.70537   -1.52300   -1.52072   -1.52045
  -0.76504   -0.76349   -0.75322   -0.75228   -0.14989   -0.14102   -0.12071   -0.10326
  -0.09486   -0.09081   -0.08358   -0.07721   -0.07464   -0.07282   -0.05031   -0.04679
   0.01074    0.01736    0.02747    0.06498    0.07454    0.24757    0.26460    0.26890
   0.26990    0.29336    0.30476    0.31078    0.40884    0.42452    0.52739    0.54296
   0.60041    0.61060    0.65948    0.69077    0.70564    0.70892    0.75996    0.77528
 kpt# 104, nband= 48, wtk=  1.00000, kpt=  0.5000 -0.2000  0.0000 (reduced coord)
  -2.85352   -2.66494   -1.70774   -1.70556   -1.70537   -1.52300   -1.52072   -1.52045
  -0.76499   -0.76341   -0.75331   -0.75232   -0.15030   -0.14175   -0.12073   -0.10239
  -0.09477   -0.09085   -0.08270   -0.07702   -0.07383   -0.07289   -0.05107   -0.04717
   0.01065    0.01729    0.02767    0.06408    0.07446    0.24766    0.26449    0.26896
   0.26996    0.29540    0.30481    0.31193    0.40534    0.42112    0.53120    0.54680
   0.59933    0.61022    0.65964    0.69146    0.70644    0.70937    0.75925    0.77504
 kpt# 105, nband= 48, wtk=  1.00000, kpt=  0.5000 -0.2167  0.0000 (reduced coord)
  -2.85352   -2.66494   -1.70774   -1.70556   -1.70537   -1.52300   -1.52072   -1.52045
  -0.76493   -0.76333   -0.75340   -0.75236   -0.15073   -0.14245   -0.12075   -0.10156
  -0.09464   -0.09089   -0.08178   -0.07684   -0.07298   -0.07296   -0.05187   -0.04757
   0.01056    0.01722    0.02787    0.06314    0.07438    0.24775    0.26440    0.26903
   0.27003    0.29755    0.30486    0.31317    0.40183    0.41760    0.53511    0.55069
   0.59824    0.60984    0.65982    0.69195    0.70722    0.70983    0.75852    0.77477
 kpt# 106, nband= 48, wtk=  1.00000, kpt=  0.5000 -0.2333  0.0000 (reduced coord)
  -2.85352   -2.66494   -1.70774   -1.70556   -1.70537   -1.52300   -1.52072   -1.52045
  -0.76487   -0.76325   -0.75349   -0.75241   -0.15119   -0.14310   -0.12077   -0.10077
  -0.09447   -0.09092   -0.08083   -0.07666   -0.07301   -0.07212   -0.05269   -0.04799
   0.01046    0.01716    0.02807    0.06219    0.07429    0.24785    0.26432    0.26909
   0.27009    0.29983    0.30491    0.31451    0.39833    0.41401    0.53911    0.55465
   0.59716    0.60946    0.66000    0.69219    0.70792    0.71031    0.75779    0.77448
 kpt# 107, nband= 48, wtk=  1.00000, kpt=  0.5000 -0.2500  0.0000 (reduced coord)
  -2.85352   -2.66494   -1.70774   -1.70556   -1.70537   -1.52300   -1.52072   -1.52045
  -0.76481   -0.76317   -0.75359   -0.75246   -0.15166   -0.14371   -0.12079   -0.10002
  -0.09428   -0.09095   -0.07987   -0.07651   -0.07306   -0.07123   -0.05352   -0.04843
   0.01036    0.01709    0.02826    0.06121    0.07420    0.24794    0.26425    0.26916
   0.27016    0.30221    0.30496    0.31593    0.39484    0.41035    0.54316    0.55864
   0.59610    0.60908    0.66019    0.69214    0.70854    0.71081    0.75710    0.77600
 kpt# 108, nband= 48, wtk=  1.00000, kpt=  0.5000 -0.2667  0.0000 (reduced coord)
  -2.85352   -2.66494   -1.70774   -1.70556   -1.70537   -1.52300   -1.52072   -1.52045
  -0.76475   -0.76308   -0.75369   -0.75251   -0.15214   -0.14426   -0.12081   -0.09930
  -0.09406   -0.09097   -0.07890   -0.07637   -0.07308   -0.07034   -0.05436   -0.04889
   0.01026    0.01702    0.02846    0.06023    0.07412    0.24804    0.26419    0.26923
   0.27023    0.30470    0.30501    0.31745    0.39138    0.40665    0.54725    0.56266
   0.59508    0.60871    0.66038    0.69176    0.70905    0.71131    0.75636    0.77338
 kpt# 109, nband= 48, wtk=  1.00000, kpt=  0.5000 -0.2833  0.0000 (reduced coord)
  -2.85352   -2.66494   -1.70774   -1.70556   -1.70537   -1.52300   -1.52072   -1.52045
  -0.76470   -0.76300   -0.75379   -0.75256   -0.15263   -0.14477   -0.12083   -0.09862
  -0.09383   -0.09099   -0.07794   -0.07626   -0.07309   -0.06944   -0.05518   -0.04937
   0.01015    0.01695    0.02864    0.05925    0.07403    0.24813    0.26414    0.26929
   0.27030    0.30506    0.30728    0.31904    0.38795    0.40293    0.55133    0.56669
   0.59408    0.60836    0.66056    0.69102    0.70941    0.71182    0.75568    0.76775
 kpt# 110, nband= 48, wtk=  1.00000, kpt=  0.5000 -0.3000  0.0000 (reduced coord)
  -2.85352   -2.66494   -1.70774   -1.70556   -1.70537   -1.52300   -1.52072   -1.52045
  -0.76464   -0.76291   -0.75389   -0.75260   -0.15311   -0.14524   -0.12085   -0.09798
  -0.09358   -0.09100   -0.07700   -0.07618   -0.07308   -0.06855   -0.05599   -0.04987
   0.01005    0.01688    0.02882    0.05829    0.07395    0.24821    0.26411    0.26935
   0.27036    0.30511    0.30995    0.32072    0.38455    0.39919    0.55539    0.57073
   0.59314    0.60802    0.66074    0.68990    0.70959    0.71232    0.75500    0.76204
 kpt# 111, nband= 48, wtk=  1.00000, kpt=  0.5000 -0.3167  0.0000 (reduced coord)
  -2.85352   -2.66494   -1.70774   -1.70556   -1.70537   -1.52300   -1.52072   -1.52045
  -0.76458   -0.76283   -0.75398   -0.75265   -0.15358   -0.14566   -0.12087   -0.09737
  -0.09332   -0.09101   -0.07612   -0.07610   -0.07305   -0.06767   -0.05676   -0.05038
   0.00994    0.01681    0.02898    0.05736    0.07387    0.24830    0.26408    0.26942
   0.27043    0.30516    0.31270    0.32248    0.38119    0.39547    0.55939    0.57475
   0.59225    0.60771    0.66092    0.68843    0.70956    0.71281    0.75434    0.75677
 kpt# 112, nband= 48, wtk=  1.00000, kpt=  0.5000 -0.3333  0.0000 (reduced coord)
  -2.85352   -2.66494   -1.70774   -1.70556   -1.70537   -1.52300   -1.52072   -1.52045
  -0.76453   -0.76274   -0.75407   -0.75270   -0.15403   -0.14604   -0.12089   -0.09680
  -0.09306   -0.09102   -0.07610   -0.07525   -0.07300   -0.06680   -0.05749   -0.05091
   0.00984    0.01674    0.02914    0.05646    0.07379    0.24838    0.26406    0.26947
   0.27049    0.30521    0.31552    0.32431    0.37787    0.39177    0.56330    0.57872
   0.59142    0.60743    0.66109    0.68660    0.70928    0.71329    0.75191    0.75373
 kpt# 113, nband= 48, wtk=  1.00000, kpt=  0.5000 -0.3500  0.0000 (reduced coord)
  -2.85352   -2.66494   -1.70774   -1.70556   -1.70537   -1.52300   -1.52072   -1.52045
  -0.76447   -0.76266   -0.75416   -0.75274   -0.15445   -0.14637   -0.12090   -0.09627
  -0.09280   -0.09102   -0.07609   -0.07448   -0.07294   -0.06596   -0.05815   -0.05145
   0.00974    0.01668    0.02928    0.05561    0.07372    0.24845    0.26404    0.26953
   0.27054    0.30525    0.31841    0.32620    0.37460    0.38810    0.56709    0.58261
   0.59068    0.60718    0.66126    0.68448    0.70873    0.71376    0.74758    0.75315
 kpt# 114, nband= 48, wtk=  1.00000, kpt=  0.5000 -0.3667  0.0000 (reduced coord)
  -2.85352   -2.66494   -1.70774   -1.70556   -1.70537   -1.52300   -1.52072   -1.52045
  -0.76443   -0.76259   -0.75425   -0.75278   -0.15485   -0.14667   -0.12092   -0.09578
  -0.09254   -0.09101   -0.07609   -0.07379   -0.07286   -0.06515   -0.05873   -0.05199
   0.00965    0.01663    0.02941    0.05482    0.07365    0.24852    0.26404    0.26958
   0.27060    0.30529    0.32134    0.32816    0.37137    0.38450    0.57070    0.58631
   0.59010    0.60698    0.66141    0.68211    0.70789    0.71419    0.74374    0.75261
 kpt# 115, nband= 48, wtk=  1.00000, kpt=  0.5000 -0.3833  0.0000 (reduced coord)
  -2.85352   -2.66494   -1.70774   -1.70556   -1.70537   -1.52300   -1.52072   -1.52045
  -0.76438   -0.76252   -0.75433   -0.75282   -0.15521   -0.14693   -0.12094   -0.09535
  -0.09228   -0.09101   -0.07611   -0.07320   -0.07279   -0.06437   -0.05923   -0.05254
   0.00957    0.01657    0.02953    0.05409    0.07359    0.24858    0.26403    0.26963
   0.27064    0.30533    0.32432    0.33016    0.36820    0.38098    0.57410    0.58871
   0.59075    0.60682    0.66155    0.67957    0.70675    0.71459    0.74053    0.75213
 kpt# 116, nband= 48, wtk=  1.00000, kpt=  0.5000 -0.4000  0.0000 (reduced coord)
  -2.85352   -2.66494   -1.70774   -1.70556   -1.70537   -1.52300   -1.52072   -1.52045
  -0.76434   -0.76245   -0.75440   -0.75286   -0.15553   -0.14715   -0.12095   -0.09496
  -0.09203   -0.09100   -0.07614   -0.07271   -0.07271   -0.06364   -0.05963   -0.05308
   0.00949    0.01653    0.02963    0.05344    0.07353    0.24863    0.26403    0.26967
   0.27069    0.30536    0.32732    0.33219    0.36509    0.37758    0.57722    0.58854
   0.59385    0.60672    0.66167    0.67697    0.70538    0.71495    0.73792    0.75171
 kpt# 117, nband= 48, wtk=  1.00000, kpt=  0.5000 -0.4167  0.0000 (reduced coord)
  -2.85352   -2.66494   -1.70774   -1.70556   -1.70537   -1.52300   -1.52072   -1.52045
  -0.76431   -0.76240   -0.75446   -0.75289   -0.15580   -0.14734   -0.12096   -0.09464
  -0.09180   -0.09100   -0.07617   -0.07264   -0.07234   -0.06296   -0.05993   -0.05362
   0.00942    0.01649    0.02972    0.05288    0.07348    0.24868    0.26403    0.26971
   0.27072    0.30539    0.33033    0.33422    0.36204    0.37434    0.57999    0.58814
   0.59697    0.60669    0.66178    0.67441    0.70386    0.71527    0.73589    0.75133
 kpt# 118, nband= 48, wtk=  1.00000, kpt=  0.5000 -0.4333  0.0000 (reduced coord)
  -2.85352   -2.66494   -1.70774   -1.70556   -1.70537   -1.52300   -1.52072   -1.52045
  -0.76428   -0.76235   -0.75451   -0.75291   -0.15603   -0.14749   -0.12097   -0.09437
  -0.09159   -0.09099   -0.07619   -0.07258   -0.07206   -0.06235   -0.06014   -0.05412
   0.00936    0.01645    0.02979    0.05240    0.07344    0.24871    0.26403    0.26974
   0.27075    0.30541    0.33330    0.33619    0.35906    0.37134    0.58235    0.58780
   0.59972    0.60676    0.66187    0.67202    0.70234    0.71554    0.73437    0.75103
 kpt# 119, nband= 48, wtk=  1.00000, kpt=  0.5000 -0.4500  0.0000 (reduced coord)
  -2.85352   -2.66494   -1.70774   -1.70556   -1.70537   -1.52300   -1.52072   -1.52045
  -0.76426   -0.76231   -0.75455   -0.75293   -0.15621   -0.14761   -0.12098   -0.09416
  -0.09141   -0.09098   -0.07622   -0.07253   -0.07188   -0.06182   -0.06026   -0.05457
   0.00932    0.01643    0.02985    0.05203    0.07342    0.24874    0.26403    0.26976
   0.27078    0.30543    0.33621    0.33802    0.35619    0.36868    0.58421    0.58758
   0.60193    0.60696    0.66195    0.66993    0.70095    0.71575    0.73329    0.75079
 kpt# 120, nband= 48, wtk=  1.00000, kpt=  0.5000 -0.4667  0.0000 (reduced coord)
  -2.85352   -2.66494   -1.70774   -1.70556   -1.70537   -1.52300   -1.52072   -1.52045
  -0.76424   -0.76228   -0.75458   -0.75294   -0.15634   -0.14769   -0.12099   -0.09401
  -0.09127   -0.09098   -0.07624   -0.07249   -0.07176   -0.06143   -0.06030   -0.05495
   0.00928    0.01641    0.02989    0.05175    0.07339    0.24876    0.26403    0.26978
   0.27079    0.30544    0.33891    0.33961    0.35348    0.36653    0.58547    0.58753
   0.60342    0.60733    0.66200    0.66829    0.69985    0.71591    0.73258    0.75061
 kpt# 121, nband= 48, wtk=  1.00000, kpt=  0.5000 -0.4833  0.0000 (reduced coord)
  -2.85352   -2.66494   -1.70774   -1.70556   -1.70537   -1.52300   -1.52072   -1.52045
  -0.76423   -0.76227   -0.75460   -0.75295   -0.15642   -0.14774   -0.12099   -0.09393
  -0.09119   -0.09098   -0.07625   -0.07246   -0.07170   -0.06119   -0.06029   -0.05520
   0.00926    0.01640    0.02991    0.05159    0.07338    0.24878    0.26404    0.26979
   0.27080    0.30545    0.34054    0.34136    0.35121    0.36508    0.58607    0.58767
   0.60418    0.60775    0.66203    0.66724    0.69914    0.71600    0.73218    0.75051
 kpt# 122, nband= 48, wtk=  1.00000, kpt=  0.5000 -0.5000  0.0000 (reduced coord)
  -2.85352   -2.66494   -1.70774   -1.70556   -1.70537   -1.52300   -1.52072   -1.52045
  -0.76423   -0.76226   -0.75461   -0.75296   -0.15644   -0.14776   -0.12099   -0.09389
  -0.09116   -0.09097   -0.07625   -0.07245   -0.07168   -0.06112   -0.06027   -0.05529
   0.00926    0.01639    0.02992    0.05154    0.07338    0.24878    0.26404    0.26979
   0.27081    0.30546    0.34095    0.34239    0.35016    0.36457    0.58622    0.58778
   0.60441    0.60793    0.66204    0.66688    0.69890    0.71604    0.73204    0.75047
 kpt# 123, nband= 48, wtk=  1.00000, kpt=  0.4944 -0.4889  0.0083 (reduced coord)
  -2.85352   -2.66494   -1.70774   -1.70556   -1.70537   -1.52300   -1.52072   -1.52045
  -0.76422   -0.76227   -0.75460   -0.75296   -0.15642   -0.14776   -0.12101   -0.09421
  -0.09110   -0.09068   -0.07630   -0.07247   -0.07172   -0.06117   -0.06026   -0.05524
   0.00928    0.01640    0.02991    0.05157    0.07336    0.24880    0.26406    0.26978
   0.27080    0.30541    0.34058    0.34232    0.35038    0.36502    0.58609    0.58776
   0.60426    0.60779    0.66010    0.66855    0.69880    0.71664    0.73211    0.75049
 kpt# 124, nband= 48, wtk=  1.00000, kpt=  0.4889 -0.4778  0.0167 (reduced coord)
  -2.85352   -2.66494   -1.70774   -1.70556   -1.70537   -1.52300   -1.52072   -1.52045
  -0.76420   -0.76228   -0.75459   -0.75295   -0.15633   -0.14775   -0.12109   -0.09495
  -0.09095   -0.09002   -0.07646   -0.07253   -0.07182   -0.06133   -0.06020   -0.05511
   0.00935    0.01642    0.02987    0.05165    0.07331    0.24885    0.26414    0.26976
   0.27076    0.30529    0.33959    0.34208    0.35099    0.36630    0.58568    0.58773
   0.60382    0.60740    0.65668    0.67108    0.69870    0.71829    0.73231    0.75052
 kpt# 125, nband= 48, wtk=  1.00000, kpt=  0.4833 -0.4667  0.0250 (reduced coord)
  -2.85352   -2.66494   -1.70774   -1.70556   -1.70537   -1.52300   -1.52072   -1.52045
  -0.76418   -0.76231   -0.75456   -0.75295   -0.15619   -0.14775   -0.12121   -0.09585
  -0.09070   -0.08924   -0.07672   -0.07262   -0.07199   -0.06158   -0.06011   -0.05489
   0.00947    0.01645    0.02981    0.05180    0.07323    0.24893    0.26427    0.26971
   0.27070    0.30509    0.33819    0.34171    0.35195    0.36824    0.58495    0.58769
   0.60305    0.60683    0.65296    0.67317    0.69897    0.72067    0.73261    0.75053
 kpt# 126, nband= 48, wtk=  1.00000, kpt=  0.4778 -0.4556  0.0333 (reduced coord)
  -2.85352   -2.66494   -1.70774   -1.70556   -1.70538   -1.52300   -1.52072   -1.52046
  -0.76414   -0.76234   -0.75453   -0.75294   -0.15599   -0.14774   -0.12136   -0.09681
  -0.09036   -0.08844   -0.07708   -0.07274   -0.07222   -0.06192   -0.05998   -0.05460
   0.00962    0.01649    0.02972    0.05200    0.07312    0.24905    0.26445    0.26965
   0.27062    0.30482    0.33652    0.34129    0.35317    0.37068    0.58387    0.58767
   0.60193    0.60618    0.64917    0.67447    0.69996    0.72346    0.73300    0.75036
 kpt# 127, nband= 48, wtk=  1.00000, kpt=  0.4722 -0.4444  0.0417 (reduced coord)
  -2.85352   -2.66494   -1.70774   -1.70556   -1.70538   -1.52300   -1.52072   -1.52047
  -0.76409   -0.76238   -0.75449   -0.75293   -0.15574   -0.14772   -0.12155   -0.09781
  -0.08997   -0.08764   -0.07754   -0.07288   -0.07249   -0.06233   -0.05981   -0.05424
   0.00983    0.01655    0.02961    0.05225    0.07298    0.24919    0.26467    0.26957
   0.27051    0.30448    0.33470    0.34089    0.35461    0.37349    0.58243    0.58763
   0.60047    0.60552    0.64539    0.67491    0.70182    0.72637    0.73345    0.74997
 kpt# 128, nband= 48, wtk=  1.00000, kpt=  0.4667 -0.4333  0.0500 (reduced coord)
  -2.85352   -2.66494   -1.70774   -1.70556   -1.70539   -1.52300   -1.52072   -1.52047
  -0.76404   -0.76242   -0.75444   -0.75293   -0.15544   -0.14770   -0.12175   -0.09883
  -0.08953   -0.08688   -0.07810   -0.07309   -0.07277   -0.06280   -0.05960   -0.05382
   0.01006    0.01662    0.02948    0.05255    0.07281    0.24937    0.26495    0.26947
   0.27039    0.30408    0.33281    0.34054    0.35621    0.37658    0.58062    0.58756
   0.59870    0.60489    0.64167    0.67460    0.70443    0.72916    0.73393    0.74926
 kpt# 129, nband= 48, wtk=  1.00000, kpt=  0.4611 -0.4222  0.0583 (reduced coord)
  -2.85352   -2.66494   -1.70774   -1.70556   -1.70539   -1.52299   -1.52072   -1.52048
  -0.76398   -0.76246   -0.75438   -0.75291   -0.15508   -0.14768   -0.12196   -0.09984
  -0.08908   -0.08615   -0.07877   -0.07339   -0.07299   -0.06330   -0.05938   -0.05336
   0.01034    0.01670    0.02933    0.05289    0.07261    0.24958    0.26527    0.26936
   0.27024    0.30362    0.33092    0.34028    0.35797    0.37990    0.57845    0.58741
   0.59670    0.60430    0.63807    0.67374    0.70757    0.73154    0.73444    0.74821
 kpt# 130, nband= 48, wtk=  1.00000, kpt=  0.4556 -0.4111  0.0667 (reduced coord)
  -2.85352   -2.66494   -1.70774   -1.70556   -1.70540   -1.52299   -1.52072   -1.52050
  -0.76393   -0.76250   -0.75433   -0.75290   -0.15468   -0.14765   -0.12218   -0.10085
  -0.08866   -0.08547   -0.07953   -0.07379   -0.07314   -0.06383   -0.05913   -0.05286
   0.01064    0.01679    0.02915    0.05326    0.07237    0.24981    0.26563    0.26923
   0.27006    0.30312    0.32906    0.34010    0.35986    0.38339    0.57594    0.58713
   0.59455    0.60375    0.63465    0.67251    0.71097    0.73315    0.73510    0.74692
 kpt# 131, nband= 48, wtk=  1.00000, kpt=  0.4500 -0.4000  0.0750 (reduced coord)
  -2.85352   -2.66494   -1.70773   -1.70556   -1.70541   -1.52299   -1.52072   -1.52051
  -0.76388   -0.76252   -0.75426   -0.75289   -0.15423   -0.14760   -0.12238   -0.10185
  -0.08829   -0.08484   -0.08038   -0.07423   -0.07325   -0.06436   -0.05886   -0.05232
   0.01097    0.01689    0.02896    0.05366    0.07210    0.25007    0.26603    0.26909
   0.26987    0.30258    0.32725    0.34003    0.36187    0.38704    0.57313    0.58658
   0.59240    0.60322    0.63143    0.67104    0.71439    0.73370    0.73598    0.74564
 kpt# 132, nband= 48, wtk=  1.00000, kpt=  0.4444 -0.3889  0.0833 (reduced coord)
  -2.85352   -2.66494   -1.70773   -1.70556   -1.70542   -1.52299   -1.52072   -1.52052
  -0.76384   -0.76252   -0.75420   -0.75287   -0.15374   -0.14755   -0.12257   -0.10283
  -0.08801   -0.08428   -0.08129   -0.07470   -0.07331   -0.06488   -0.05857   -0.05176
   0.01132    0.01701    0.02874    0.05407    0.07179    0.25036    0.26646    0.26893
   0.26966    0.30201    0.32552    0.34006    0.36400    0.39083    0.57005    0.58551
   0.59052    0.60268    0.62846    0.66941    0.71754    0.73326    0.73690    0.74470
 kpt# 133, nband= 48, wtk=  1.00000, kpt=  0.4389 -0.3778  0.0917 (reduced coord)
  -2.85352   -2.66494   -1.70773   -1.70556   -1.70543   -1.52298   -1.52072   -1.52054
  -0.76382   -0.76249   -0.75413   -0.75286   -0.15321   -0.14747   -0.12274   -0.10379
  -0.08787   -0.08388   -0.08217   -0.07519   -0.07333   -0.06535   -0.05827   -0.05118
   0.01169    0.01714    0.02851    0.05450    0.07146    0.25067    0.26692    0.26876
   0.26944    0.30142    0.32388    0.34021    0.36624    0.39475    0.56674    0.58367
   0.58917    0.60210    0.62578    0.66766    0.72005    0.73178    0.73813    0.74431
 kpt# 134, nband= 48, wtk=  1.00000, kpt=  0.4333 -0.3667  0.1000 (reduced coord)
  -2.85352   -2.66494   -1.70773   -1.70556   -1.70544   -1.52298   -1.52072   -1.52056
  -0.76383   -0.76243   -0.75407   -0.75284   -0.15266   -0.14737   -0.12288   -0.10472
  -0.08790   -0.08404   -0.08258   -0.07569   -0.07332   -0.06577   -0.05796   -0.05059
   0.01207    0.01728    0.02827    0.05494    0.07109    0.25101    0.26741    0.26858
   0.26919    0.30082    0.32233    0.34048    0.36858    0.39877    0.56325    0.58116
   0.58827    0.60142    0.62343    0.66585    0.72162    0.72935    0.74009    0.74437
 kpt# 135, nband= 48, wtk=  1.00000, kpt=  0.4278 -0.3556  0.1083 (reduced coord)
  -2.85352   -2.66494   -1.70773   -1.70556   -1.70546   -1.52298   -1.52072   -1.52058
  -0.76385   -0.76234   -0.75400   -0.75282   -0.15209   -0.14723   -0.12299   -0.10562
  -0.08816   -0.08490   -0.08235   -0.07620   -0.07329   -0.06608   -0.05764   -0.04999
   0.01246    0.01743    0.02801    0.05537    0.07069    0.25136    0.26792    0.26838
   0.26894    0.30022    0.32087    0.34087    0.37103    0.40290    0.55961    0.57826
   0.58756    0.60059    0.62142    0.66399    0.72216    0.72625    0.74285    0.74475
 kpt# 136, nband= 48, wtk=  1.00000, kpt=  0.4222 -0.3444  0.1167 (reduced coord)
  -2.85352   -2.66494   -1.70772   -1.70555   -1.70547   -1.52297   -1.52072   -1.52059
  -0.76389   -0.76222   -0.75394   -0.75280   -0.15152   -0.14704   -0.12305   -0.10649
  -0.08871   -0.08587   -0.08200   -0.07670   -0.07329   -0.06626   -0.05731   -0.04939
   0.01286    0.01759    0.02774    0.05580    0.07025    0.25174    0.26817    0.26838
   0.26877    0.29961    0.31951    0.34139    0.37358    0.40713    0.55585    0.57516
   0.58688    0.59958    0.61976    0.66211    0.72185    0.72275    0.74466    0.74686
 kpt# 137, nband= 48, wtk=  1.00000, kpt=  0.4167 -0.3333  0.1250 (reduced coord)
  -2.85352   -2.66494   -1.70772   -1.70555   -1.70548   -1.52297   -1.52071   -1.52062
  -0.76395   -0.76208   -0.75389   -0.75279   -0.15097   -0.14677   -0.12308   -0.10732
  -0.08958   -0.08676   -0.08166   -0.07719   -0.07335   -0.06627   -0.05698   -0.04880
   0.01325    0.01777    0.02746    0.05622    0.06980    0.25213    0.26795    0.26829
   0.26913    0.29902    0.31825    0.34204    0.37624    0.41144    0.55200    0.57194
   0.58618    0.59838    0.61841    0.66024    0.71880    0.72116    0.74506    0.75083
 kpt# 138, nband= 48, wtk=  1.00000, kpt=  0.4111 -0.3222  0.1333 (reduced coord)
  -2.85352   -2.66493   -1.70772   -1.70555   -1.70550   -1.52296   -1.52071   -1.52064
  -0.76401   -0.76192   -0.75383   -0.75277   -0.15045   -0.14642   -0.12307   -0.10811
  -0.09076   -0.08756   -0.08136   -0.07767   -0.07350   -0.06611   -0.05665   -0.04822
   0.01364    0.01795    0.02718    0.05662    0.06931    0.25254    0.26773    0.26802
   0.26969    0.29844    0.31709    0.34284    0.37899    0.41584    0.54809    0.56865
   0.58544    0.59698    0.61731    0.65843    0.71471    0.72007    0.74529    0.75517
 kpt# 139, nband= 48, wtk=  1.00000, kpt=  0.4056 -0.3111  0.1417 (reduced coord)
  -2.85352   -2.66493   -1.70772   -1.70555   -1.70552   -1.52296   -1.52071   -1.52066
  -0.76407   -0.76174   -0.75378   -0.75275   -0.15000   -0.14595   -0.12301   -0.10886
  -0.09214   -0.08831   -0.08112   -0.07812   -0.07376   -0.06578   -0.05631   -0.04766
   0.01402    0.01814    0.02689    0.05699    0.06881    0.25297    0.26749    0.26771
   0.27030    0.29789    0.31602    0.34377    0.38183    0.42032    0.54413    0.56534
   0.58463    0.59542    0.61635    0.65671    0.71043    0.71886    0.74537    0.75968
 kpt# 140, nband= 48, wtk=  1.00000, kpt=  0.4000 -0.3000  0.1500 (reduced coord)
  -2.85352   -2.66493   -1.70771   -1.70555   -1.70553   -1.52296   -1.52071   -1.52068
  -0.76414   -0.76154   -0.75374   -0.75273   -0.14961   -0.14537   -0.12292   -0.10957
  -0.09364   -0.08908   -0.08095   -0.07854   -0.07411   -0.06530   -0.05598   -0.04711
   0.01438    0.01834    0.02660    0.05733    0.06829    0.25341    0.26724    0.26741
   0.27092    0.29737    0.31503    0.34485    0.38478    0.42486    0.54014    0.56204
   0.58377    0.59374    0.61545    0.65512    0.70602    0.71762    0.74528    0.76425
 kpt# 141, nband= 48, wtk=  1.00000, kpt=  0.3944 -0.2889  0.1583 (reduced coord)
  -2.85352   -2.66493   -1.70771   -1.70555   -1.70555   -1.52295   -1.52071   -1.52071
  -0.76421   -0.76134   -0.75370   -0.75271   -0.14929   -0.14467   -0.12278   -0.11023
  -0.09523   -0.08987   -0.08088   -0.07889   -0.07454   -0.06473   -0.05565   -0.04660
   0.01474    0.01854    0.02631    0.05762    0.06777    0.25386    0.26698    0.26710
   0.27157    0.29687    0.31412    0.34608    0.38782    0.42947    0.53612    0.55879
   0.58284    0.59197    0.61449    0.65373    0.70149    0.71642    0.74498    0.76880
 kpt# 142, nband= 48, wtk=  1.00000, kpt=  0.3889 -0.2778  0.1667 (reduced coord)
  -2.85351   -2.66493   -1.70771   -1.70557   -1.70555   -1.52295   -1.52074   -1.52071
  -0.76427   -0.76112   -0.75367   -0.75269   -0.14901   -0.14388   -0.12260   -0.11086
  -0.09686   -0.09070   -0.08093   -0.07915   -0.07502   -0.06409   -0.05534   -0.04611
   0.01507    0.01874    0.02602    0.05788    0.06724    0.25432    0.26670    0.26681
   0.27223    0.29642    0.31329    0.34746    0.39095    0.43413    0.53210    0.55559
   0.58186    0.59014    0.61339    0.65257    0.69687    0.71531    0.74444    0.77328
 kpt# 143, nband= 48, wtk=  1.00000, kpt=  0.3833 -0.2667  0.1750 (reduced coord)
  -2.85351   -2.66493   -1.70771   -1.70559   -1.70555   -1.52294   -1.52076   -1.52071
  -0.76432   -0.76090   -0.75364   -0.75267   -0.14877   -0.14301   -0.12239   -0.11144
  -0.09852   -0.09156   -0.08110   -0.07931   -0.07554   -0.06342   -0.05503   -0.04566
   0.01538    0.01895    0.02574    0.05807    0.06673    0.25479    0.26640    0.26653
   0.27292    0.29601    0.31253    0.34899    0.39418    0.43883    0.52808    0.55248
   0.58083    0.58826    0.61209    0.65167    0.69219    0.71433    0.74361    0.77764
 kpt# 144, nband= 48, wtk=  1.00000, kpt=  0.3778 -0.2556  0.1833 (reduced coord)
  -2.85351   -2.66493   -1.70770   -1.70561   -1.70555   -1.52294   -1.52079   -1.52070
  -0.76437   -0.76067   -0.75363   -0.75265   -0.14854   -0.14208   -0.12215   -0.11197
  -0.10019   -0.09244   -0.08139   -0.07937   -0.07610   -0.06275   -0.05472   -0.04525
   0.01566    0.01915    0.02547    0.05819    0.06626    0.25527    0.26608    0.26626
   0.27362    0.29566    0.31183    0.35067    0.39749    0.44356    0.52408    0.54946
   0.57975    0.58634    0.61056    0.65104    0.68746    0.71349    0.74248    0.78180
 kpt# 145, nband= 48, wtk=  1.00000, kpt=  0.3722 -0.2444  0.1917 (reduced coord)
  -2.85351   -2.66493   -1.70770   -1.70562   -1.70554   -1.52293   -1.52082   -1.52070
  -0.76441   -0.76044   -0.75362   -0.75264   -0.14831   -0.14110   -0.12187   -0.11247
  -0.10186   -0.09333   -0.08174   -0.07939   -0.07666   -0.06210   -0.05444   -0.04488
   0.01592    0.01935    0.02522    0.05824    0.06582    0.25576    0.26577    0.26600
   0.27435    0.29536    0.31118    0.35250    0.40090    0.44830    0.52011    0.54657
   0.57864    0.58438    0.60880    0.65069    0.68270    0.71282    0.74103    0.78570
 kpt# 146, nband= 48, wtk=  1.00000, kpt=  0.3667 -0.2333  0.2000 (reduced coord)
  -2.85351   -2.66492   -1.70770   -1.70564   -1.70554   -1.52292   -1.52085   -1.52070
  -0.76444   -0.76020   -0.75362   -0.75262   -0.14808   -0.14009   -0.12158   -0.11292
  -0.10351   -0.09423   -0.08212   -0.07940   -0.07724   -0.06149   -0.05417   -0.04455
   0.01615    0.01954    0.02499    0.05819    0.06545    0.25625    0.26547    0.26573
   0.27509    0.29513    0.31057    0.35447    0.40439    0.45303    0.51619    0.54380
   0.57749    0.58238    0.60682    0.65058    0.67791    0.71233    0.73923    0.78930
 kpt# 147, nband= 48, wtk=  1.00000, kpt=  0.3611 -0.2222  0.2083 (reduced coord)
  -2.85351   -2.66492   -1.70769   -1.70566   -1.70554   -1.52292   -1.52087   -1.52070
  -0.76445   -0.75996   -0.75362   -0.75261   -0.14783   -0.13905   -0.12126   -0.11335
  -0.10513   -0.09514   -0.08252   -0.07940   -0.07781   -0.06093   -0.05391   -0.04428
   0.01635    0.01971    0.02479    0.05804    0.06516    0.25674    0.26517    0.26546
   0.27585    0.29497    0.31001    0.35659    0.40797    0.45772    0.51234    0.54118
   0.57632    0.58031    0.60468    0.65067    0.67313    0.71201    0.73708    0.79247
 kpt# 148, nband= 48, wtk=  1.00000, kpt=  0.3556 -0.2111  0.2167 (reduced coord)
  -2.85351   -2.66492   -1.70769   -1.70569   -1.70554   -1.52291   -1.52090   -1.52070
  -0.76446   -0.75972   -0.75363   -0.75260   -0.14757   -0.13799   -0.12092   -0.11376
  -0.10671   -0.09603   -0.08291   -0.07942   -0.07837   -0.06043   -0.05368   -0.04405
   0.01652    0.01985    0.02462    0.05781    0.06494    0.25724    0.26488    0.26520
   0.27662    0.29490    0.30948    0.35885    0.41163    0.46231    0.50860    0.53872
   0.57513    0.57818    0.60244    0.65091    0.66836    0.71187    0.73459    0.79522
 kpt# 149, nband= 48, wtk=  1.00000, kpt=  0.3500 -0.2000  0.2250 (reduced coord)
  -2.85351   -2.66492   -1.70769   -1.70571   -1.70554   -1.52291   -1.52093   -1.52069
  -0.76446   -0.75948   -0.75365   -0.75259   -0.14729   -0.13693   -0.12058   -0.11415
  -0.10822   -0.09691   -0.08330   -0.07949   -0.07889   -0.06000   -0.05347   -0.04388
   0.01666    0.01997    0.02449    0.05748    0.06480    0.25773    0.26460    0.26493
   0.27740    0.29492    0.30898    0.36125    0.41536    0.46673    0.50503    0.53645
   0.57391    0.57599    0.60014    0.65122    0.66363    0.71191    0.73177    0.79745
 kpt# 150, nband= 48, wtk=  1.00000, kpt=  0.3444 -0.1889  0.2333 (reduced coord)
  -2.85351   -2.66492   -1.70768   -1.70573   -1.70554   -1.52290   -1.52096   -1.52069
  -0.76444   -0.75924   -0.75368   -0.75258   -0.14698   -0.13586   -0.12024   -0.11457
  -0.10962   -0.09776   -0.08367   -0.07974   -0.07922   -0.05964   -0.05330   -0.04376
   0.01676    0.02005    0.02441    0.05708    0.06474    0.25822    0.26433    0.26467
   0.27818    0.29506    0.30851    0.36377    0.41915    0.47083    0.50177    0.53437
   0.57254    0.57383    0.59786    0.65147    0.65906    0.71210    0.72866    0.79913
 kpt# 151, nband= 48, wtk=  1.00000, kpt=  0.3389 -0.1778  0.2417 (reduced coord)
  -2.85350   -2.66492   -1.70768   -1.70575   -1.70554   -1.52290   -1.52099   -1.52069
  -0.76442   -0.75900   -0.75372   -0.75258   -0.14665   -0.13479   -0.11992   -0.11504
  -0.11087   -0.09857   -0.08404   -0.08021   -0.07932   -0.05936   -0.05315   -0.04370
   0.01684    0.02009    0.02438    0.05663    0.06473    0.25871    0.26408    0.26441
   0.27895    0.29531    0.30805    0.36642    0.42301    0.47434    0.49904    0.53253
   0.57060    0.57215    0.59564    0.65101    0.65523    0.71244    0.72531    0.80026
 kpt# 152, nband= 48, wtk=  1.00000, kpt=  0.3333 -0.1667  0.2500 (reduced coord)
  -2.85350   -2.66492   -1.70768   -1.70577   -1.70554   -1.52289   -1.52102   -1.52069
  -0.76438   -0.75876   -0.75376   -0.75257   -0.14629   -0.13374   -0.11964   -0.11563
  -0.11190   -0.09935   -0.08439   -0.08072   -0.07937   -0.05916   -0.05305   -0.04369
   0.01688    0.02009    0.02440    0.05615    0.06476    0.25919    0.26383    0.26415
   0.27970    0.29571    0.30762    0.36918    0.42691    0.47679    0.49728    0.53096
   0.56810    0.57093    0.59353    0.64801    0.65397    0.71285    0.72179    0.80073
 kpt# 153, nband= 48, wtk=  1.00000, kpt=  0.1667  0.3333  0.2500 (reduced coord)
  -2.85350   -2.66492   -1.70767   -1.70577   -1.70554   -1.52289   -1.52102   -1.52069
  -0.76470   -0.75782   -0.75412   -0.75285   -0.14460   -0.12778   -0.12385   -0.11377
  -0.10755   -0.10455   -0.09016   -0.08271   -0.07991   -0.05834   -0.05257   -0.04495
   0.01599    0.02050    0.02209    0.05969    0.07066    0.26006    0.26414    0.26527
   0.26722    0.30077    0.31153    0.36960    0.42745    0.46922    0.50009    0.53235
   0.56718    0.57482    0.59702    0.63652    0.64550    0.70904    0.74046    0.79830
 kpt# 154, nband= 48, wtk=  1.00000, kpt=  0.1778  0.3389  0.2417 (reduced coord)
  -2.85350   -2.66492   -1.70768   -1.70575   -1.70554   -1.52290   -1.52099   -1.52069
  -0.76477   -0.75802   -0.75413   -0.75281   -0.14522   -0.12830   -0.12411   -0.11367
  -0.10639   -0.10357   -0.09007   -0.08236   -0.07982   -0.05839   -0.05239   -0.04521
   0.01592    0.02087    0.02174    0.06034    0.07051    0.25963    0.26442    0.26553
   0.26666    0.30031    0.31163    0.36703    0.42340    0.46748    0.50121    0.53375
   0.57000    0.57599    0.59882    0.64022    0.64610    0.70890    0.74338    0.79929
 kpt# 155, nband= 48, wtk=  1.00000, kpt=  0.1889  0.3444  0.2333 (reduced coord)
  -2.85351   -2.66492   -1.70768   -1.70573   -1.70554   -1.52290   -1.52096   -1.52069
  -0.76482   -0.75822   -0.75414   -0.75277   -0.14582   -0.12893   -0.12440   -0.11348
  -0.10515   -0.10251   -0.08999   -0.08204   -0.07966   -0.05850   -0.05225   -0.04553
   0.01584    0.02124    0.02142    0.06100    0.07030    0.25919    0.26470    0.26575
   0.26630    0.29980    0.31177    0.36460    0.41941    0.46484    0.50312    0.53538
   0.57246    0.57757    0.60067    0.64251    0.64810    0.70882    0.74604    0.80003
 kpt# 156, nband= 48, wtk=  1.00000, kpt=  0.2000  0.3500  0.2250 (reduced coord)
  -2.85351   -2.66492   -1.70769   -1.70571   -1.70554   -1.52291   -1.52093   -1.52069
  -0.76487   -0.75843   -0.75416   -0.75274   -0.14643   -0.12966   -0.12469   -0.11322
  -0.10385   -0.10138   -0.08989   -0.08175   -0.07942   -0.05868   -0.05215   -0.04591
   0.01573    0.02106    0.02169    0.06165    0.07001    0.25875    0.26498    0.26576
   0.26628    0.29925    0.31195    0.36231    0.41551    0.46154    0.50563    0.53718
   0.57432    0.57976    0.60256    0.64327    0.65166    0.70885    0.74839    0.80040
 kpt# 157, nband= 48, wtk=  1.00000, kpt=  0.2111  0.3556  0.2167 (reduced coord)
  -2.85351   -2.66492   -1.70769   -1.70569   -1.70554   -1.52291   -1.52090   -1.52070
  -0.76490   -0.75864   -0.75418   -0.75270   -0.14702   -0.13049   -0.12496   -0.11287
  -0.10248   -0.10020   -0.08980   -0.08149   -0.07909   -0.05892   -0.05210   -0.04634
   0.01561    0.02075    0.02211    0.06229    0.06965    0.25828    0.26526    0.26568
   0.26649    0.29867    0.31217    0.36018    0.41170    0.45778    0.50860    0.53911
   0.57566    0.58246    0.60446    0.64347    0.65578    0.70900    0.75039    0.80045
 kpt# 158, nband= 48, wtk=  1.00000, kpt=  0.2222  0.3611  0.2083 (reduced coord)
  -2.85351   -2.66492   -1.70769   -1.70566   -1.70554   -1.52292   -1.52087   -1.52070
  -0.76493   -0.75885   -0.75420   -0.75268   -0.14760   -0.13140   -0.12517   -0.11246
  -0.10108   -0.09899   -0.08971   -0.08127   -0.07868   -0.05922   -0.05209   -0.04682
   0.01546    0.02045    0.02255    0.06292    0.06923    0.25781    0.26554    0.26568
   0.26675    0.29809    0.31241    0.35819    0.40799    0.45370    0.51189    0.54116
   0.57670    0.58539    0.60637    0.64355    0.66008    0.70931    0.75205    0.80035
 kpt# 159, nband= 48, wtk=  1.00000, kpt=  0.2333  0.3667  0.2000 (reduced coord)
  -2.85351   -2.66492   -1.70770   -1.70564   -1.70554   -1.52292   -1.52085   -1.52070
  -0.76494   -0.75907   -0.75422   -0.75265   -0.14818   -0.13237   -0.12533   -0.11200
  -0.09966   -0.09775   -0.08962   -0.08106   -0.07820   -0.05958   -0.05215   -0.04732
   0.01530    0.02016    0.02300    0.06353    0.06874    0.25734    0.26576    0.26582
   0.26701    0.29752    0.31267    0.35636    0.40439    0.44942    0.51544    0.54330
   0.57761    0.58838    0.60828    0.64362    0.66443    0.70977    0.75335    0.79936
 kpt# 160, nband= 48, wtk=  1.00000, kpt=  0.2444  0.3722  0.1917 (reduced coord)
  -2.85351   -2.66493   -1.70770   -1.70562   -1.70554   -1.52293   -1.52082   -1.52070
  -0.76495   -0.75928   -0.75424   -0.75264   -0.14873   -0.13339   -0.12543   -0.11149
  -0.09824   -0.09647   -0.08953   -0.08084   -0.07766   -0.06000   -0.05229   -0.04784
   0.01511    0.01989    0.02345    0.06410    0.06822    0.25685    0.26594    0.26610
   0.26728    0.29697    0.31296    0.35467    0.40091    0.44500    0.51919    0.54552
   0.57845    0.59133    0.61018    0.64375    0.66880    0.71040    0.75430    0.79812
 kpt# 161, nband= 48, wtk=  1.00000, kpt=  0.2556  0.3778  0.1833 (reduced coord)
  -2.85351   -2.66493   -1.70770   -1.70561   -1.70555   -1.52294   -1.52079   -1.52070
  -0.76494   -0.75950   -0.75426   -0.75262   -0.14928   -0.13443   -0.12547   -0.11095
  -0.09687   -0.09515   -0.08945   -0.08062   -0.07709   -0.06047   -0.05252   -0.04834
   0.01490    0.01963    0.02390    0.06458    0.06771    0.25637    0.26618    0.26637
   0.26754    0.29648    0.31328    0.35313    0.39756    0.44049    0.52310    0.54780
   0.57924    0.59417    0.61206    0.64398    0.67316    0.71118    0.75493    0.79663
 kpt# 162, nband= 48, wtk=  1.00000, kpt=  0.2667  0.3833  0.1750 (reduced coord)
  -2.85351   -2.66493   -1.70770   -1.70559   -1.70555   -1.52294   -1.52076   -1.52070
  -0.76493   -0.75971   -0.75429   -0.75261   -0.14981   -0.13548   -0.12546   -0.11038
  -0.09557   -0.09377   -0.08936   -0.08036   -0.07648   -0.06097   -0.05285   -0.04881
   0.01467    0.01939    0.02436    0.06487    0.06731    0.25588    0.26646    0.26663
   0.26779    0.29607    0.31362    0.35172    0.39434    0.43593    0.52714    0.55013
   0.57999    0.59683    0.61392    0.64435    0.67752    0.71211    0.75526    0.79452
 kpt# 163, nband= 48, wtk=  1.00000, kpt=  0.2778  0.3889  0.1667 (reduced coord)
  -2.85351   -2.66493   -1.70771   -1.70557   -1.70555   -1.52295   -1.52074   -1.52071
  -0.76491   -0.75992   -0.75431   -0.75261   -0.15033   -0.13653   -0.12540   -0.10977
  -0.09438   -0.09234   -0.08925   -0.08008   -0.07586   -0.06150   -0.05331   -0.04923
   0.01442    0.01915    0.02481    0.06478    0.06722    0.25540    0.26675    0.26690
   0.26804    0.29577    0.31399    0.35045    0.39126    0.43135    0.53130    0.55251
   0.58072    0.59926    0.61579    0.64489    0.68184    0.71315    0.75530    0.79215
 kpt# 164, nband= 48, wtk=  1.00000, kpt=  0.2889  0.3944  0.1583 (reduced coord)
  -2.85352   -2.66493   -1.70771   -1.70555   -1.70555   -1.52295   -1.52071   -1.52071
  -0.76488   -0.76013   -0.75433   -0.75261   -0.15083   -0.13756   -0.12529   -0.10915
  -0.09330   -0.09090   -0.08909   -0.07976   -0.07522   -0.06205   -0.05388   -0.04959
   0.01415    0.01893    0.02525    0.06429    0.06747    0.25492    0.26702    0.26715
   0.26827    0.29561    0.31440    0.34929    0.38831    0.42677    0.53556    0.55492
   0.58142    0.60142    0.61767    0.64563    0.68612    0.71428    0.75510    0.78958
 kpt# 165, nband= 48, wtk=  1.00000, kpt=  0.3000  0.4000  0.1500 (reduced coord)
  -2.85352   -2.66493   -1.70771   -1.70555   -1.70553   -1.52296   -1.52071   -1.52068
  -0.76485   -0.76033   -0.75436   -0.75262   -0.15132   -0.13857   -0.12514   -0.10849
  -0.09238   -0.08960   -0.08872   -0.07942   -0.07457   -0.06261   -0.05456   -0.04991
   0.01386    0.01871    0.02568    0.06357    0.06789    0.25444    0.26724    0.26740
   0.26849    0.29561    0.31485    0.34825    0.38550    0.42220    0.53991    0.55737
   0.58209    0.60326    0.61958    0.64660    0.69033    0.71548    0.75466    0.78682
 kpt# 166, nband= 48, wtk=  1.00000, kpt=  0.3111  0.4056  0.1417 (reduced coord)
  -2.85352   -2.66493   -1.70772   -1.70555   -1.70552   -1.52296   -1.52071   -1.52066
  -0.76481   -0.76053   -0.75438   -0.75263   -0.15179   -0.13954   -0.12495   -0.10781
  -0.09165   -0.08891   -0.08766   -0.07904   -0.07393   -0.06314   -0.05531   -0.05020
   0.01356    0.01851    0.02610    0.06274    0.06837    0.25397    0.26740    0.26763
   0.26870    0.29577    0.31536    0.34732    0.38284    0.41766    0.54431    0.55984
   0.58274    0.60477    0.62151    0.64782    0.69443    0.71669    0.75402    0.78380
 kpt# 167, nband= 48, wtk=  1.00000, kpt=  0.3222  0.4111  0.1333 (reduced coord)
  -2.85352   -2.66493   -1.70772   -1.70555   -1.70550   -1.52297   -1.52071   -1.52064
  -0.76477   -0.76071   -0.75440   -0.75264   -0.15225   -0.14047   -0.12473   -0.10711
  -0.09116   -0.08843   -0.08629   -0.07864   -0.07331   -0.06364   -0.05611   -0.05046
   0.01325    0.01831    0.02651    0.06184    0.06887    0.25351    0.26748    0.26786
   0.26890    0.29612    0.31593    0.34648    0.38033    0.41315    0.54876    0.56233
   0.58336    0.60596    0.62348    0.64928    0.69839    0.71789    0.75320    0.79684
 kpt# 168, nband= 48, wtk=  1.00000, kpt=  0.3333  0.4167  0.1250 (reduced coord)
  -2.85352   -2.66494   -1.70772   -1.70555   -1.70548   -1.52297   -1.52071   -1.52062
  -0.76472   -0.76090   -0.75443   -0.75266   -0.15269   -0.14135   -0.12448   -0.10638
  -0.09088   -0.08789   -0.08493   -0.07822   -0.07271   -0.06407   -0.05693   -0.05073
   0.01292    0.01812    0.02690    0.06092    0.06936    0.25306    0.26745    0.26808
   0.26910    0.29664    0.31657    0.34573    0.37796    0.40869    0.55322    0.56486
   0.58394    0.60684    0.62547    0.65099    0.70213    0.71905    0.75220    0.77754
 kpt# 169, nband= 48, wtk=  1.00000, kpt=  0.3444  0.4222  0.1167 (reduced coord)
  -2.85352   -2.66494   -1.70772   -1.70556   -1.70547   -1.52297   -1.52072   -1.52059
  -0.76467   -0.76107   -0.75445   -0.75268   -0.15311   -0.14218   -0.12421   -0.10562
  -0.09074   -0.08733   -0.08364   -0.07777   -0.07216   -0.06442   -0.05775   -0.05100
   0.01259    0.01794    0.02727    0.05998    0.06983    0.25261    0.26734    0.26829
   0.26929    0.29731    0.31732    0.34506    0.37574    0.40428    0.55764    0.56742
   0.58450    0.60746    0.62745    0.65292    0.70552    0.72020    0.75103    0.77440
 kpt# 170, nband= 48, wtk=  1.00000, kpt=  0.3556  0.4278  0.1083 (reduced coord)
  -2.85352   -2.66494   -1.70773   -1.70556   -1.70546   -1.52298   -1.52072   -1.52057
  -0.76462   -0.76123   -0.75447   -0.75271   -0.15352   -0.14296   -0.12392   -0.10484
  -0.09069   -0.08682   -0.08245   -0.07729   -0.07167   -0.06464   -0.05854   -0.05128
   0.01225    0.01776    0.02762    0.05903    0.07029    0.25217    0.26714    0.26849
   0.26948    0.29811    0.31819    0.34445    0.37366    0.39994    0.56196    0.57005
   0.58502    0.60788    0.62943    0.65505    0.70839    0.72139    0.74966    0.77118
 kpt# 171, nband= 48, wtk=  1.00000, kpt=  0.3667  0.4333  0.1000 (reduced coord)
  -2.85352   -2.66494   -1.70773   -1.70556   -1.70544   -1.52298   -1.52072   -1.52056
  -0.76457   -0.76138   -0.75449   -0.75273   -0.15391   -0.14368   -0.12361   -0.10402
  -0.09070   -0.08641   -0.08138   -0.07678   -0.07126   -0.06473   -0.05927   -0.05158
   0.01191    0.01759    0.02795    0.05810    0.07072    0.25175    0.26688    0.26867
   0.26966    0.29898    0.31919    0.34391    0.37173    0.39566    0.56606    0.57282
   0.58551    0.60812    0.63140    0.65735    0.71046    0.72274    0.74806    0.76806
 kpt# 172, nband= 48, wtk=  1.00000, kpt=  0.3778  0.4389  0.0917 (reduced coord)
  -2.85352   -2.66494   -1.70773   -1.70556   -1.70543   -1.52298   -1.52072   -1.52054
  -0.76452   -0.76152   -0.75450   -0.75276   -0.15428   -0.14434   -0.12330   -0.10319
  -0.09073   -0.08613   -0.08045   -0.07624   -0.07096   -0.06467   -0.05992   -0.05189
   0.01157    0.01742    0.02826    0.05719    0.07113    0.25134    0.26657    0.26885
   0.26984    0.29990    0.32036    0.34343    0.36993    0.39148    0.56977    0.57583
   0.58599    0.60825    0.63338    0.65977    0.71153    0.72437    0.74615    0.76488
 kpt# 173, nband= 48, wtk=  1.00000, kpt=  0.3889  0.4444  0.0833 (reduced coord)
  -2.85352   -2.66494   -1.70773   -1.70556   -1.70542   -1.52299   -1.52072   -1.52052
  -0.76447   -0.76165   -0.75452   -0.75278   -0.15462   -0.14495   -0.12298   -0.10232
  -0.09078   -0.08602   -0.07965   -0.07568   -0.07075   -0.06447   -0.06046   -0.05223
   0.01123    0.01727    0.02854    0.05632    0.07150    0.25095    0.26623    0.26901
   0.27000    0.30082    0.32171    0.34299    0.36826    0.38740    0.57295    0.57913
   0.58649    0.60829    0.63539    0.66227    0.71154    0.72619    0.74383    0.76223
 kpt# 174, nband= 48, wtk=  1.00000, kpt=  0.4000  0.4500  0.0750 (reduced coord)
  -2.85352   -2.66494   -1.70773   -1.70556   -1.70541   -1.52299   -1.52072   -1.52051
  -0.76443   -0.76177   -0.75454   -0.75281   -0.15495   -0.14549   -0.12266   -0.10143
  -0.09083   -0.08607   -0.07897   -0.07512   -0.07066   -0.06414   -0.06086   -0.05258
   0.01091    0.01712    0.02880    0.05549    0.07185    0.25058    0.26588    0.26915
   0.27014    0.30169    0.32327    0.34260    0.36670    0.38343    0.57563    0.58250
   0.58713    0.60827    0.63746    0.66477    0.71063    0.72799    0.74104    0.76011
 kpt# 175, nband= 48, wtk=  1.00000, kpt=  0.4111  0.4556  0.0667 (reduced coord)
  -2.85352   -2.66494   -1.70773   -1.70556   -1.70540   -1.52299   -1.52072   -1.52050
  -0.76439   -0.76188   -0.75455   -0.75284   -0.15524   -0.14597   -0.12236   -0.10052
  -0.09089   -0.08629   -0.07839   -0.07459   -0.07065   -0.06374   -0.06111   -0.05295
   0.01060    0.01698    0.02903    0.05472    0.07216    0.25023    0.26554    0.26929
   0.27028    0.30250    0.32503    0.34226    0.36521    0.37963    0.57790    0.58515
   0.58852    0.60821    0.63964    0.66720    0.70899    0.72956    0.73784    0.75713
 kpt# 176, nband= 48, wtk=  1.00000, kpt=  0.4222  0.4611  0.0583 (reduced coord)
  -2.85352   -2.66494   -1.70774   -1.70556   -1.70539   -1.52299   -1.52072   -1.52048
  -0.76435   -0.76197   -0.75456   -0.75286   -0.15551   -0.14640   -0.12207   -0.09959
  -0.09095   -0.08667   -0.07789   -0.07410   -0.07073   -0.06329   -0.06121   -0.05333
   0.01032    0.01685    0.02924    0.05401    0.07244    0.24992    0.26522    0.26940
   0.27040    0.30321    0.32700    0.34196    0.36376    0.37604    0.57987    0.58629
   0.59126    0.60814    0.64197    0.66946    0.70685    0.73073    0.73439    0.75535
 kpt# 177, nband= 48, wtk=  1.00000, kpt=  0.4333  0.4667  0.0500 (reduced coord)
  -2.85352   -2.66494   -1.70774   -1.70556   -1.70539   -1.52300   -1.52072   -1.52047
  -0.76432   -0.76205   -0.75457   -0.75289   -0.15575   -0.14676   -0.12181   -0.09865
  -0.09100   -0.08718   -0.07746   -0.07367   -0.07087   -0.06284   -0.06118   -0.05372
   0.01006    0.01674    0.02942    0.05338    0.07269    0.24963    0.26492    0.26951
   0.27051    0.30383    0.32917    0.34169    0.36223    0.37277    0.58158    0.58677
   0.59438    0.60807    0.64449    0.67138    0.70446    0.73039    0.73193    0.75382
 kpt# 178, nband= 48, wtk=  1.00000, kpt=  0.4444  0.4722  0.0417 (reduced coord)
  -2.85352   -2.66494   -1.70774   -1.70556   -1.70538   -1.52300   -1.52072   -1.52047
  -0.76429   -0.76211   -0.75458   -0.75291   -0.15596   -0.14707   -0.12157   -0.09769
  -0.09105   -0.08781   -0.07710   -0.07330   -0.07105   -0.06240   -0.06104   -0.05410
   0.00982    0.01664    0.02957    0.05283    0.07289    0.24938    0.26466    0.26959
   0.27060    0.30434    0.33151    0.34147    0.36051    0.36995    0.58303    0.58706
   0.59729    0.60800    0.64724    0.67275    0.70213    0.72705    0.73217    0.75271
 kpt# 179, nband= 48, wtk=  1.00000, kpt=  0.4556  0.4778  0.0333 (reduced coord)
  -2.85352   -2.66494   -1.70774   -1.70556   -1.70538   -1.52300   -1.52072   -1.52046
  -0.76427   -0.76217   -0.75459   -0.75292   -0.15613   -0.14732   -0.12137   -0.09674
  -0.09108   -0.08852   -0.07680   -0.07300   -0.07124   -0.06199   -0.06084   -0.05446
   0.00963    0.01655    0.02970    0.05237    0.07306    0.24917    0.26444    0.26966
   0.27067    0.30475    0.33399    0.34129    0.35846    0.36776    0.58421    0.58728
   0.59980    0.60795    0.65024    0.67325    0.70024    0.72373    0.73230    0.75187
 kpt# 180, nband= 48, wtk=  1.00000, kpt=  0.4667  0.4833  0.0250 (reduced coord)
  -2.85352   -2.66494   -1.70774   -1.70556   -1.70537   -1.52300   -1.52072   -1.52045
  -0.76425   -0.76221   -0.75460   -0.75294   -0.15627   -0.14751   -0.12121   -0.09580
  -0.09112   -0.08928   -0.07656   -0.07276   -0.07142   -0.06164   -0.06063   -0.05479
   0.00947    0.01648    0.02979    0.05201    0.07320    0.24900    0.26427    0.26972
   0.27073    0.30506    0.33655    0.34114    0.35606    0.36622    0.58512    0.58746
   0.60180    0.60792    0.65347    0.67266    0.69910    0.72075    0.73227    0.75122
 kpt# 181, nband= 48, wtk=  1.00000, kpt=  0.4778  0.4889  0.0167 (reduced coord)
  -2.85352   -2.66494   -1.70774   -1.70556   -1.70537   -1.52300   -1.52072   -1.52045
  -0.76424   -0.76224   -0.75460   -0.75295   -0.15636   -0.14765   -0.12109   -0.09493
  -0.09114   -0.09003   -0.07639   -0.07259   -0.07156   -0.06136   -0.06044   -0.05505
   0.00935    0.01643    0.02986    0.05175    0.07330    0.24888    0.26414    0.26976
   0.27077    0.30528    0.33909    0.34104    0.35352    0.36526    0.58575    0.58762
   0.60325    0.60792    0.65684    0.67096    0.69872    0.71830    0.73217    0.75084
 kpt# 182, nband= 48, wtk=  1.00000, kpt=  0.4889  0.4944  0.0083 (reduced coord)
  -2.85352   -2.66494   -1.70774   -1.70556   -1.70537   -1.52300   -1.52072   -1.52045
  -0.76423   -0.76226   -0.75461   -0.75295   -0.15642   -0.14773   -0.12101   -0.09421
  -0.09115   -0.09068   -0.07629   -0.07249   -0.07165   -0.06118   -0.06032   -0.05523
   0.00928    0.01640    0.02990    0.05159    0.07336    0.24881    0.26406    0.26978
   0.27080    0.30541    0.34096    0.34135    0.35124    0.36473    0.58610    0.58774
   0.60412    0.60792    0.66012    0.66855    0.69880    0.71664    0.73208    0.75055
 kpt# 183, nband= 48, wtk=  1.00000, kpt=  0.5000  0.5000  0.0000 (reduced coord)
  -2.85352   -2.66494   -1.70774   -1.70556   -1.70537   -1.52300   -1.52072   -1.52045
  -0.76423   -0.76226   -0.75461   -0.75296   -0.15644   -0.14776   -0.12099   -0.09389
  -0.09116   -0.09097   -0.07625   -0.07245   -0.07168   -0.06112   -0.06027   -0.05529
   0.00926    0.01639    0.02992    0.05154    0.07338    0.24878    0.26404    0.26979
   0.27081    0.30546    0.34095    0.34239    0.35016    0.36457    0.58622    0.58778
   0.60441    0.60793    0.66204    0.66688    0.69890    0.71604    0.73204    0.75047
 kpt# 184, nband= 48, wtk=  1.00000, kpt=  0.4833  0.4833  0.0000 (reduced coord)
  -2.85352   -2.66494   -1.70774   -1.70556   -1.70537   -1.52300   -1.52072   -1.52045
  -0.76425   -0.76225   -0.75460   -0.75295   -0.15641   -0.14767   -0.12099   -0.09394
  -0.09132   -0.09098   -0.07620   -0.07251   -0.07157   -0.06128   -0.06045   -0.05508
   0.00927    0.01641    0.02990    0.05170    0.07338    0.24879    0.26403    0.26979
   0.27081    0.30545    0.33894    0.34104    0.35330    0.36499    0.58600    0.58747
   0.60367    0.60784    0.66202    0.66765    0.69938    0.71597    0.73224    0.75072
 kpt# 185, nband= 48, wtk=  1.00000, kpt=  0.4667  0.4667  0.0000 (reduced coord)
  -2.85352   -2.66494   -1.70774   -1.70556   -1.70537   -1.52300   -1.52072   -1.52045
  -0.76433   -0.76220   -0.75459   -0.75292   -0.15632   -0.14739   -0.12098   -0.09409
  -0.09181   -0.09101   -0.07606   -0.07266   -0.07128   -0.06167   -0.06096   -0.05451
   0.00931    0.01646    0.02984    0.05217    0.07338    0.24882    0.26402    0.26977
   0.27081    0.30541    0.33321    0.34129    0.35766    0.36670    0.58534    0.58650
   0.60163    0.60757    0.66196    0.66986    0.70080    0.71578    0.73281    0.75129
 kpt# 186, nband= 48, wtk=  1.00000, kpt=  0.4500  0.4500  0.0000 (reduced coord)
  -2.85352   -2.66494   -1.70774   -1.70556   -1.70537   -1.52300   -1.52072   -1.52045
  -0.76446   -0.76213   -0.75458   -0.75288   -0.15618   -0.14690   -0.12096   -0.09435
  -0.09256   -0.09105   -0.07584   -0.07291   -0.07091   -0.06210   -0.06175   -0.05372
   0.00937    0.01654    0.02975    0.05294    0.07338    0.24886    0.26399    0.26975
   0.27081    0.30536    0.32720    0.34171    0.36036    0.37061    0.58421    0.58484
   0.59867    0.60719    0.66185    0.67324    0.70305    0.71547    0.73375    0.75229
 kpt# 187, nband= 48, wtk=  1.00000, kpt=  0.4333  0.4333  0.0000 (reduced coord)
  -2.85352   -2.66494   -1.70774   -1.70556   -1.70537   -1.52300   -1.52072   -1.52045
  -0.76465   -0.76201   -0.75456   -0.75283   -0.15603   -0.14621   -0.12094   -0.09475
  -0.09352   -0.09111   -0.07552   -0.07325   -0.07064   -0.06276   -0.06237   -0.05281
   0.00945    0.01664    0.02961    0.05396    0.07338    0.24891    0.26391    0.26972
   0.27082    0.30530    0.32122    0.34229    0.36166    0.37617    0.58237    0.58257
   0.59528    0.60677    0.66169    0.67752    0.70598    0.71506    0.73505    0.75373
 kpt# 188, nband= 48, wtk=  1.00000, kpt=  0.4167  0.4167  0.0000 (reduced coord)
  -2.85352   -2.66494   -1.70774   -1.70556   -1.70537   -1.52300   -1.52072   -1.52045
  -0.76489   -0.76186   -0.75453   -0.75276   -0.15587   -0.14528   -0.12091   -0.09533
  -0.09462   -0.09118   -0.07512   -0.07368   -0.07063   -0.06388   -0.06230   -0.05183
   0.00954    0.01677    0.02945    0.05518    0.07338    0.24895    0.26374    0.26968
   0.27082    0.30522    0.31540    0.34303    0.36248    0.38238    0.57899    0.58040
   0.59193    0.60638    0.66148    0.68247    0.70941    0.71456    0.73668    0.75552
 kpt# 189, nband= 48, wtk=  1.00000, kpt=  0.4000  0.4000  0.0000 (reduced coord)
  -2.85352   -2.66494   -1.70774   -1.70556   -1.70537   -1.52300   -1.52072   -1.52045
  -0.76518   -0.76167   -0.75450   -0.75269   -0.15575   -0.14411   -0.12088   -0.09613
  -0.09583   -0.09125   -0.07464   -0.07420   -0.07098   -0.06500   -0.06180   -0.05081
   0.00962    0.01692    0.02925    0.05654    0.07338    0.24899    0.26340    0.26964
   0.27083    0.30513    0.30987    0.34393    0.36317    0.38885    0.57474    0.57770
   0.58887    0.60607    0.66120    0.68793    0.71311    0.71398    0.73863    0.75772
 kpt# 190, nband= 48, wtk=  1.00000, kpt=  0.3833  0.3833  0.0000 (reduced coord)
  -2.85352   -2.66494   -1.70774   -1.70556   -1.70537   -1.52300   -1.52072   -1.52045
  -0.76552   -0.76144   -0.75447   -0.75261   -0.15566   -0.14271   -0.12084   -0.09718
  -0.09710   -0.09134   -0.07478   -0.07409   -0.07165   -0.06603   -0.06096   -0.04977
   0.00970    0.01707    0.02902    0.05799    0.07339    0.24900    0.26280    0.26959
   0.27083    0.30476    0.30503    0.34496    0.36387    0.39541    0.56983    0.57451
   0.58613    0.60587    0.66087    0.69376    0.71335    0.71686    0.74089    0.76360
 kpt# 191, nband= 48, wtk=  1.00000, kpt=  0.3667  0.3667  0.0000 (reduced coord)
  -2.85352   -2.66494   -1.70774   -1.70556   -1.70537   -1.52300   -1.52072   -1.52045
  -0.76590   -0.76117   -0.75443   -0.75253   -0.15563   -0.14110   -0.12079   -0.09849
  -0.09840   -0.09143   -0.07543   -0.07346   -0.07255   -0.06686   -0.05987   -0.04871
   0.00977    0.01722    0.02877    0.05948    0.07339    0.24899    0.26177    0.26955
   0.27084    0.30023    0.30493    0.34612    0.36463    0.40201    0.56452    0.57087
   0.58363    0.60579    0.66045    0.69986    0.71268    0.72045    0.74343    0.76278
 kpt# 192, nband= 48, wtk=  1.00000, kpt=  0.3500  0.3500  0.0000 (reduced coord)
  -2.85352   -2.66494   -1.70774   -1.70556   -1.70537   -1.52300   -1.52072   -1.52045
  -0.76632   -0.76088   -0.75438   -0.75245   -0.15566   -0.13929   -0.12074   -0.10007
  -0.09971   -0.09152   -0.07614   -0.07360   -0.07277   -0.06743   -0.05864   -0.04765
   0.00984    0.01737    0.02850    0.06094    0.07340    0.24893    0.26018    0.26950
   0.27085    0.29646    0.30483    0.34742    0.36546    0.40861    0.55903    0.56685
   0.58129    0.60582    0.65997    0.70601    0.71199    0.72376    0.74626    0.76149
 kpt# 193, nband= 48, wtk=  1.00000, kpt=  0.3333  0.3333  0.0000 (reduced coord)
  -2.85352   -2.66494   -1.70774   -1.70556   -1.70537   -1.52300   -1.52072   -1.52045
  -0.76676   -0.76055   -0.75433   -0.75237   -0.15575   -0.13733   -0.12069   -0.10187
  -0.10101   -0.09162   -0.07689   -0.07473   -0.07202   -0.06771   -0.05734   -0.04658
   0.00988    0.01751    0.02821    0.06233    0.07340    0.24881    0.25789    0.26946
   0.27086    0.29360    0.30474    0.34882    0.36638    0.41517    0.55354    0.56252
   0.57908    0.60592    0.65940    0.71129    0.71175    0.72692    0.74937    0.75900
 kpt# 194, nband= 48, wtk=  1.00000, kpt=  0.3167  0.3167  0.0000 (reduced coord)
  -2.85352   -2.66494   -1.70774   -1.70556   -1.70537   -1.52300   -1.52072   -1.52045
  -0.76722   -0.76020   -0.75428   -0.75229   -0.15591   -0.13526   -0.12064   -0.10382
  -0.10230   -0.09171   -0.07769   -0.07592   -0.07122   -0.06768   -0.05603   -0.04551
   0.00992    0.01763    0.02791    0.06360    0.07341    0.24856    0.25494    0.26941
   0.27087    0.29170    0.30465    0.35032    0.36739    0.42164    0.54818    0.55796
   0.57697    0.60610    0.65874    0.71060    0.71606    0.73067    0.75276    0.75715
 kpt# 195, nband= 48, wtk=  1.00000, kpt=  0.3000  0.3000  0.0000 (reduced coord)
  -2.85352   -2.66494   -1.70774   -1.70556   -1.70537   -1.52300   -1.52072   -1.52045
  -0.76770   -0.75983   -0.75423   -0.75222   -0.15613   -0.13317   -0.12058   -0.10580
  -0.10354   -0.09180   -0.07851   -0.07712   -0.07037   -0.06735   -0.05473   -0.04444
   0.00995    0.01773    0.02760    0.06473    0.07341    0.24782    0.25174    0.26938
   0.27088    0.29068    0.30458    0.35192    0.36851    0.42799    0.54304    0.55324
   0.57495    0.60631    0.65800    0.70993    0.71766    0.73604    0.75490    0.75648
 kpt# 196, nband= 48, wtk=  1.00000, kpt=  0.2833  0.2833  0.0000 (reduced coord)
  -2.85352   -2.66494   -1.70774   -1.70556   -1.70537   -1.52300   -1.52072   -1.52045
  -0.76819   -0.75945   -0.75417   -0.75216   -0.15642   -0.13114   -0.12052   -0.10767
  -0.10475   -0.09189   -0.07935   -0.07832   -0.06950   -0.06676   -0.05348   -0.04336
   0.00996    0.01779    0.02730    0.06568    0.07342    0.24528    0.24982    0.26935
   0.27089    0.29038    0.30452    0.35359    0.36973    0.43416    0.53824    0.54840
   0.57303    0.60656    0.65718    0.70929    0.71650    0.74299    0.75276    0.76043
 kpt# 197, nband= 48, wtk=  1.00000, kpt=  0.2667  0.2667  0.0000 (reduced coord)
  -2.85352   -2.66494   -1.70774   -1.70556   -1.70537   -1.52300   -1.52072   -1.52045
  -0.76868   -0.75905   -0.75412   -0.75210   -0.15680   -0.12934   -0.12046   -0.10924
  -0.10591   -0.09197   -0.08019   -0.07951   -0.06859   -0.06593   -0.05228   -0.04230
   0.00996    0.01783    0.02699    0.06643    0.07343    0.24104    0.24921    0.26933
   0.27090    0.29060    0.30448    0.35533    0.37106    0.44006    0.53389    0.54351
   0.57122    0.60682    0.65628    0.70870    0.71325    0.75062    0.75093    0.76463
 kpt# 198, nband= 48, wtk=  1.00000, kpt=  0.2500  0.2500  0.0000 (reduced coord)
  -2.85352   -2.66494   -1.70774   -1.70556   -1.70537   -1.52300   -1.52072   -1.52045
  -0.76917   -0.75865   -0.75406   -0.75204   -0.15725   -0.12798   -0.12039   -0.11026
  -0.10702   -0.09205   -0.08104   -0.08067   -0.06766   -0.06489   -0.05116   -0.04124
   0.00995    0.01783    0.02669    0.06697    0.07343    0.23630    0.24892    0.26931
   0.27091    0.29120    0.30445    0.35711    0.37249    0.44559    0.53012    0.53862
   0.56951    0.60708    0.65532    0.70815    0.70844    0.74847    0.75950    0.76919
 kpt# 199, nband= 48, wtk=  1.00000, kpt=  0.2333  0.2333  0.0000 (reduced coord)
  -2.85352   -2.66494   -1.70774   -1.70556   -1.70537   -1.52300   -1.52072   -1.52045
  -0.76965   -0.75824   -0.75400   -0.75200   -0.15778   -0.12728   -0.12033   -0.11051
  -0.10807   -0.09211   -0.08188   -0.08180   -0.06672   -0.06364   -0.05011   -0.04021
   0.00993    0.01780    0.02640    0.06728    0.07344    0.23141    0.24871    0.26931
   0.27093    0.29206    0.30445    0.35893    0.37402    0.45060    0.52710    0.53378
   0.56791    0.60734    0.65431    0.70247    0.70765    0.74635    0.76852    0.77402
 kpt# 200, nband= 48, wtk=  1.00000, kpt=  0.2167  0.2167  0.0000 (reduced coord)
  -2.85352   -2.66494   -1.70774   -1.70556   -1.70537   -1.52300   -1.52072   -1.52045
  -0.77013   -0.75784   -0.75395   -0.75196   -0.15840   -0.12732   -0.12027   -0.10988
  -0.10906   -0.09217   -0.08289   -0.08270   -0.06578   -0.06224   -0.04913   -0.03921
   0.00990    0.01773    0.02612    0.06738    0.07345    0.22652    0.24852    0.26930
   0.27094    0.29308    0.30447    0.36077    0.37565    0.45491    0.52502    0.52902
   0.56642    0.60758    0.65325    0.69566    0.70721    0.74428    0.77793    0.77930
 kpt# 201, nband= 48, wtk=  1.00000, kpt=  0.2000  0.2000  0.0000 (reduced coord)
  -2.85352   -2.66494   -1.70774   -1.70556   -1.70537   -1.52300   -1.52072   -1.52045
  -0.77058   -0.75744   -0.75389   -0.75192   -0.15910   -0.12795   -0.12021   -0.10998
  -0.10855   -0.09221   -0.08393   -0.08351   -0.06484   -0.06068   -0.04823   -0.03824
   0.00986    0.01763    0.02587    0.06726    0.07345    0.22172    0.24835    0.26931
   0.27095    0.29418    0.30450    0.36261    0.37736    0.45833    0.52408    0.52440
   0.56504    0.60781    0.65216    0.68826    0.70682    0.74227    0.78460    0.78765
 kpt# 202, nband= 48, wtk=  1.00000, kpt=  0.1833  0.1833  0.0000 (reduced coord)
  -2.85352   -2.66494   -1.70774   -1.70556   -1.70537   -1.52300   -1.52072   -1.52045
  -0.77102   -0.75706   -0.75384   -0.75189   -0.15987   -0.12890   -0.12015   -0.11084
  -0.10678   -0.09225   -0.08491   -0.08428   -0.06393   -0.05900   -0.04741   -0.03733
   0.00981    0.01750    0.02563    0.06694    0.07346    0.21709    0.24820    0.26932
   0.27096    0.29533    0.30455    0.36443    0.37915    0.46072    0.51994    0.52444
   0.56379    0.60801    0.65107    0.68045    0.70648    0.74036    0.79031    0.79807
 kpt# 203, nband= 48, wtk=  1.00000, kpt=  0.1667  0.1667  0.0000 (reduced coord)
  -2.85352   -2.66494   -1.70774   -1.70556   -1.70537   -1.52300   -1.52072   -1.52045
  -0.77143   -0.75669   -0.75379   -0.75187   -0.16070   -0.12998   -0.12009   -0.11164
  -0.10481   -0.09227   -0.08583   -0.08502   -0.06304   -0.05721   -0.04667   -0.03648
   0.00975    0.01734    0.02542    0.06643    0.07346    0.21269    0.24806    0.26933
   0.27098    0.29646    0.30461    0.36621    0.38098    0.46201    0.51569    0.52616
   0.56267    0.60819    0.64999    0.67238    0.70619    0.73854    0.79637    0.80923
 kpt# 204, nband= 48, wtk=  1.00000, kpt=  0.1500  0.1500  0.0000 (reduced coord)
  -2.85352   -2.66494   -1.70774   -1.70556   -1.70537   -1.52300   -1.52072   -1.52045
  -0.77182   -0.75634   -0.75374   -0.75186   -0.16156   -0.13104   -0.12004   -0.11236
  -0.10278   -0.09228   -0.08667   -0.08572   -0.06220   -0.05535   -0.04600   -0.03570
   0.00969    0.01717    0.02523    0.06577    0.07347    0.20855    0.24793    0.26935
   0.27099    0.29756    0.30469    0.36794    0.38285    0.46231    0.51169    0.52916
   0.56169    0.60834    0.64894    0.66416    0.70595    0.73685    0.80280    0.82000
 kpt# 205, nband= 48, wtk=  1.00000, kpt=  0.1333  0.1333  0.0000 (reduced coord)
  -2.85352   -2.66494   -1.70774   -1.70556   -1.70537   -1.52300   -1.52072   -1.52045
  -0.77217   -0.75601   -0.75369   -0.75185   -0.16244   -0.13202   -0.11999   -0.11301
  -0.10082   -0.09227   -0.08744   -0.08637   -0.06140   -0.05346   -0.04540   -0.03499
   0.00962    0.01699    0.02507    0.06498    0.07347    0.20474    0.24781    0.26937
   0.27100    0.29859    0.30477    0.36958    0.38471    0.46182    0.50797    0.53320
   0.56088    0.60847    0.64794    0.65585    0.70575    0.73529    0.80922    0.82918
 kpt# 206, nband= 48, wtk=  1.00000, kpt=  0.1167  0.1167  0.0000 (reduced coord)
  -2.85352   -2.66494   -1.70774   -1.70556   -1.70537   -1.52300   -1.52072   -1.52045
  -0.77249   -0.75571   -0.75365   -0.75184   -0.16330   -0.13289   -0.11995   -0.11359
  -0.09899   -0.09225   -0.08813   -0.08698   -0.06066   -0.05157   -0.04486   -0.03436
   0.00955    0.01680    0.02493    0.06411    0.07348    0.20129    0.24771    0.26940
   0.27101    0.29953    0.30485    0.37112    0.38654    0.46077    0.50457    0.53804
   0.56027    0.60858    0.64701    0.64753    0.70558    0.73389    0.81608    0.83573
 kpt# 207, nband= 48, wtk=  1.00000, kpt=  0.1000  0.1000  0.0000 (reduced coord)
  -2.85352   -2.66494   -1.70774   -1.70556   -1.70537   -1.52300   -1.52072   -1.52045
  -0.77277   -0.75544   -0.75362   -0.75184   -0.16412   -0.13363   -0.11991   -0.11409
  -0.09734   -0.09222   -0.08874   -0.08753   -0.06000   -0.04975   -0.04440   -0.03381
   0.00948    0.01661    0.02481    0.06320    0.07348    0.19823    0.24763    0.26942
   0.27102    0.30038    0.30493    0.37253    0.38829    0.45941    0.50153    0.54333
   0.55998    0.60868    0.63924    0.64617    0.70545    0.73264    0.82339    0.84051
 kpt# 208, nband= 48, wtk=  1.00000, kpt=  0.0833  0.0833  0.0000 (reduced coord)
  -2.85352   -2.66494   -1.70774   -1.70556   -1.70537   -1.52300   -1.52072   -1.52045
  -0.77302   -0.75520   -0.75359   -0.75184   -0.16487   -0.13424   -0.11988   -0.11452
  -0.09591   -0.09217   -0.08926   -0.08802   -0.05942   -0.04805   -0.04400   -0.03335
   0.00940    0.01644    0.02472    0.06229    0.07348    0.19558    0.24755    0.26944
   0.27103    0.30110    0.30501    0.37378    0.38992    0.45793    0.49889    0.54854
   0.56038    0.60875    0.63104    0.64542    0.70534    0.73157    0.83033    0.84535
 kpt# 209, nband= 48, wtk=  1.00000, kpt=  0.0667  0.0667  0.0000 (reduced coord)
  -2.85352   -2.66494   -1.70774   -1.70556   -1.70537   -1.52300   -1.52072   -1.52045
  -0.77322   -0.75500   -0.75356   -0.75184   -0.16551   -0.13473   -0.11985   -0.11487
  -0.09471   -0.09211   -0.08968   -0.08844   -0.05893   -0.04654   -0.04368   -0.03297
   0.00933    0.01629    0.02465    0.06146    0.07348    0.19339    0.24749    0.26946
   0.27103    0.30171    0.30508    0.37484    0.39137    0.45649    0.49667    0.55252
   0.56243    0.60880    0.62299    0.64479    0.70527    0.73069    0.83767    0.84956
 kpt# 210, nband= 48, wtk=  1.00000, kpt=  0.0500  0.0500  0.0000 (reduced coord)
  -2.85352   -2.66494   -1.70774   -1.70556   -1.70537   -1.52300   -1.52072   -1.52045
  -0.77338   -0.75485   -0.75354   -0.75184   -0.16604   -0.13510   -0.11983   -0.11514
  -0.09377   -0.09205   -0.09002   -0.08879   -0.05854   -0.04529   -0.04343   -0.03268
   0.00927    0.01616    0.02459    0.06074    0.07349    0.19166    0.24745    0.26947
   0.27104    0.30219    0.30514    0.37570    0.39257    0.45523    0.49490    0.55434
   0.56692    0.60885    0.61516    0.64429    0.70521    0.72999    0.84497    0.85281
 kpt# 211, nband= 48, wtk=  1.00000, kpt=  0.0333  0.0333  0.0000 (reduced coord)
  -2.85352   -2.66494   -1.70774   -1.70556   -1.70537   -1.52300   -1.52072   -1.52045
  -0.77349   -0.75473   -0.75352   -0.75184   -0.16642   -0.13535   -0.11981   -0.11534
  -0.09309   -0.09200   -0.09026   -0.08905   -0.05826   -0.04434   -0.04324   -0.03247
   0.00922    0.01607    0.02455    0.06019    0.07349    0.19041    0.24742    0.26948
   0.27104    0.30253    0.30518    0.37633    0.39349    0.45425    0.49362    0.55490
   0.57269    0.60779    0.60888    0.64393    0.70517    0.72949    0.85190    0.85544
 kpt# 212, nband= 48, wtk=  1.00000, kpt=  0.0167  0.0167  0.0000 (reduced coord)
  -2.85352   -2.66494   -1.70774   -1.70556   -1.70537   -1.52300   -1.52072   -1.52045
  -0.77356   -0.75466   -0.75351   -0.75185   -0.16666   -0.13551   -0.11980   -0.11545
  -0.09268   -0.09197   -0.09041   -0.08921   -0.05809   -0.04376   -0.04314   -0.03234
   0.00919    0.01601    0.02453    0.05984    0.07349    0.18966    0.24740    0.26949
   0.27104    0.30274    0.30521    0.37672    0.39406    0.45363    0.49284    0.55506
   0.57822    0.60148    0.60889    0.64370    0.70514    0.72918    0.85757    0.85804
 kpt# 213, nband= 48, wtk=  1.00000, kpt=  0.0000  0.0000  0.0000 (reduced coord)
  -2.85352   -2.66494   -1.70774   -1.70556   -1.70537   -1.52300   -1.52072   -1.52045
  -0.77358   -0.75464   -0.75351   -0.75185   -0.16674   -0.13556   -0.11980   -0.11549
  -0.09255   -0.09195   -0.09046   -0.08927   -0.05803   -0.04356   -0.04310   -0.03230
   0.00918    0.01599    0.02452    0.05972    0.07349    0.18941    0.24739    0.26949
   0.27104    0.30281    0.30521    0.37685    0.39425    0.45341    0.49258    0.55509
   0.58097    0.59848    0.60890    0.64363    0.70513    0.72908    0.85786    0.86053
 kpt# 214, nband= 48, wtk=  1.00000, kpt=  0.0056  0.0111  0.0083 (reduced coord)
  -2.85352   -2.66494   -1.70774   -1.70556   -1.70537   -1.52300   -1.52072   -1.52045
  -0.77357   -0.75465   -0.75351   -0.75185   -0.16671   -0.13554   -0.11981   -0.11547
  -0.09266   -0.09198   -0.09042   -0.08918   -0.05810   -0.04363   -0.04313   -0.03232
   0.00920    0.01601    0.02452    0.05975    0.07346    0.18955    0.24741    0.26949
   0.27103    0.30279    0.30518    0.37688    0.39427    0.45349    0.49267    0.55504
   0.58014    0.59931    0.60893    0.64359    0.70515    0.72885    0.85749    0.85991
 kpt# 215, nband= 48, wtk=  1.00000, kpt=  0.0111  0.0222  0.0167 (reduced coord)
  -2.85352   -2.66494   -1.70774   -1.70556   -1.70537   -1.52300   -1.52072   -1.52045
  -0.77353   -0.75467   -0.75351   -0.75185   -0.16659   -0.13549   -0.11983   -0.11538
  -0.09295   -0.09208   -0.09032   -0.08895   -0.05830   -0.04384   -0.04320   -0.03238
   0.00926    0.01606    0.02451    0.05984    0.07339    0.18997    0.24747    0.26946
   0.27100    0.30274    0.30510    0.37698    0.39434    0.45370    0.49293    0.55487
   0.57799    0.60142    0.60904    0.64349    0.70520    0.72817    0.85537    0.85964
 kpt# 216, nband= 48, wtk=  1.00000, kpt=  0.0167  0.0333  0.0250 (reduced coord)
  -2.85352   -2.66494   -1.70774   -1.70556   -1.70537   -1.52300   -1.52072   -1.52045
  -0.77347   -0.75471   -0.75351   -0.75185   -0.16639   -0.13540   -0.11988   -0.11524
  -0.09339   -0.09223   -0.09016   -0.08863   -0.05864   -0.04419   -0.04333   -0.03248
   0.00936    0.01616    0.02450    0.05999    0.07327    0.19066    0.24757    0.26943
   0.27095    0.30264    0.30497    0.37714    0.39446    0.45406    0.49337    0.55460
   0.57514    0.60414    0.60925    0.64331    0.70531    0.72704    0.85270    0.85921
 kpt# 217, nband= 48, wtk=  1.00000, kpt=  0.0222  0.0444  0.0333 (reduced coord)
  -2.85352   -2.66494   -1.70774   -1.70556   -1.70538   -1.52300   -1.52072   -1.52046
  -0.77338   -0.75476   -0.75351   -0.75185   -0.16612   -0.13527   -0.11994   -0.11504
  -0.09391   -0.09245   -0.08993   -0.08828   -0.05912   -0.04465   -0.04350   -0.03262
   0.00950    0.01628    0.02448    0.06019    0.07310    0.19163    0.24772    0.26937
   0.27088    0.30249    0.30480    0.37735    0.39463    0.45454    0.49398    0.55422
   0.57197    0.60686    0.60981    0.64306    0.70549    0.72548    0.84708    0.85499
 kpt# 218, nband= 48, wtk=  1.00000, kpt=  0.0278  0.0556  0.0417 (reduced coord)
  -2.85352   -2.66494   -1.70774   -1.70556   -1.70538   -1.52300   -1.52072   -1.52047
  -0.77327   -0.75482   -0.75352   -0.75185   -0.16577   -0.13511   -0.12004   -0.11477
  -0.09450   -0.09273   -0.08964   -0.08792   -0.05975   -0.04522   -0.04371   -0.03280
   0.00968    0.01644    0.02445    0.06045    0.07289    0.19286    0.24790    0.26931
   0.27079    0.30229    0.30460    0.37759    0.39488    0.45515    0.49477    0.55372
   0.56868    0.60839    0.61165    0.64273    0.70578    0.72352    0.84160    0.85307
 kpt# 219, nband= 48, wtk=  1.00000, kpt=  0.0333  0.0667  0.0500 (reduced coord)
  -2.85352   -2.66494   -1.70774   -1.70556   -1.70539   -1.52299   -1.52072   -1.52047
  -0.77313   -0.75489   -0.75352   -0.75186   -0.16535   -0.13492   -0.12016   -0.11442
  -0.09513   -0.09306   -0.08930   -0.08756   -0.06053   -0.04587   -0.04397   -0.03303
   0.00989    0.01662    0.02442    0.06076    0.07263    0.19434    0.24812    0.26923
   0.27068    0.30203    0.30440    0.37784    0.39521    0.45586    0.49575    0.55310
   0.56539    0.60880    0.61458    0.64232    0.70622    0.72119    0.83577    0.85129
 kpt# 220, nband= 48, wtk=  1.00000, kpt=  0.0389  0.0778  0.0583 (reduced coord)
  -2.85352   -2.66494   -1.70774   -1.70556   -1.70539   -1.52299   -1.52072   -1.52048
  -0.77296   -0.75498   -0.75353   -0.75186   -0.16486   -0.13469   -0.12031   -0.11400
  -0.09579   -0.09344   -0.08892   -0.08722   -0.06146   -0.04658   -0.04427   -0.03328
   0.01013    0.01683    0.02437    0.06112    0.07233    0.19608    0.24838    0.26913
   0.27056    0.30171    0.30420    0.37808    0.39564    0.45667    0.49691    0.55233
   0.56219    0.60890    0.61768    0.64181    0.70686    0.71852    0.82946    0.85017
 kpt# 221, nband= 48, wtk=  1.00000, kpt=  0.0444  0.0889  0.0667 (reduced coord)
  -2.85352   -2.66494   -1.70773   -1.70556   -1.70540   -1.52299   -1.52072   -1.52050
  -0.77278   -0.75507   -0.75353   -0.75187   -0.16430   -0.13442   -0.12048   -0.11351
  -0.09649   -0.09387   -0.08850   -0.08691   -0.06256   -0.04732   -0.04460   -0.03358
   0.01039    0.01705    0.02432    0.06151    0.07199    0.19804    0.24868    0.26902
   0.27042    0.30132    0.30402    0.37829    0.39619    0.45755    0.49826    0.55138
   0.55917    0.60885    0.62073    0.64119    0.70774    0.71557    0.82270    0.84671
 kpt# 222, nband= 48, wtk=  1.00000, kpt=  0.0500  0.1000  0.0750 (reduced coord)
  -2.85352   -2.66494   -1.70773   -1.70556   -1.70541   -1.52299   -1.52072   -1.52051
  -0.77257   -0.75518   -0.75354   -0.75188   -0.16367   -0.13412   -0.12068   -0.11294
  -0.09721   -0.09433   -0.08806   -0.08661   -0.06381   -0.04807   -0.04497   -0.03391
   0.01068    0.01729    0.02426    0.06195    0.07162    0.20023    0.24901    0.26890
   0.27026    0.30089    0.30385    0.37845    0.39686    0.45850    0.49979    0.55016
   0.55643    0.60866    0.62365    0.64045    0.70888    0.71239    0.81576    0.84630
 kpt# 223, nband= 48, wtk=  1.00000, kpt=  0.0556  0.1111  0.0833 (reduced coord)
  -2.85352   -2.66494   -1.70773   -1.70556   -1.70542   -1.52298   -1.52072   -1.52052
  -0.77234   -0.75529   -0.75355   -0.75189   -0.16298   -0.13379   -0.12089   -0.11231
  -0.09796   -0.09483   -0.08763   -0.08633   -0.06522   -0.04881   -0.04537   -0.03428
   0.01099    0.01753    0.02419    0.06241    0.07120    0.20263    0.24938    0.26876
   0.27009    0.30042    0.30369    0.37855    0.39766    0.45949    0.50151    0.54856
   0.55412    0.60831    0.62643    0.63956    0.70891    0.71042    0.80869    0.84234
 kpt# 224, nband= 48, wtk=  1.00000, kpt=  0.0611  0.1222  0.0917 (reduced coord)
  -2.85352   -2.66494   -1.70773   -1.70556   -1.70543   -1.52298   -1.52072   -1.52054
  -0.77208   -0.75541   -0.75357   -0.75191   -0.16223   -0.13342   -0.12111   -0.11161
  -0.09874   -0.09535   -0.08723   -0.08603   -0.06676   -0.04954   -0.04580   -0.03468
   0.01130    0.01779    0.02411    0.06290    0.07076    0.20522    0.24979    0.26861
   0.26991    0.29994    0.30354    0.37857    0.39860    0.46051    0.50341    0.54655
   0.55230    0.60778    0.62901    0.63853    0.70544    0.71212    0.80149    0.83840
 kpt# 225, nband= 48, wtk=  1.00000, kpt=  0.0667  0.1333  0.1000 (reduced coord)
  -2.85352   -2.66494   -1.70773   -1.70556   -1.70544   -1.52298   -1.52072   -1.52056
  -0.77181   -0.75553   -0.75358   -0.75193   -0.16143   -0.13302   -0.12134   -0.11085
  -0.09953   -0.09590   -0.08692   -0.08567   -0.06842   -0.05024   -0.04625   -0.03511
   0.01163    0.01805    0.02402    0.06341    0.07029    0.20799    0.25022    0.26845
   0.26972    0.29945    0.30341    0.37852    0.39966    0.46154    0.50547    0.54426
   0.55085    0.60708    0.63130    0.63745    0.70187    0.71413    0.79430    0.83401
 kpt# 226, nband= 48, wtk=  1.00000, kpt=  0.0722  0.1444  0.1083 (reduced coord)
  -2.85352   -2.66494   -1.70773   -1.70555   -1.70546   -1.52298   -1.52071   -1.52058
  -0.77152   -0.75566   -0.75360   -0.75195   -0.16058   -0.13258   -0.12158   -0.11005
  -0.10033   -0.09646   -0.08675   -0.08525   -0.07017   -0.05090   -0.04673   -0.03557
   0.01197    0.01831    0.02392    0.06393    0.06979    0.21092    0.25069    0.26828
   0.26952    0.29898    0.30327    0.37838    0.40085    0.46256    0.50768    0.54187
   0.54962    0.60620    0.63277    0.63681    0.69830    0.71632    0.78723    0.82841
 kpt# 227, nband= 48, wtk=  1.00000, kpt=  0.0778  0.1556  0.1167 (reduced coord)
  -2.85352   -2.66494   -1.70772   -1.70555   -1.70547   -1.52297   -1.52071   -1.52059
  -0.77121   -0.75579   -0.75362   -0.75198   -0.15969   -0.13212   -0.12180   -0.10922
  -0.10112   -0.09703   -0.08670   -0.08476   -0.07199   -0.05153   -0.04722   -0.03605
   0.01230    0.01857    0.02380    0.06446    0.06927    0.21400    0.25119    0.26809
   0.26931    0.29854    0.30315    0.37817    0.40214    0.46357    0.51002    0.53951
   0.54854    0.60514    0.63235    0.63767    0.69482    0.71856    0.78043    0.82623
 kpt# 228, nband= 48, wtk=  1.00000, kpt=  0.0833  0.1667  0.1250 (reduced coord)
  -2.85352   -2.66494   -1.70772   -1.70555   -1.70548   -1.52297   -1.52071   -1.52062
  -0.77088   -0.75593   -0.75364   -0.75201   -0.15876   -0.13163   -0.12203   -0.10839
  -0.10187   -0.09760   -0.08678   -0.08424   -0.07384   -0.05212   -0.04772   -0.03656
   0.01264    0.01882    0.02367    0.06500    0.06873    0.21720    0.25171    0.26790
   0.26909    0.29814    0.30302    0.37790    0.40353    0.46454    0.51245    0.53722
   0.54757    0.60391    0.63066    0.63939    0.69153    0.72061    0.77408    0.81806
 kpt# 229, nband= 48, wtk=  1.00000, kpt=  0.0889  0.1778  0.1333 (reduced coord)
  -2.85352   -2.66493   -1.70772   -1.70555   -1.70550   -1.52296   -1.52071   -1.52064
  -0.77053   -0.75607   -0.75366   -0.75205   -0.15779   -0.13112   -0.12224   -0.10765
  -0.10251   -0.09819   -0.08701   -0.08372   -0.07567   -0.05268   -0.04823   -0.03709
   0.01297    0.01908    0.02353    0.06553    0.06817    0.22052    0.25226    0.26769
   0.26886    0.29781    0.30290    0.37755    0.40500    0.46546    0.51492    0.53503
   0.54676    0.60251    0.62850    0.64115    0.68853    0.72210    0.76855    0.81266
 kpt# 230, nband= 48, wtk=  1.00000, kpt=  0.0944  0.1889  0.1417 (reduced coord)
  -2.85352   -2.66493   -1.70772   -1.70555   -1.70552   -1.52296   -1.52071   -1.52066
  -0.77017   -0.75620   -0.75368   -0.75209   -0.15680   -0.13059   -0.12243   -0.10715
  -0.10289   -0.09877   -0.08740   -0.08320   -0.07741   -0.05320   -0.04874   -0.03764
   0.01329    0.01932    0.02338    0.06606    0.06760    0.22392    0.25284    0.26747
   0.26863    0.29756    0.30278    0.37716    0.40654    0.46633    0.51738    0.53292
   0.54616    0.60094    0.62605    0.64270    0.68596    0.72252    0.76427    0.80761
 kpt# 231, nband= 48, wtk=  1.00000, kpt=  0.1000  0.2000  0.1500 (reduced coord)
  -2.85352   -2.66493   -1.70771   -1.70555   -1.70553   -1.52295   -1.52071   -1.52068
  -0.76979   -0.75634   -0.75371   -0.75213   -0.15579   -0.13005   -0.12259   -0.10709
  -0.10281   -0.09934   -0.08802   -0.08270   -0.07899   -0.05369   -0.04924   -0.03820
   0.01360    0.01957    0.02322    0.06656    0.06702    0.22740    0.25344    0.26725
   0.26839    0.29741    0.30267    0.37671    0.40813    0.46711    0.51973    0.53090
   0.54588    0.59922    0.62341    0.64391    0.68396    0.72132    0.76171    0.80273
 kpt# 232, nband= 48, wtk=  1.00000, kpt=  0.1056  0.2111  0.1583 (reduced coord)
  -2.85352   -2.66493   -1.70771   -1.70555   -1.70555   -1.52295   -1.52071   -1.52071
  -0.76941   -0.75648   -0.75374   -0.75218   -0.15477   -0.12951   -0.12273   -0.10749
  -0.10228   -0.09986   -0.08892   -0.08225   -0.08031   -0.05416   -0.04974   -0.03877
   0.01390    0.01980    0.02304    0.06640    0.06708    0.23092    0.25407    0.26702
   0.26815    0.29736    0.30257    0.37622    0.40975    0.46782    0.52187    0.52891
   0.54604    0.59732    0.62064    0.64465    0.68267    0.71830    0.76095    0.79815
 kpt# 233, nband= 48, wtk=  1.00000, kpt=  0.1111  0.2222  0.1667 (reduced coord)
  -2.85351   -2.66493   -1.70771   -1.70557   -1.70555   -1.52295   -1.52074   -1.52071
  -0.76901   -0.75662   -0.75376   -0.75223   -0.15374   -0.12898   -0.12283   -0.10816
  -0.10170   -0.10016   -0.09012   -0.08189   -0.08127   -0.05460   -0.05022   -0.03935
   0.01419    0.02003    0.02286    0.06581    0.06756    0.23446    0.25471    0.26678
   0.26790    0.29744    0.30248    0.37570    0.41140    0.46842    0.52367    0.52698
   0.54676    0.59523    0.61780    0.64486    0.68220    0.71370    0.76153    0.79405
 kpt# 234, nband= 48, wtk=  1.00000, kpt=  0.1167  0.2333  0.1750 (reduced coord)
  -2.85351   -2.66493   -1.70770   -1.70559   -1.70555   -1.52294   -1.52076   -1.52070
  -0.76860   -0.75676   -0.75379   -0.75228   -0.15271   -0.12849   -0.12288   -0.10894
  -0.10173   -0.09968   -0.09158   -0.08218   -0.08135   -0.05503   -0.05067   -0.03993
   0.01446    0.02025    0.02266    0.06520    0.06801    0.23800    0.25539    0.26653
   0.26765    0.29767    0.30240    0.37514    0.41307    0.46892    0.52417    0.52596
   0.54813    0.59294    0.61497    0.64454    0.68259    0.70801    0.76264    0.79065
 kpt# 235, nband= 48, wtk=  1.00000, kpt=  0.1222  0.2444  0.1833 (reduced coord)
  -2.85351   -2.66493   -1.70770   -1.70561   -1.70555   -1.52293   -1.52079   -1.52070
  -0.76818   -0.75689   -0.75382   -0.75234   -0.15170   -0.12805   -0.12288   -0.10975
  -0.10224   -0.09869   -0.09322   -0.08265   -0.08105   -0.05543   -0.05109   -0.04052
   0.01471    0.02046    0.02246    0.06459    0.06844    0.24150    0.25609    0.26628
   0.26740    0.29804    0.30236    0.37456    0.41474    0.46931    0.52229    0.52694
   0.55011    0.59043    0.61219    0.64377    0.68377    0.70166    0.76338    0.78841
 kpt# 236, nband= 48, wtk=  1.00000, kpt=  0.1278  0.2556  0.1917 (reduced coord)
  -2.85351   -2.66493   -1.70770   -1.70562   -1.70554   -1.52293   -1.52082   -1.52070
  -0.76775   -0.75703   -0.75386   -0.75240   -0.15069   -0.12768   -0.12284   -0.11053
  -0.10287   -0.09759   -0.09490   -0.08298   -0.08079   -0.05583   -0.05147   -0.04110
   0.01494    0.02067    0.02226    0.06397    0.06884    0.24493    0.25683    0.26602
   0.26714    0.29856    0.30237    0.37396    0.41641    0.46959    0.51999    0.52800
   0.55263    0.58770    0.60953    0.64268    0.68561    0.69493    0.76300    0.78774
 kpt# 237, nband= 48, wtk=  1.00000, kpt=  0.1333  0.2667  0.2000 (reduced coord)
  -2.85351   -2.66492   -1.70770   -1.70564   -1.70554   -1.52292   -1.52085   -1.52070
  -0.76732   -0.75715   -0.75389   -0.75246   -0.14971   -0.12741   -0.12278   -0.11124
  -0.10355   -0.09716   -0.09590   -0.08317   -0.08059   -0.05622   -0.05180   -0.04168
   0.01516    0.02086    0.02205    0.06336    0.06921    0.24822    0.25762    0.26576
   0.26688    0.29920    0.30249    0.37335    0.41806    0.46976    0.51751    0.52898
   0.55556    0.58477    0.60702    0.64143    0.68723    0.68878    0.76127    0.78848
 kpt# 238, nband= 48, wtk=  1.00000, kpt=  0.1389  0.2778  0.2083 (reduced coord)
  -2.85351   -2.66492   -1.70769   -1.70566   -1.70554   -1.52292   -1.52087   -1.52070
  -0.76689   -0.75728   -0.75393   -0.75252   -0.14876   -0.12723   -0.12273   -0.11186
  -0.10428   -0.09860   -0.09497   -0.08325   -0.08045   -0.05660   -0.05208   -0.04225
   0.01535    0.02103    0.02184    0.06274    0.06954    0.25132    0.25851    0.26549
   0.26662    0.29986    0.30285    0.37272    0.41971    0.46983    0.51488    0.52993
   0.55875    0.58168    0.60469    0.64016    0.68074    0.69105    0.75852    0.79021
 kpt# 239, nband= 48, wtk=  1.00000, kpt=  0.1444  0.2889  0.2167 (reduced coord)
  -2.85351   -2.66492   -1.70769   -1.70569   -1.70554   -1.52291   -1.52090   -1.52070
  -0.76645   -0.75740   -0.75396   -0.75258   -0.14784   -0.12714   -0.12273   -0.11235
  -0.10505   -0.10015   -0.09384   -0.08324   -0.08037   -0.05697   -0.05229   -0.04282
   0.01552    0.02115    0.02168    0.06213    0.06984    0.25409    0.25959    0.26523
   0.26635    0.30037    0.30364    0.37209    0.42132    0.46982    0.51212    0.53083
   0.56207    0.57853    0.60255    0.63898    0.67364    0.69424    0.75518    0.79230
 kpt# 240, nband= 48, wtk=  1.00000, kpt=  0.1500  0.3000  0.2250 (reduced coord)
  -2.85351   -2.66492   -1.70769   -1.70571   -1.70554   -1.52291   -1.52093   -1.52069
  -0.76601   -0.75751   -0.75400   -0.75265   -0.14696   -0.12715   -0.12284   -0.11271
  -0.10584   -0.10157   -0.09275   -0.08314   -0.08033   -0.05733   -0.05245   -0.04337
   0.01567    0.02113    0.02166    0.06151    0.07010    0.25635    0.26102    0.26496
   0.26608    0.30064    0.30497    0.37146    0.42291    0.46974    0.50923    0.53165
   0.56535    0.57549    0.60063    0.63798    0.66651    0.69771    0.75155    0.79435
 kpt# 241, nband= 48, wtk=  1.00000, kpt=  0.1556  0.3111  0.2333 (reduced coord)
  -2.85351   -2.66492   -1.70768   -1.70573   -1.70554   -1.52290   -1.52096   -1.52069
  -0.76557   -0.75762   -0.75404   -0.75272   -0.14612   -0.12724   -0.12308   -0.11299
  -0.10658   -0.10278   -0.09175   -0.08297   -0.08029   -0.05769   -0.05254   -0.04391
   0.01580    0.02096    0.02177    0.06090    0.07032    0.25798    0.26289    0.26470
   0.26582    0.30074    0.30677    0.37083    0.42447    0.46959    0.50625    0.53229
   0.56818    0.57299    0.59897    0.63722    0.65941    0.70138    0.74781    0.79608
 kpt# 242, nband= 48, wtk=  1.00000, kpt=  0.1611  0.3222  0.2417 (reduced coord)
  -2.85350   -2.66492   -1.70768   -1.70575   -1.70554   -1.52290   -1.52099   -1.52069
  -0.76513   -0.75773   -0.75408   -0.75278   -0.14534   -0.12745   -0.12343   -0.11330
  -0.10719   -0.10379   -0.09088   -0.08280   -0.08019   -0.05803   -0.05258   -0.04444
   0.01590    0.02074    0.02192    0.06029    0.07051    0.25914    0.26439    0.26506
   0.26555    0.30077    0.30897    0.37021    0.42598    0.46942    0.50320    0.53258
   0.56864    0.57292    0.59770    0.63674    0.65239    0.70518    0.74409    0.79741
 kpt# 243, nband= 48, wtk=  1.00000, kpt=  0.1667  0.3333  0.2500 (reduced coord)
  -2.85350   -2.66492   -1.70767   -1.70577   -1.70554   -1.52289   -1.52102   -1.52069
  -0.76470   -0.75782   -0.75412   -0.75285   -0.14460   -0.12778   -0.12385   -0.11377
  -0.10755   -0.10455   -0.09016   -0.08271   -0.07991   -0.05834   -0.05257   -0.04495
   0.01599    0.02050    0.02209    0.05969    0.07066    0.26006    0.26414    0.26527
   0.26722    0.30077    0.31153    0.36960    0.42745    0.46922    0.50009    0.53235
   0.56718    0.57482    0.59702    0.63652    0.64550    0.70904    0.74046    0.79830
 kpt# 244, nband= 48, wtk=  1.00000, kpt=  0.3333 -0.1667  0.2500 (reduced coord)
  -2.85350   -2.66492   -1.70768   -1.70577   -1.70554   -1.52289   -1.52102   -1.52069
  -0.76438   -0.75876   -0.75376   -0.75257   -0.14629   -0.13374   -0.11964   -0.11563
  -0.11190   -0.09935   -0.08439   -0.08072   -0.07937   -0.05916   -0.05305   -0.04369
   0.01688    0.02009    0.02440    0.05615    0.06476    0.25919    0.26383    0.26415
   0.27970    0.29571    0.30762    0.36918    0.42691    0.47679    0.49728    0.53096
   0.56810    0.57093    0.59353    0.64801    0.65397    0.71285    0.72179    0.80073
 kpt# 245, nband= 48, wtk=  1.00000, kpt=  0.3222 -0.1611  0.2417 (reduced coord)
  -2.85350   -2.66492   -1.70768   -1.70575   -1.70554   -1.52290   -1.52099   -1.52069
  -0.76483   -0.75866   -0.75368   -0.75253   -0.14691   -0.13384   -0.11904   -0.11501
  -0.11135   -0.09905   -0.08476   -0.08054   -0.08002   -0.05877   -0.05296   -0.04324
   0.01682    0.02011    0.02443    0.05667    0.06459    0.25828    0.26404    0.26439
   0.27676    0.29528    0.30678    0.36928    0.42530    0.47710    0.50060    0.53173
   0.56913    0.56970    0.59366    0.64749    0.66080    0.70970    0.72524    0.79867
 kpt# 246, nband= 48, wtk=  1.00000, kpt=  0.3111 -0.1556  0.2333 (reduced coord)
  -2.85351   -2.66492   -1.70768   -1.70573   -1.70554   -1.52290   -1.52096   -1.52069
  -0.76530   -0.75855   -0.75360   -0.75249   -0.14758   -0.13399   -0.11863   -0.11438
  -0.11068   -0.09856   -0.08540   -0.08099   -0.07986   -0.05833   -0.05285   -0.04278
   0.01672    0.02011    0.02445    0.05720    0.06445    0.25723    0.26422    0.26464
   0.27355    0.29511    0.30615    0.36943    0.42368    0.47733    0.50383    0.53198
   0.56692    0.57168    0.59445    0.64727    0.66762    0.70637    0.72923    0.79585
 kpt# 247, nband= 48, wtk=  1.00000, kpt=  0.3000 -0.1500  0.2250 (reduced coord)
  -2.85351   -2.66492   -1.70769   -1.70571   -1.70554   -1.52291   -1.52093   -1.52069
  -0.76576   -0.75843   -0.75352   -0.75245   -0.14829   -0.13417   -0.11840   -0.11373
  -0.10991   -0.09787   -0.08626   -0.08138   -0.07959   -0.05787   -0.05272   -0.04230
   0.01660    0.02009    0.02448    0.05774    0.06435    0.25599    0.26432    0.26488
   0.27036    0.29513    0.30566    0.36964    0.42205    0.47746    0.50692    0.53191
   0.56434    0.57396    0.59579    0.64739    0.67419    0.70334    0.73342    0.79255
 kpt# 248, nband= 48, wtk=  1.00000, kpt=  0.2889 -0.1444  0.2167 (reduced coord)
  -2.85351   -2.66492   -1.70769   -1.70569   -1.70554   -1.52291   -1.52090   -1.52070
  -0.76622   -0.75830   -0.75344   -0.75242   -0.14906   -0.13435   -0.11832   -0.11307
  -0.10908   -0.09699   -0.08726   -0.08163   -0.07936   -0.05736   -0.05255   -0.04182
   0.01644    0.02005    0.02449    0.05826    0.06430    0.25442    0.26414    0.26513
   0.26761    0.29529    0.30527    0.36989    0.42041    0.47749    0.50979    0.53171
   0.56155    0.57639    0.59760    0.64782    0.68013    0.70103    0.73772    0.78913
 kpt# 249, nband= 48, wtk=  1.00000, kpt=  0.2778 -0.1389  0.2083 (reduced coord)
  -2.85351   -2.66492   -1.70769   -1.70566   -1.70554   -1.52292   -1.52087   -1.52070
  -0.76668   -0.75817   -0.75338   -0.75238   -0.14986   -0.13455   -0.11835   -0.11244
  -0.10822   -0.09597   -0.08829   -0.08180   -0.07917   -0.05683   -0.05236   -0.04133
   0.01625    0.01999    0.02450    0.05877    0.06432    0.25239    0.26296    0.26538
   0.26623    0.29554    0.30495    0.37019    0.41878    0.47739    0.51234    0.53155
   0.55871    0.57882    0.59981    0.64850    0.68454    0.70034    0.74209    0.78560
 kpt# 250, nband= 48, wtk=  1.00000, kpt=  0.2667 -0.1333  0.2000 (reduced coord)
  -2.85351   -2.66492   -1.70770   -1.70564   -1.70554   -1.52292   -1.52085   -1.52070
  -0.76713   -0.75803   -0.75331   -0.75234   -0.15071   -0.13474   -0.11846   -0.11185
  -0.10734   -0.09487   -0.08925   -0.08193   -0.07902   -0.05627   -0.05214   -0.04083
   0.01602    0.01991    0.02451    0.05923    0.06441    0.24980    0.26112    0.26562
   0.26604    0.29586    0.30468    0.37053    0.41714    0.47715    0.51451    0.53151
   0.55599    0.58115    0.60234    0.64933    0.68621    0.70244    0.74650    0.78231
 kpt# 251, nband= 48, wtk=  1.00000, kpt=  0.2556 -0.1278  0.1917 (reduced coord)
  -2.85351   -2.66493   -1.70770   -1.70562   -1.70554   -1.52293   -1.52082   -1.52070
  -0.76758   -0.75788   -0.75325   -0.75231   -0.15159   -0.13491   -0.11862   -0.11132
  -0.10645   -0.09388   -0.08997   -0.08203   -0.07889   -0.05569   -0.05189   -0.04032
   0.01577    0.01981    0.02451    0.05963    0.06460    0.24670    0.25948    0.26587
   0.26618    0.29624    0.30444    0.37090    0.41551    0.47675    0.51626    0.53155
   0.55361    0.58334    0.60512    0.65021    0.68574    0.70666    0.75091    0.77952
 kpt# 252, nband= 48, wtk=  1.00000, kpt=  0.2444 -0.1222  0.1833 (reduced coord)
  -2.85351   -2.66493   -1.70770   -1.70561   -1.70555   -1.52293   -1.52079   -1.52070
  -0.76802   -0.75773   -0.75320   -0.75227   -0.15251   -0.13508   -0.11880   -0.11087
  -0.10554   -0.09343   -0.09005   -0.08211   -0.07875   -0.05510   -0.05160   -0.03981
   0.01549    0.01969    0.02451    0.05995    0.06489    0.24324    0.25814    0.26612
   0.26641    0.29665    0.30424    0.37131    0.41389    0.47619    0.51761    0.53147
   0.55183    0.58537    0.60806    0.65101    0.68463    0.71136    0.75527    0.77757
 kpt# 253, nband= 48, wtk=  1.00000, kpt=  0.2333 -0.1167  0.1750 (reduced coord)
  -2.85351   -2.66493   -1.70770   -1.70559   -1.70555   -1.52294   -1.52076   -1.52070
  -0.76845   -0.75757   -0.75315   -0.75224   -0.15344   -0.13522   -0.11900   -0.11052
  -0.10463   -0.09370   -0.08935   -0.08220   -0.07856   -0.05449   -0.05128   -0.03929
   0.01519    0.01956    0.02450    0.06019    0.06527    0.23957    0.25702    0.26636
   0.26667    0.29710    0.30406    0.37174    0.41229    0.47546    0.51864    0.53100
   0.55091    0.58724    0.61107    0.65158    0.68371    0.71557    0.75957    0.77685
 kpt# 254, nband= 48, wtk=  1.00000, kpt=  0.2222 -0.1111  0.1667 (reduced coord)
  -2.85351   -2.66493   -1.70771   -1.70557   -1.70555   -1.52294   -1.52074   -1.52071
  -0.76888   -0.75741   -0.75311   -0.75220   -0.15439   -0.13534   -0.11921   -0.11026
  -0.10371   -0.09430   -0.08836   -0.08229   -0.07824   -0.05388   -0.05093   -0.03877
   0.01487    0.01941    0.02450    0.06035    0.06574    0.23581    0.25605    0.26660
   0.26695    0.29757    0.30390    0.37219    0.41070    0.47458    0.51938    0.53002
   0.55098    0.58900    0.61406    0.65177    0.68334    0.71871    0.76388    0.77765
 kpt# 255, nband= 48, wtk=  1.00000, kpt=  0.2111 -0.1056  0.1583 (reduced coord)
  -2.85352   -2.66493   -1.70771   -1.70555   -1.70555   -1.52295   -1.52071   -1.52071
  -0.76929   -0.75725   -0.75308   -0.75217   -0.15535   -0.13544   -0.11940   -0.11011
  -0.10279   -0.09491   -0.08745   -0.08240   -0.07770   -0.05326   -0.05054   -0.03826
   0.01452    0.01924    0.02449    0.06045    0.06628    0.23203    0.25519    0.26684
   0.26724    0.29806    0.30376    0.37266    0.40914    0.47355    0.51978    0.52877
   0.55190    0.59065    0.61693    0.65148    0.68370    0.72048    0.76845    0.77997
 kpt# 256, nband= 48, wtk=  1.00000, kpt=  0.2000 -0.1000  0.1500 (reduced coord)
  -2.85352   -2.66493   -1.70771   -1.70555   -1.70553   -1.52295   -1.52071   -1.52068
  -0.76969   -0.75708   -0.75305   -0.75214   -0.15631   -0.13551   -0.11959   -0.11007
  -0.10187   -0.09545   -0.08677   -0.08256   -0.07686   -0.05265   -0.05012   -0.03774
   0.01416    0.01905    0.02449    0.06049    0.06685    0.22829    0.25440    0.26707
   0.26754    0.29856    0.30364    0.37314    0.40761    0.47240    0.51955    0.52779
   0.55340    0.59221    0.61960    0.65072    0.68480    0.72091    0.77358    0.78348
 kpt# 257, nband= 48, wtk=  1.00000, kpt=  0.1889 -0.0944  0.1417 (reduced coord)
  -2.85352   -2.66493   -1.70772   -1.70555   -1.70552   -1.52296   -1.52071   -1.52066
  -0.77008   -0.75692   -0.75303   -0.75211   -0.15727   -0.13557   -0.11976   -0.11015
  -0.10096   -0.09587   -0.08637   -0.08280   -0.07572   -0.05203   -0.04967   -0.03724
   0.01379    0.01886    0.02448    0.06051    0.06746    0.22461    0.25366    0.26730
   0.26784    0.29907    0.30354    0.37362    0.40613    0.47114    0.51840    0.52761
   0.55525    0.59368    0.62200    0.64956    0.68660    0.72027    0.77939    0.78779
 kpt# 258, nband= 48, wtk=  1.00000, kpt=  0.1778 -0.0889  0.1333 (reduced coord)
  -2.85352   -2.66493   -1.70772   -1.70555   -1.70550   -1.52296   -1.52071   -1.52064
  -0.77045   -0.75674   -0.75302   -0.75208   -0.15820   -0.13561   -0.11990   -0.11034
  -0.10006   -0.09617   -0.08621   -0.08311   -0.07433   -0.05142   -0.04919   -0.03675
   0.01341    0.01865    0.02448    0.06049    0.06807    0.22102    0.25298    0.26752
   0.26814    0.29958    0.30345    0.37410    0.40469    0.46980    0.51648    0.52826
   0.55728    0.59507    0.62405    0.64814    0.68897    0.71892    0.78576    0.79267
 kpt# 259, nband= 48, wtk=  1.00000, kpt=  0.1667 -0.0833  0.1250 (reduced coord)
  -2.85352   -2.66494   -1.70772   -1.70555   -1.70548   -1.52297   -1.52071   -1.52062
  -0.77081   -0.75657   -0.75301   -0.75206   -0.15912   -0.13564   -0.12002   -0.11062
  -0.09918   -0.09633   -0.08623   -0.08348   -0.07278   -0.05080   -0.04869   -0.03626
   0.01302    0.01843    0.02448    0.06046    0.06868    0.21756    0.25233    0.26774
   0.26843    0.30009    0.30338    0.37456    0.40331    0.46840    0.51416    0.52945
   0.55939    0.59635    0.62567    0.64660    0.69177    0.71719    0.79245    0.79807
 kpt# 260, nband= 48, wtk=  1.00000, kpt=  0.1556 -0.0778  0.1167 (reduced coord)
  -2.85352   -2.66494   -1.70772   -1.70555   -1.70547   -1.52297   -1.52071   -1.52059
  -0.77115   -0.75640   -0.75301   -0.75203   -0.16001   -0.13566   -0.12012   -0.11098
  -0.09834   -0.09637   -0.08638   -0.08389   -0.07115   -0.05019   -0.04818   -0.03580
   0.01263    0.01820    0.02448    0.06041    0.06927    0.21423    0.25172    0.26795
   0.26872    0.30059    0.30332    0.37501    0.40201    0.46697    0.51172    0.53097
   0.56150    0.59752    0.62678    0.64511    0.69489    0.71533    0.79902    0.80407
 kpt# 261, nband= 48, wtk=  1.00000, kpt=  0.1444 -0.0722  0.1083 (reduced coord)
  -2.85352   -2.66494   -1.70773   -1.70555   -1.70546   -1.52297   -1.52071   -1.52058
  -0.77147   -0.75623   -0.75302   -0.75200   -0.16086   -0.13566   -0.12019   -0.11140
  -0.09753   -0.09629   -0.08663   -0.08434   -0.06951   -0.04957   -0.04766   -0.03535
   0.01224    0.01797    0.02448    0.06035    0.06984    0.21105    0.25115    0.26814
   0.26900    0.30108    0.30328    0.37542    0.40078    0.46552    0.50928    0.53274
   0.56358    0.59855    0.62727    0.64382    0.69822    0.71349    0.80516    0.81092
 kpt# 262, nband= 48, wtk=  1.00000, kpt=  0.1333 -0.0667  0.1000 (reduced coord)
  -2.85352   -2.66494   -1.70773   -1.70556   -1.70544   -1.52298   -1.52072   -1.52056
  -0.77177   -0.75606   -0.75304   -0.75198   -0.16167   -0.13566   -0.12023   -0.11186
  -0.09677   -0.09611   -0.08695   -0.08480   -0.06790   -0.04894   -0.04715   -0.03493
   0.01186    0.01773    0.02448    0.06029    0.07037    0.20804    0.25061    0.26833
   0.26927    0.30154    0.30326    0.37579    0.39965    0.46407    0.50692    0.53467
   0.56561    0.59941    0.62709    0.64286    0.70166    0.71180    0.81095    0.82108
 kpt# 263, nband= 48, wtk=  1.00000, kpt=  0.1222 -0.0611  0.0917 (reduced coord)
  -2.85352   -2.66494   -1.70773   -1.70556   -1.70543   -1.52298   -1.52072   -1.52054
  -0.77205   -0.75589   -0.75306   -0.75196   -0.16243   -0.13565   -0.12024   -0.11233
  -0.09615   -0.09577   -0.08732   -0.08527   -0.06636   -0.04830   -0.04664   -0.03453
   0.01149    0.01750    0.02449    0.06022    0.07087    0.20522    0.25012    0.26850
   0.26953    0.30196    0.30327    0.37612    0.39862    0.46265    0.50470    0.53673
   0.56757    0.60009    0.62625    0.64227    0.70513    0.71033    0.81637    0.82683
 kpt# 264, nband= 48, wtk=  1.00000, kpt=  0.1111 -0.0556  0.0833 (reduced coord)
  -2.85352   -2.66494   -1.70773   -1.70556   -1.70542   -1.52298   -1.52072   -1.52052
  -0.77231   -0.75573   -0.75309   -0.75194   -0.16315   -0.13564   -0.12024   -0.11280
  -0.09575   -0.09519   -0.08773   -0.08573   -0.06491   -0.04766   -0.04615   -0.03416
   0.01114    0.01728    0.02449    0.06016    0.07133    0.20259    0.24966    0.26867
   0.26977    0.30232    0.30333    0.37640    0.39771    0.46127    0.50263    0.53888
   0.56945    0.60058    0.62485    0.64201    0.70828    0.70936    0.82172    0.84427
 kpt# 265, nband= 48, wtk=  1.00000, kpt=  0.1000 -0.0500  0.0750 (reduced coord)
  -2.85352   -2.66494   -1.70773   -1.70556   -1.70541   -1.52299   -1.52072   -1.52051
  -0.77254   -0.75557   -0.75313   -0.75192   -0.16381   -0.13563   -0.12021   -0.11326
  -0.09539   -0.09458   -0.08816   -0.08619   -0.06358   -0.04702   -0.04568   -0.03381
   0.01080    0.01706    0.02449    0.06009    0.07175    0.20017    0.24924    0.26882
   0.27000    0.30257    0.30349    0.37661    0.39691    0.45995    0.50073    0.54109
   0.57125    0.60085    0.62305    0.64199    0.70789    0.71208    0.82689    0.84189
 kpt# 266, nband= 48, wtk=  1.00000, kpt=  0.0889 -0.0444  0.0667 (reduced coord)
  -2.85352   -2.66494   -1.70773   -1.70556   -1.70540   -1.52299   -1.52072   -1.52050
  -0.77276   -0.75542   -0.75317   -0.75191   -0.16440   -0.13561   -0.12016   -0.11370
  -0.09502   -0.09401   -0.08860   -0.08664   -0.06239   -0.04638   -0.04525   -0.03350
   0.01048    0.01686    0.02450    0.06002    0.07212    0.19797    0.24886    0.26896
   0.27021    0.30270    0.30373    0.37677    0.39624    0.45871    0.49903    0.54332
   0.57295    0.60093    0.62099    0.64213    0.70710    0.71525    0.83207    0.84819
 kpt# 267, nband= 48, wtk=  1.00000, kpt=  0.0778 -0.0389  0.0583 (reduced coord)
  -2.85352   -2.66494   -1.70774   -1.70556   -1.70539   -1.52299   -1.52072   -1.52048
  -0.77295   -0.75527   -0.75322   -0.75189   -0.16494   -0.13560   -0.12011   -0.11410
  -0.09464   -0.09350   -0.08901   -0.08708   -0.06134   -0.04576   -0.04484   -0.03323
   0.01020    0.01667    0.02450    0.05996    0.07245    0.19601    0.24852    0.26908
   0.27040    0.30276    0.30402    0.37687    0.39568    0.45756    0.49752    0.54552
   0.57455    0.60082    0.61883    0.64234    0.70647    0.71823    0.83681    0.85112
 kpt# 268, nband= 48, wtk=  1.00000, kpt=  0.0667 -0.0333  0.0500 (reduced coord)
  -2.85352   -2.66494   -1.70774   -1.70556   -1.70539   -1.52299   -1.52072   -1.52047
  -0.77312   -0.75513   -0.75327   -0.75188   -0.16541   -0.13559   -0.12004   -0.11446
  -0.09424   -0.09305   -0.08940   -0.08751   -0.06044   -0.04517   -0.04448   -0.03298
   0.00994    0.01650    0.02451    0.05990    0.07273    0.19429    0.24822    0.26919
   0.27056    0.30279    0.30431    0.37693    0.39523    0.45652    0.49621    0.54765
   0.57604    0.60056    0.61666    0.64260    0.70601    0.72094    0.84303    0.85463
 kpt# 269, nband= 48, wtk=  1.00000, kpt=  0.0556 -0.0278  0.0417 (reduced coord)
  -2.85352   -2.66494   -1.70774   -1.70556   -1.70538   -1.52300   -1.52072   -1.52047
  -0.77326   -0.75500   -0.75333   -0.75187   -0.16581   -0.13558   -0.11998   -0.11477
  -0.09385   -0.09268   -0.08974   -0.08793   -0.05968   -0.04464   -0.04415   -0.03277
   0.00971    0.01635    0.02451    0.05985    0.07297    0.19281    0.24797    0.26928
   0.27071    0.30280    0.30457    0.37694    0.39489    0.45561    0.49510    0.54964
   0.57739    0.60017    0.61458    0.64287    0.70567    0.72332    0.84559    0.85445
 kpt# 270, nband= 48, wtk=  1.00000, kpt=  0.0444 -0.0222  0.0333 (reduced coord)
  -2.85352   -2.66494   -1.70774   -1.70556   -1.70538   -1.52300   -1.52072   -1.52046
  -0.77337   -0.75488   -0.75338   -0.75186   -0.16615   -0.13557   -0.11992   -0.11503
  -0.09347   -0.09238   -0.09002   -0.08833   -0.05908   -0.04421   -0.04385   -0.03260
   0.00952    0.01622    0.02452    0.05980    0.07316    0.19160    0.24776    0.26936
   0.27083    0.30281    0.30479    0.37693    0.39464    0.45484    0.49419    0.55144
   0.57858    0.59972    0.61271    0.64311    0.70544    0.72534    0.84945    0.85598
 kpt# 271, nband= 48, wtk=  1.00000, kpt=  0.0333 -0.0167  0.0250 (reduced coord)
  -2.85352   -2.66494   -1.70774   -1.70556   -1.70537   -1.52300   -1.52072   -1.52045
  -0.77347   -0.75478   -0.75343   -0.75185   -0.16641   -0.13557   -0.11987   -0.11523
  -0.09312   -0.09217   -0.09023   -0.08869   -0.05861   -0.04389   -0.04357   -0.03247
   0.00937    0.01612    0.02452    0.05977    0.07330    0.19064    0.24760    0.26942
   0.27092    0.30281    0.30498    0.37691    0.39446    0.45422    0.49349    0.55295
   0.57958    0.59926    0.61112    0.64333    0.70529    0.72695    0.85280    0.85768
 kpt# 272, nband= 48, wtk=  1.00000, kpt=  0.0222 -0.0111  0.0167 (reduced coord)
  -2.85352   -2.66494   -1.70774   -1.70556   -1.70537   -1.52300   -1.52072   -1.52045
  -0.77353   -0.75471   -0.75347   -0.75185   -0.16659   -0.13556   -0.11983   -0.11538
  -0.09282   -0.09204   -0.09036   -0.08899   -0.05829   -0.04370   -0.04332   -0.03238
   0.00927    0.01605    0.02452    0.05974    0.07341    0.18996    0.24748    0.26946
   0.27099    0.30281    0.30511    0.37688    0.39434    0.45378    0.49298    0.55411
   0.58033    0.59886    0.60991    0.64349    0.70520    0.72813    0.85687    0.86524
 kpt# 273, nband= 48, wtk=  1.00000, kpt=  0.0111 -0.0056  0.0083 (reduced coord)
  -2.85352   -2.66494   -1.70774   -1.70556   -1.70537   -1.52300   -1.52072   -1.52045
  -0.77357   -0.75466   -0.75350   -0.75185   -0.16671   -0.13556   -0.11981   -0.11546
  -0.09262   -0.09197   -0.09044   -0.08920   -0.05809   -0.04359   -0.04316   -0.03232
   0.00920    0.01600    0.02452    0.05972    0.07347    0.18955    0.24741    0.26949
   0.27103    0.30281    0.30519    0.37686    0.39427    0.45351    0.49268    0.55484
   0.58081    0.59858    0.60916    0.64359    0.70515    0.72884    0.85811    0.86000
 kpt# 274, nband= 48, wtk=  1.00000, kpt=  0.0000  0.0000  0.0000 (reduced coord)
  -2.85352   -2.66494   -1.70774   -1.70556   -1.70537   -1.52300   -1.52072   -1.52045
  -0.77358   -0.75464   -0.75351   -0.75185   -0.16674   -0.13556   -0.11980   -0.11549
  -0.09255   -0.09195   -0.09046   -0.08927   -0.05803   -0.04356   -0.04310   -0.03230
   0.00918    0.01599    0.02452    0.05972    0.07349    0.18941    0.24739    0.26949
   0.27104    0.30281    0.30521    0.37685    0.39425    0.45341    0.49258    0.55509
   0.58097    0.59848    0.60890    0.64363    0.70513    0.72908    0.85786    0.86053
 kpt# 275, nband= 48, wtk=  1.00000, kpt=  0.0000  0.0000  0.0167 (reduced coord)
  -2.85352   -2.66494   -1.70774   -1.70556   -1.70537   -1.52300   -1.52072   -1.52045
  -0.77356   -0.75464   -0.75351   -0.75185   -0.16668   -0.13553   -0.11983   -0.11543
  -0.09283   -0.09207   -0.09037   -0.08899   -0.05823   -0.04364   -0.04315   -0.03234
   0.00925    0.01604    0.02450    0.05972    0.07339    0.18969    0.24746    0.26947
   0.27101    0.30280    0.30511    0.37715    0.39455    0.45346    0.49263    0.55500
   0.58070    0.59849    0.60892    0.64340    0.70519    0.72807    0.85547    0.86140
 kpt# 276, nband= 48, wtk=  1.00000, kpt=  0.0000  0.0000  0.0333 (reduced coord)
  -2.85352   -2.66494   -1.70774   -1.70556   -1.70537   -1.52300   -1.52072   -1.52046
  -0.77348   -0.75464   -0.75352   -0.75185   -0.16647   -0.13546   -0.11991   -0.11525
  -0.09352   -0.09242   -0.09012   -0.08834   -0.05884   -0.04386   -0.04331   -0.03244
   0.00946    0.01621    0.02444    0.05972    0.07310    0.19053    0.24768    0.26939
   0.27089    0.30279    0.30479    0.37803    0.39545    0.45359    0.49279    0.55472
   0.57992    0.59850    0.60900    0.64271    0.70538    0.72513    0.84951    0.86511
 kpt# 277, nband= 48, wtk=  1.00000, kpt=  0.0000  0.0000  0.0500 (reduced coord)
  -2.85352   -2.66494   -1.70774   -1.70556   -1.70539   -1.52299   -1.52072   -1.52047
  -0.77336   -0.75463   -0.75353   -0.75185   -0.16613   -0.13534   -0.12003   -0.11494
  -0.09436   -0.09301   -0.08973   -0.08754   -0.05984   -0.04424   -0.04358   -0.03262
   0.00979    0.01649    0.02434    0.05972    0.07261    0.19192    0.24805    0.26926
   0.27070    0.30277    0.30429    0.37949    0.39692    0.45379    0.49304    0.55416
   0.57876    0.59852    0.60912    0.64149    0.70578    0.72057    0.84148    0.87076
 kpt# 278, nband= 48, wtk=  1.00000, kpt=  0.0000  0.0000  0.0667 (reduced coord)
  -2.85352   -2.66494   -1.70773   -1.70556   -1.70540   -1.52299   -1.52072   -1.52050
  -0.77318   -0.75463   -0.75355   -0.75186   -0.16565   -0.13517   -0.12019   -0.11451
  -0.09528   -0.09383   -0.08919   -0.08670   -0.06118   -0.04476   -0.04394   -0.03287
   0.01022    0.01686    0.02421    0.05972    0.07196    0.19385    0.24855    0.26907
   0.27045    0.30274    0.30362    0.38152    0.39893    0.45408    0.49339    0.55321
   0.57738    0.59853    0.60929    0.63969    0.70647    0.71475    0.83275    0.87109
 kpt# 279, nband= 48, wtk=  1.00000, kpt=  0.0000  0.0000  0.0833 (reduced coord)
  -2.85352   -2.66494   -1.70773   -1.70556   -1.70542   -1.52298   -1.52072   -1.52052
  -0.77296   -0.75462   -0.75357   -0.75187   -0.16505   -0.13496   -0.12036   -0.11397
  -0.09621   -0.09484   -0.08853   -0.08586   -0.06286   -0.04542   -0.04442   -0.03320
   0.01074    0.01733    0.02404    0.05973    0.07115    0.19629    0.24918    0.26884
   0.27013    0.30270    0.30282    0.38408    0.40144    0.45442    0.49385    0.55171
   0.57604    0.59853    0.60950    0.63728    0.70756    0.70803    0.82375    0.86027
 kpt# 280, nband= 48, wtk=  1.00000, kpt=  0.0000  0.0000  0.1000 (reduced coord)
  -2.85352   -2.66494   -1.70773   -1.70555   -1.70544   -1.52298   -1.52072   -1.52056
  -0.77268   -0.75462   -0.75359   -0.75188   -0.16432   -0.13472   -0.12054   -0.11330
  -0.09714   -0.09604   -0.08778   -0.08505   -0.06484   -0.04619   -0.04500   -0.03361
   0.01131    0.01788    0.02384    0.05973    0.07019    0.19921    0.24993    0.26856
   0.26975    0.30193    0.30266    0.38714    0.40441    0.45481    0.49440    0.54953
   0.57494    0.59850    0.60975    0.63425    0.70070    0.70910    0.81469    0.84965
 kpt# 281, nband= 48, wtk=  1.00000, kpt=  0.0000  0.0000  0.1167 (reduced coord)
  -2.85352   -2.66494   -1.70772   -1.70555   -1.70547   -1.52297   -1.52071   -1.52059
  -0.77237   -0.75462   -0.75362   -0.75189   -0.16347   -0.13443   -0.12071   -0.11252
  -0.09805   -0.09741   -0.08695   -0.08427   -0.06704   -0.04707   -0.04568   -0.03410
   0.01191    0.01850    0.02361    0.05974    0.06912    0.20260    0.25079    0.26824
   0.26933    0.30099    0.30262    0.39068    0.40778    0.45523    0.49506    0.54660
   0.57423    0.59845    0.61002    0.63066    0.69299    0.71113    0.80576    0.83971
 kpt# 282, nband= 48, wtk=  1.00000, kpt=  0.0000  0.0000  0.1333 (reduced coord)
  -2.85352   -2.66493   -1.70772   -1.70555   -1.70550   -1.52296   -1.52071   -1.52064
  -0.77201   -0.75463   -0.75365   -0.75190   -0.16251   -0.13412   -0.12084   -0.11162
  -0.09894   -0.09891   -0.08607   -0.08354   -0.06945   -0.04803   -0.04646   -0.03467
   0.01252    0.01918    0.02335    0.05975    0.06797    0.20640    0.25176    0.26788
   0.26887    0.30002    0.30259    0.39466    0.41151    0.45567    0.49583    0.54295
   0.57395    0.59833    0.61030    0.62660    0.68508    0.71365    0.79704    0.83013
 kpt# 283, nband= 48, wtk=  1.00000, kpt=  0.0000  0.0000  0.1500 (reduced coord)
  -2.85352   -2.66493   -1.70771   -1.70555   -1.70553   -1.52295   -1.52071   -1.52069
  -0.77161   -0.75464   -0.75368   -0.75191   -0.16144   -0.13378   -0.12093   -0.11061
  -0.10053   -0.09980   -0.08517   -0.08285   -0.07202   -0.04908   -0.04733   -0.03533
   0.01310    0.01991    0.02308    0.05976    0.06675    0.21060    0.25282    0.26748
   0.26838    0.29905    0.30256    0.39904    0.41556    0.45607    0.49669    0.53868
   0.57404    0.59815    0.61060    0.62219    0.67708    0.71663    0.78863    0.82085
 kpt# 284, nband= 48, wtk=  1.00000, kpt=  0.0000  0.0000  0.1667 (reduced coord)
  -2.85351   -2.66493   -1.70771   -1.70557   -1.70555   -1.52294   -1.52074   -1.52070
  -0.77117   -0.75465   -0.75372   -0.75192   -0.16027   -0.13342   -0.12095   -0.10949
  -0.10222   -0.10061   -0.08428   -0.08223   -0.07471   -0.05018   -0.04827   -0.03607
   0.01366    0.02068    0.02280    0.05978    0.06549    0.21514    0.25396    0.26704
   0.26786    0.29812    0.30254    0.40377    0.41988    0.45642    0.49767    0.53397
   0.57438    0.59787    0.61089    0.61760    0.66908    0.72001    0.78056    0.81181
 kpt# 285, nband= 48, wtk=  1.00000, kpt=  0.0000  0.0000  0.1833 (reduced coord)
  -2.85351   -2.66493   -1.70770   -1.70561   -1.70555   -1.52293   -1.52079   -1.52070
  -0.77069   -0.75468   -0.75375   -0.75194   -0.15900   -0.13305   -0.12090   -0.10826
  -0.10399   -0.10138   -0.08342   -0.08166   -0.07748   -0.05133   -0.04930   -0.03691
   0.01416    0.02148    0.02250    0.05982    0.06422    0.21998    0.25518    0.26658
   0.26732    0.29723    0.30255    0.40883    0.42444    0.45666    0.49875    0.52895
   0.57481    0.59747    0.61116    0.61300    0.66116    0.72374    0.77288    0.80315
 kpt# 286, nband= 48, wtk=  1.00000, kpt=  0.0000  0.0000  0.2000 (reduced coord)
  -2.85351   -2.66492   -1.70769   -1.70564   -1.70554   -1.52292   -1.52085   -1.52070
  -0.77019   -0.75471   -0.75379   -0.75195   -0.15766   -0.13268   -0.12077   -0.10693
  -0.10579   -0.10211   -0.08262   -0.08117   -0.08031   -0.05249   -0.05036   -0.03784
   0.01459    0.02220    0.02229    0.05986    0.06296    0.22506    0.25648    0.26610
   0.26678    0.29641    0.30258    0.41416    0.42919    0.45671    0.49995    0.52378
   0.57514    0.59692    0.60866    0.61139    0.65336    0.72774    0.76566    0.79485
 kpt# 287, nband= 48, wtk=  1.00000, kpt=  0.0000  0.0000  0.2167 (reduced coord)
  -2.85351   -2.66492   -1.70769   -1.70568   -1.70554   -1.52291   -1.52090   -1.52069
  -0.76965   -0.75476   -0.75384   -0.75197   -0.15625   -0.13232   -0.12055   -0.10759
  -0.10550   -0.10278   -0.08314   -0.08192   -0.08075   -0.05367   -0.05146   -0.03887
   0.01495    0.02190    0.02310    0.05991    0.06172    0.23034    0.25786    0.26560
   0.26623    0.29566    0.30265    0.41973    0.43412    0.45651    0.50125    0.51861
   0.57508    0.59619    0.60488    0.61157    0.64572    0.73189    0.75892    0.78686
 kpt# 288, nband= 48, wtk=  1.00000, kpt=  0.0000  0.0000  0.2333 (reduced coord)
  -2.85351   -2.66492   -1.70768   -1.70573   -1.70554   -1.52290   -1.52096   -1.52069
  -0.76909   -0.75482   -0.75388   -0.75198   -0.15478   -0.13198   -0.12024   -0.10938
  -0.10397   -0.10339   -0.08598   -0.08135   -0.08040   -0.05484   -0.05256   -0.04000
   0.01523    0.02161    0.02391    0.05998    0.06053    0.23570    0.25937    0.26509
   0.26567    0.29499    0.30278    0.42550    0.43918    0.45592    0.50266    0.51362
   0.57428    0.59524    0.60206    0.61168    0.63827    0.73599    0.75271    0.77932
 kpt# 289, nband= 48, wtk=  1.00000, kpt=  0.0000  0.0000  0.2500 (reduced coord)
  -2.85350   -2.66492   -1.70767   -1.70577   -1.70553   -1.52289   -1.52102   -1.52069
  -0.76850   -0.75490   -0.75392   -0.75200   -0.15327   -0.13167   -0.11981   -0.11111
  -0.10395   -0.10235   -0.08877   -0.08095   -0.08014   -0.05598   -0.05363   -0.04123
   0.01542    0.02132    0.02471    0.05940    0.06006    0.24104    0.26108    0.26457
   0.26513    0.29441    0.30298    0.43141    0.44434    0.45483    0.50419    0.50897
   0.57247    0.59406    0.60054    0.61169    0.63103    0.73969    0.74706    0.77212
 kpt# 290, nband= 48, wtk=  1.00000, kpt=  0.0000  0.0000  0.2667 (reduced coord)
  -2.85350   -2.66491   -1.70767   -1.70581   -1.70553   -1.52288   -1.52109   -1.52068
  -0.76789   -0.75500   -0.75396   -0.75202   -0.15172   -0.13141   -0.11928   -0.11275
  -0.10446   -0.10065   -0.09151   -0.08076   -0.07995   -0.05708   -0.05464   -0.04255
   0.01553    0.02105    0.02549    0.05833    0.06015    0.24614    0.26311    0.26404
   0.26459    0.29391    0.30327    0.43743    0.44959    0.45307    0.50485    0.50583
   0.56963    0.59261    0.60037    0.61159    0.62400    0.74200    0.74230    0.76538
 kpt# 291, nband= 48, wtk=  1.00000, kpt=  0.0000  0.0000  0.2833 (reduced coord)
  -2.85350   -2.66491   -1.70766   -1.70585   -1.70553   -1.52287   -1.52114   -1.52068
  -0.76727   -0.75512   -0.75401   -0.75203   -0.15017   -0.13121   -0.11864   -0.11430
  -0.10490   -0.09886   -0.09415   -0.08080   -0.07985   -0.05813   -0.05554   -0.04398
   0.01556    0.02079    0.02625    0.05735    0.06026    0.25070    0.26353    0.26407
   0.26571    0.29349    0.30370    0.44351    0.45052    0.45490    0.50142    0.50758
   0.56599    0.59087    0.60134    0.61135    0.61722    0.73755    0.74278    0.75910
 kpt# 292, nband= 48, wtk=  1.00000, kpt=  0.0000  0.0000  0.3000 (reduced coord)
  -2.85350   -2.66491   -1.70765   -1.70589   -1.70553   -1.52286   -1.52120   -1.52068
  -0.76664   -0.75526   -0.75405   -0.75205   -0.14861   -0.13107   -0.11787   -0.11571
  -0.10528   -0.09701   -0.09670   -0.08112   -0.07983   -0.05911   -0.05630   -0.04550
   0.01552    0.02054    0.02697    0.05646    0.06038    0.25440    0.26302    0.26357
   0.26912    0.29315    0.30432    0.44711    0.44960    0.46024    0.49879    0.50944
   0.56188    0.58882    0.60317    0.61067    0.61096    0.73373    0.74026    0.75330
 kpt# 293, nband= 48, wtk=  1.00000, kpt=  0.0000  0.0000  0.3167 (reduced coord)
  -2.85350   -2.66491   -1.70765   -1.70593   -1.70552   -1.52284   -1.52126   -1.52067
  -0.76600   -0.75543   -0.75409   -0.75206   -0.14708   -0.13101   -0.11700   -0.11698
  -0.10561   -0.09912   -0.09508   -0.08173   -0.07989   -0.06001   -0.05691   -0.04711
   0.01541    0.02032    0.02766    0.05564    0.06051    0.25712    0.26253    0.26310
   0.27330    0.29287    0.30522    0.44285    0.45564    0.46558    0.49696    0.51142
   0.55756    0.58647    0.60437    0.60563    0.61039    0.73052    0.73506    0.74801
 kpt# 294, nband= 48, wtk=  1.00000, kpt=  0.0000  0.0000  0.3333 (reduced coord)
  -2.85349   -2.66490   -1.70764   -1.70597   -1.70552   -1.52283   -1.52131   -1.52067
  -0.76536   -0.75562   -0.75413   -0.75208   -0.14560   -0.13101   -0.11809   -0.11600
  -0.10589   -0.10139   -0.09309   -0.08262   -0.08002   -0.06082   -0.05736   -0.04880
   0.01524    0.02012    0.02830    0.05492    0.06065    0.25907    0.26206    0.26265
   0.27790    0.29267    0.30653    0.43782    0.46159    0.47089    0.49586    0.51351
   0.55321    0.58383    0.59834    0.60857    0.60965    0.72792    0.72826    0.74323
 kpt# 295, nband= 48, wtk=  1.00000, kpt=  0.0000  0.0000  0.3500 (reduced coord)
  -2.85349   -2.66490   -1.70763   -1.70601   -1.70552   -1.52282   -1.52136   -1.52067
  -0.76471   -0.75584   -0.75416   -0.75209   -0.14419   -0.13107   -0.11906   -0.11488
  -0.10611   -0.10351   -0.09104   -0.08377   -0.08021   -0.06153   -0.05765   -0.05057
   0.01503    0.01993    0.02889    0.05429    0.06079    0.26051    0.26162    0.26223
   0.28243    0.29251    0.30847    0.43217    0.46738    0.47616    0.49538    0.51571
   0.54893    0.58091    0.59257    0.60873    0.61191    0.72072    0.72589    0.73900
 kpt# 296, nband= 48, wtk=  1.00000, kpt=  0.0000  0.0000  0.3667 (reduced coord)
  -2.85349   -2.66490   -1.70763   -1.70604   -1.70552   -1.52282   -1.52141   -1.52066
  -0.76407   -0.75608   -0.75420   -0.75210   -0.14288   -0.13115   -0.11990   -0.11366
  -0.10629   -0.10544   -0.08895   -0.08517   -0.08046   -0.06216   -0.05783   -0.05242
   0.01479    0.01977    0.02943    0.05373    0.06093    0.26120    0.26161    0.26184
   0.28643    0.29240    0.31127    0.42604    0.47294    0.48133    0.49540    0.51801
   0.54481    0.57777    0.58707    0.60763    0.61560    0.71291    0.72437    0.73529
 kpt# 297, nband= 48, wtk=  1.00000, kpt=  0.0000  0.0000  0.3833 (reduced coord)
  -2.85349   -2.66490   -1.70763   -1.70607   -1.70552   -1.52281   -1.52145   -1.52066
  -0.76344   -0.75635   -0.75423   -0.75212   -0.14172   -0.13119   -0.12064   -0.11232
  -0.10717   -0.10643   -0.08683   -0.08676   -0.08074   -0.06269   -0.05790   -0.05432
   0.01454    0.01963    0.02992    0.05325    0.06107    0.26083    0.26150    0.26247
   0.28960    0.29233    0.31507    0.41958    0.47820    0.48636    0.49579    0.52039
   0.54091    0.57445    0.58186    0.60640    0.61960    0.70506    0.72332    0.73213
 kpt# 298, nband= 48, wtk=  1.00000, kpt=  0.0000  0.0000  0.4000 (reduced coord)
  -2.85349   -2.66490   -1.70762   -1.70609   -1.70551   -1.52280   -1.52149   -1.52066
  -0.76282   -0.75665   -0.75426   -0.75213   -0.14073   -0.13114   -0.12133   -0.11087
  -0.10867   -0.10653   -0.08850   -0.08468   -0.08103   -0.06313   -0.05789   -0.05628
   0.01428    0.01951    0.03035    0.05286    0.06119    0.26049    0.26120    0.26315
   0.29191    0.29229    0.31982    0.41292    0.48307    0.49121    0.49645    0.52284
   0.53728    0.57105    0.57696    0.60507    0.62390    0.69733    0.72266    0.72948
 kpt# 299, nband= 48, wtk=  1.00000, kpt=  0.0000  0.0000  0.4167 (reduced coord)
  -2.85349   -2.66489   -1.70762   -1.70612   -1.70551   -1.52279   -1.52152   -1.52066
  -0.76222   -0.75697   -0.75428   -0.75213   -0.13996   -0.13094   -0.12200   -0.10994
  -0.10931   -0.10659   -0.09036   -0.08254   -0.08132   -0.06349   -0.05827   -0.05785
   0.01404    0.01941    0.03072    0.05253    0.06131    0.26021    0.26093    0.26370
   0.29228    0.29350    0.32526    0.40618    0.48746    0.49578    0.49730    0.52531
   0.53397    0.56764    0.57241    0.60372    0.62850    0.68977    0.72230    0.72733
 kpt# 300, nband= 48, wtk=  1.00000, kpt=  0.0000  0.0000  0.4333 (reduced coord)
  -2.85349   -2.66489   -1.70761   -1.70614   -1.70551   -1.52279   -1.52155   -1.52065
  -0.76164   -0.75731   -0.75430   -0.75214   -0.13942   -0.13057   -0.12269   -0.11096
  -0.10767   -0.10664   -0.09230   -0.08159   -0.08041   -0.06378   -0.06026   -0.05778
   0.01382    0.01933    0.03102    0.05227    0.06141    0.25996    0.26072    0.26412
   0.29227    0.29458    0.33105    0.39952    0.49126    0.49823    0.49995    0.52776
   0.53105    0.56438    0.56827    0.60242    0.63337    0.68243    0.72216    0.72564
 kpt# 301, nband= 48, wtk=  1.00000, kpt=  0.0000  0.0000  0.4500 (reduced coord)
  -2.85348   -2.66489   -1.70761   -1.70615   -1.70551   -1.52278   -1.52157   -1.52065
  -0.76110   -0.75767   -0.75431   -0.75215   -0.13907   -0.13006   -0.12338   -0.11173
  -0.10667   -0.10593   -0.09428   -0.08182   -0.07837   -0.06399   -0.06221   -0.05771
   0.01364    0.01926    0.03126    0.05207    0.06149    0.25977    0.26055    0.26444
   0.29227    0.29529    0.33684    0.39317    0.49437    0.49916    0.50358    0.52860
   0.53007    0.56144    0.56464    0.60126    0.63852    0.67534    0.72216    0.72437
 kpt# 302, nband= 48, wtk=  1.00000, kpt=  0.0000  0.0000  0.4667 (reduced coord)
  -2.85348   -2.66489   -1.70761   -1.70616   -1.70551   -1.52278   -1.52159   -1.52065
  -0.76062   -0.75802   -0.75433   -0.75215   -0.13888   -0.12949   -0.12404   -0.11226
  -0.10669   -0.10412   -0.09629   -0.08199   -0.07651   -0.06414   -0.06400   -0.05765
   0.01350    0.01922    0.03143    0.05193    0.06155    0.25963    0.26042    0.26466
   0.29228    0.29575    0.34215    0.38751    0.49667    0.49996    0.50646    0.52671
   0.53206    0.55904    0.56171    0.60035    0.64396    0.66851    0.72223    0.72350
 kpt# 303, nband= 48, wtk=  1.00000, kpt=  0.0000  0.0000  0.4833 (reduced coord)
  -2.85348   -2.66489   -1.70761   -1.70617   -1.70551   -1.52278   -1.52160   -1.52065
  -0.76024   -0.75832   -0.75433   -0.75215   -0.13879   -0.12900   -0.12456   -0.11258
  -0.10670   -0.10225   -0.09828   -0.08210   -0.07505   -0.06542   -0.06423   -0.05761
   0.01341    0.01919    0.03153    0.05184    0.06158    0.25955    0.26035    0.26478
   0.29228    0.29600    0.34618    0.38328    0.49810    0.50052    0.50833    0.52551
   0.53347    0.55745    0.55973    0.59977    0.64967    0.66196    0.72230    0.72299
 kpt# 304, nband= 48, wtk=  1.00000, kpt=  0.0000  0.0000  0.5000 (reduced coord)
  -2.85348   -2.66489   -1.70761   -1.70617   -1.70551   -1.52278   -1.52160   -1.52065
  -0.76008   -0.75845   -0.75433   -0.75216   -0.13876   -0.12879   -0.12477   -0.11267
  -0.10670   -0.10061   -0.09995   -0.08213   -0.07445   -0.06599   -0.06426   -0.05760
   0.01338    0.01919    0.03157    0.05182    0.06160    0.25952    0.26032    0.26483
   0.29229    0.29609    0.34776    0.38164    0.49858    0.50072    0.50899    0.52510
   0.53399    0.55689    0.55903    0.59957    0.65546    0.65589    0.72233    0.72282
 kpt# 305, nband= 48, wtk=  1.00000, kpt=  0.0111 -0.0056  0.4917 (reduced coord)
  -2.85348   -2.66489   -1.70761   -1.70617   -1.70551   -1.52278   -1.52160   -1.52065
  -0.76012   -0.75842   -0.75434   -0.75216   -0.13876   -0.12888   -0.12470   -0.11270
  -0.10671   -0.10129   -0.09922   -0.08213   -0.07459   -0.06581   -0.06425   -0.05761
   0.01339    0.01918    0.03155    0.05182    0.06160    0.25953    0.26033    0.26483
   0.29228    0.29609    0.34737    0.38208    0.49680    0.50236    0.50873    0.52512
   0.53355    0.55731    0.55935    0.59962    0.65255    0.65867    0.72232    0.72301
 kpt# 306, nband= 48, wtk=  1.00000, kpt=  0.0222 -0.0111  0.4833 (reduced coord)
  -2.85348   -2.66489   -1.70761   -1.70617   -1.70551   -1.52278   -1.52160   -1.52065
  -0.76022   -0.75832   -0.75434   -0.75216   -0.13877   -0.12912   -0.12452   -0.11276
  -0.10674   -0.10215   -0.09819   -0.08212   -0.07498   -0.06531   -0.06421   -0.05763
   0.01341    0.01918    0.03151    0.05181    0.06161    0.25955    0.26034    0.26482
   0.29227    0.29611    0.34626    0.38332    0.49413    0.50461    0.50796    0.52516
   0.53243    0.55793    0.56079    0.59975    0.64940    0.66145    0.72233    0.72356
 kpt# 307, nband= 48, wtk=  1.00000, kpt=  0.0333 -0.0167  0.4750 (reduced coord)
  -2.85348   -2.66489   -1.70761   -1.70617   -1.70551   -1.52278   -1.52159   -1.52065
  -0.76038   -0.75817   -0.75436   -0.75216   -0.13878   -0.12946   -0.12425   -0.11287
  -0.10679   -0.10295   -0.09711   -0.08210   -0.07554   -0.06456   -0.06414   -0.05768
   0.01345    0.01917    0.03143    0.05179    0.06164    0.25958    0.26036    0.26481
   0.29225    0.29614    0.34457    0.38525    0.49123    0.50615    0.50731    0.52519
   0.53105    0.55827    0.56345    0.59993    0.64630    0.66396    0.72233    0.72448
 kpt# 308, nband= 48, wtk=  1.00000, kpt=  0.0444 -0.0222  0.4667 (reduced coord)
  -2.85348   -2.66489   -1.70761   -1.70616   -1.70551   -1.52278   -1.52159   -1.52065
  -0.76057   -0.75801   -0.75437   -0.75217   -0.13881   -0.12986   -0.12395   -0.11301
  -0.10687   -0.10368   -0.09599   -0.08207   -0.07619   -0.06409   -0.06360   -0.05774
   0.01351    0.01916    0.03133    0.05177    0.06168    0.25963    0.26039    0.26479
   0.29222    0.29618    0.34246    0.38769    0.48814    0.50461    0.50913    0.52518
   0.52980    0.55853    0.56679    0.60007    0.64335    0.66617    0.72234    0.72579
 kpt# 309, nband= 48, wtk=  1.00000, kpt=  0.0556 -0.0278  0.4583 (reduced coord)
  -2.85348   -2.66489   -1.70761   -1.70616   -1.70551   -1.52278   -1.52158   -1.52065
  -0.76077   -0.75782   -0.75439   -0.75218   -0.13886   -0.13026   -0.12363   -0.11320
  -0.10699   -0.10431   -0.09485   -0.08204   -0.07688   -0.06397   -0.06257   -0.05780
   0.01358    0.01915    0.03120    0.05174    0.06172    0.25969    0.26043    0.26477
   0.29218    0.29623    0.34006    0.39050    0.48485    0.50234    0.51109    0.52503
   0.52896    0.55884    0.57050    0.60007    0.64069    0.66801    0.72237    0.72748
 kpt# 310, nband= 48, wtk=  1.00000, kpt=  0.0667 -0.0333  0.4500 (reduced coord)
  -2.85348   -2.66489   -1.70761   -1.70615   -1.70551   -1.52278   -1.52157   -1.52065
  -0.76099   -0.75764   -0.75442   -0.75218   -0.13894   -0.13065   -0.12332   -0.11343
  -0.10717   -0.10482   -0.09372   -0.08200   -0.07757   -0.06384   -0.06147   -0.05785
   0.01367    0.01914    0.03104    0.05171    0.06178    0.25976    0.26047    0.26475
   0.29213    0.29630    0.33749    0.39360    0.48137    0.49969    0.51286    0.52478
   0.52866    0.55922    0.57438    0.59979    0.63846    0.66947    0.72242    0.72956
 kpt# 311, nband= 48, wtk=  1.00000, kpt=  0.0778 -0.0389  0.4417 (reduced coord)
  -2.85348   -2.66489   -1.70761   -1.70614   -1.70551   -1.52279   -1.52156   -1.52065
  -0.76122   -0.75745   -0.75445   -0.75220   -0.13907   -0.13098   -0.12303   -0.11369
  -0.10743   -0.10521   -0.09259   -0.08196   -0.07824   -0.06368   -0.06033   -0.05788
   0.01377    0.01912    0.03086    0.05167    0.06185    0.25984    0.26052    0.26471
   0.29206    0.29639    0.33481    0.39690    0.47767    0.49677    0.51434    0.52462
   0.52877    0.55971    0.57831    0.59912    0.63681    0.67054    0.72249    0.73200
 kpt# 312, nband= 48, wtk=  1.00000, kpt=  0.0889 -0.0444  0.4333 (reduced coord)
  -2.85349   -2.66489   -1.70761   -1.70614   -1.70551   -1.52279   -1.52155   -1.52066
  -0.76144   -0.75726   -0.75448   -0.75221   -0.13926   -0.13123   -0.12276   -0.11397
  -0.10777   -0.10546   -0.09149   -0.08191   -0.07887   -0.06351   -0.05923   -0.05782
   0.01389    0.01911    0.03065    0.05163    0.06193    0.25994    0.26058    0.26466
   0.29198    0.29649    0.33209    0.40035    0.47377    0.49367    0.51541    0.52481
   0.52916    0.56032    0.58219    0.59799    0.63585    0.67124    0.72260    0.73479
 kpt# 313, nband= 48, wtk=  1.00000, kpt=  0.1000 -0.0500  0.4250 (reduced coord)
  -2.85349   -2.66489   -1.70762   -1.70613   -1.70551   -1.52279   -1.52154   -1.52066
  -0.76167   -0.75708   -0.75452   -0.75222   -0.13951   -0.13138   -0.12253   -0.11429
  -0.10817   -0.10561   -0.09043   -0.08187   -0.07945   -0.06331   -0.05843   -0.05742
   0.01402    0.01909    0.03043    0.05159    0.06201    0.26005    0.26065    0.26460
   0.29187    0.29662    0.32937    0.40390    0.46968    0.49046    0.51598    0.52550
   0.52972    0.56106    0.58583    0.59648    0.63564    0.67159    0.72274    0.73790
 kpt# 314, nband= 48, wtk=  1.00000, kpt=  0.1111 -0.0556  0.4167 (reduced coord)
  -2.85349   -2.66489   -1.70762   -1.70612   -1.70551   -1.52279   -1.52152   -1.52066
  -0.76189   -0.75691   -0.75456   -0.75224   -0.13983   -0.13142   -0.12235   -0.11462
  -0.10861   -0.10568   -0.08943   -0.08182   -0.07997   -0.06310   -0.05816   -0.05646
   0.01416    0.01908    0.03018    0.05155    0.06211    0.26016    0.26072    0.26453
   0.29173    0.29676    0.32668    0.40754    0.46541    0.48721    0.51611    0.52665
   0.53041    0.56194    0.58861    0.59519    0.63615    0.67164    0.72291    0.74128
 kpt# 315, nband= 48, wtk=  1.00000, kpt=  0.1222 -0.0611  0.4083 (reduced coord)
  -2.85349   -2.66489   -1.70762   -1.70611   -1.70551   -1.52280   -1.52151   -1.52066
  -0.76211   -0.75675   -0.75460   -0.75225   -0.14022   -0.13135   -0.12221   -0.11495
  -0.10906   -0.10569   -0.08850   -0.08179   -0.08042   -0.06287   -0.05803   -0.05533
   0.01431    0.01906    0.02991    0.05151    0.06221    0.26029    0.26080    0.26445
   0.29157    0.29692    0.32405    0.41123    0.46098    0.48394    0.51594    0.52813
   0.53120    0.56297    0.58865    0.59605    0.63730    0.67143    0.72312    0.74491
 kpt# 316, nband= 48, wtk=  1.00000, kpt=  0.1333 -0.0667  0.4000 (reduced coord)
  -2.85349   -2.66490   -1.70762   -1.70609   -1.70551   -1.52280   -1.52149   -1.52066
  -0.76233   -0.75661   -0.75464   -0.75227   -0.14065   -0.13116   -0.12213   -0.11529
  -0.10952   -0.10566   -0.08765   -0.08180   -0.08078   -0.06261   -0.05788   -0.05419
   0.01447    0.01905    0.02962    0.05148    0.06232    0.26043    0.26089    0.26435
   0.29138    0.29710    0.32150    0.41497    0.45643    0.48068    0.51562    0.52979
   0.53205    0.56414    0.58627    0.59883    0.63899    0.67102    0.72335    0.74871
 kpt# 317, nband= 48, wtk=  1.00000, kpt=  0.1444 -0.0722  0.3917 (reduced coord)
  -2.85349   -2.66490   -1.70762   -1.70608   -1.70552   -1.52280   -1.52147   -1.52066
  -0.76253   -0.75649   -0.75467   -0.75229   -0.14112   -0.13087   -0.12212   -0.11561
  -0.10997   -0.10559   -0.08689   -0.08187   -0.08101   -0.06234   -0.05768   -0.05307
   0.01464    0.01904    0.02933    0.05147    0.06244    0.26058    0.26098    0.26423
   0.29115    0.29729    0.31905    0.41871    0.45178    0.47744    0.51522    0.53154
   0.53297    0.56546    0.58314    0.60195    0.64113    0.67049    0.72360    0.75267
 kpt# 318, nband= 48, wtk=  1.00000, kpt=  0.1556 -0.0778  0.3833 (reduced coord)
  -2.85349   -2.66490   -1.70763   -1.70607   -1.70552   -1.52281   -1.52145   -1.52066
  -0.76273   -0.75639   -0.75470   -0.75231   -0.14161   -0.13049   -0.12219   -0.11591
  -0.11041   -0.10549   -0.08622   -0.08203   -0.08109   -0.06205   -0.05743   -0.05198
   0.01481    0.01904    0.02902    0.05146    0.06257    0.26073    0.26108    0.26409
   0.29088    0.29749    0.31673    0.42244    0.44707    0.47424    0.51477    0.53333
   0.53392    0.56691    0.57975    0.60501    0.64360    0.66990    0.72387    0.75674
 kpt# 319, nband= 48, wtk=  1.00000, kpt=  0.1667 -0.0833  0.3750 (reduced coord)
  -2.85349   -2.66490   -1.70763   -1.70605   -1.70552   -1.52281   -1.52143   -1.52066
  -0.76293   -0.75633   -0.75471   -0.75233   -0.14210   -0.13003   -0.12233   -0.11618
  -0.11085   -0.10536   -0.08565   -0.08222   -0.08109   -0.06175   -0.05713   -0.05094
   0.01500    0.01905    0.02870    0.05148    0.06269    0.26090    0.26119    0.26393
   0.29057    0.29769    0.31455    0.42607    0.44239    0.47109    0.51431    0.53475
   0.53526    0.56848    0.57631    0.60791    0.64630    0.66935    0.72413    0.76087
 kpt# 320, nband= 48, wtk=  1.00000, kpt=  0.1778 -0.0889  0.3667 (reduced coord)
  -2.85349   -2.66490   -1.70763   -1.70604   -1.70552   -1.52282   -1.52141   -1.52066
  -0.76311   -0.75630   -0.75471   -0.75235   -0.14260   -0.12949   -0.12256   -0.11642
  -0.11127   -0.10519   -0.08516   -0.08242   -0.08105   -0.06144   -0.05679   -0.04996
   0.01518    0.01906    0.02837    0.05151    0.06283    0.26107    0.26130    0.26376
   0.29020    0.29788    0.31254    0.42928    0.43806    0.46801    0.51383    0.53562
   0.53708    0.57004    0.57306    0.61063    0.64908    0.66897    0.72437    0.76503
 kpt# 321, nband= 48, wtk=  1.00000, kpt=  0.1889 -0.0944  0.3583 (reduced coord)
  -2.85349   -2.66490   -1.70763   -1.70602   -1.70552   -1.52282   -1.52139   -1.52067
  -0.76328   -0.75630   -0.75468   -0.75237   -0.14308   -0.12890   -0.12286   -0.11662
  -0.11167   -0.10500   -0.08476   -0.08258   -0.08098   -0.06111   -0.05640   -0.04904
   0.01537    0.01908    0.02803    0.05158    0.06296    0.26125    0.26143    0.26356
   0.28978    0.29805    0.31073    0.42990    0.43622    0.46504    0.51333    0.53633
   0.53894    0.56940    0.57232    0.61317    0.65174    0.66897    0.72457    0.76916
 kpt# 322, nband= 48, wtk=  1.00000, kpt=  0.2000 -0.1000  0.3500 (reduced coord)
  -2.85349   -2.66490   -1.70764   -1.70601   -1.70552   -1.52282   -1.52136   -1.52067
  -0.76345   -0.75635   -0.75464   -0.75239   -0.14354   -0.12827   -0.12322   -0.11678
  -0.11206   -0.10477   -0.08444   -0.08272   -0.08090   -0.06078   -0.05600   -0.04818
   0.01556    0.01912    0.02770    0.05168    0.06309    0.26143    0.26156    0.26334
   0.28929    0.29817    0.30914    0.42621    0.43856    0.46224    0.51279    0.53679
   0.54082    0.56670    0.57406    0.61557    0.65400    0.66960    0.72473    0.77326
 kpt# 323, nband= 48, wtk=  1.00000, kpt=  0.2111 -0.1056  0.3417 (reduced coord)
  -2.85349   -2.66490   -1.70764   -1.70599   -1.70552   -1.52283   -1.52134   -1.52067
  -0.76360   -0.75643   -0.75458   -0.75241   -0.14397   -0.12764   -0.12361   -0.11692
  -0.11243   -0.10451   -0.08419   -0.08281   -0.08082   -0.06045   -0.05559   -0.04740
   0.01574    0.01916    0.02736    0.05181    0.06322    0.26161    0.26170    0.26311
   0.28873    0.29822    0.30782    0.42153    0.44162    0.45976    0.51217    0.53689
   0.54274    0.56439    0.57597    0.61785    0.65557    0.67115    0.72481    0.77724
 kpt# 324, nband= 48, wtk=  1.00000, kpt=  0.2222 -0.1111  0.3333 (reduced coord)
  -2.85349   -2.66490   -1.70764   -1.70597   -1.70552   -1.52283   -1.52131   -1.52067
  -0.76374   -0.75654   -0.75451   -0.75243   -0.14437   -0.12708   -0.12393   -0.11704
  -0.11277   -0.10421   -0.08402   -0.08284   -0.08073   -0.06011   -0.05519   -0.04669
   0.01592    0.01921    0.02702    0.05198    0.06336    0.26178    0.26186    0.26286
   0.28810    0.29819    0.30678    0.41666    0.44425    0.45793    0.51144    0.53655
   0.54471    0.56271    0.57792    0.62005    0.65639    0.67368    0.72482    0.78115
 kpt# 325, nband= 48, wtk=  1.00000, kpt=  0.2333 -0.1167  0.3250 (reduced coord)
  -2.85349   -2.66490   -1.70764   -1.70595   -1.70552   -1.52284   -1.52129   -1.52067
  -0.76386   -0.75668   -0.75443   -0.75245   -0.14474   -0.12680   -0.12400   -0.11714
  -0.11308   -0.10387   -0.08392   -0.08281   -0.08064   -0.05979   -0.05480   -0.04606
   0.01609    0.01928    0.02669    0.05220    0.06349    0.26195    0.26202    0.26261
   0.28739    0.29805    0.30604    0.41175    0.44560    0.45749    0.51053    0.53576
   0.54674    0.56174    0.57986    0.62224    0.65662    0.67698    0.72471    0.78474
 kpt# 326, nband= 48, wtk=  1.00000, kpt=  0.2444 -0.1222  0.3167 (reduced coord)
  -2.85350   -2.66491   -1.70765   -1.70593   -1.70552   -1.52284   -1.52126   -1.52067
  -0.76397   -0.75685   -0.75434   -0.75247   -0.14507   -0.12695   -0.12364   -0.11724
  -0.11335   -0.10351   -0.08389   -0.08271   -0.08054   -0.05949   -0.05444   -0.04550
   0.01626    0.01936    0.02636    0.05246    0.06363    0.26206    0.26213    0.26245
   0.28662    0.29782    0.30560    0.40684    0.44512    0.45894    0.50938    0.53464
   0.54884    0.56145    0.58175    0.62446    0.65651    0.68081    0.72450    0.78819
 kpt# 327, nband= 48, wtk=  1.00000, kpt=  0.2556 -0.1278  0.3083 (reduced coord)
  -2.85350   -2.66491   -1.70765   -1.70591   -1.70553   -1.52285   -1.52123   -1.52068
  -0.76407   -0.75703   -0.75426   -0.75248   -0.14536   -0.12746   -0.12295   -0.11734
  -0.11357   -0.10310   -0.08390   -0.08256   -0.08043   -0.05921   -0.05413   -0.04502
   0.01641    0.01945    0.02605    0.05277    0.06376    0.26186    0.26230    0.26256
   0.28579    0.29752    0.30541    0.40195    0.44341    0.46166    0.50792    0.53338
   0.55103    0.56172    0.58358    0.62676    0.65623    0.68496    0.72416    0.79118
 kpt# 328, nband= 48, wtk=  1.00000, kpt=  0.2667 -0.1333  0.3000 (reduced coord)
  -2.85350   -2.66491   -1.70765   -1.70589   -1.70553   -1.52286   -1.52120   -1.52068
  -0.76416   -0.75724   -0.75417   -0.75250   -0.14561   -0.12816   -0.12210   -0.11743
  -0.11372   -0.10266   -0.08394   -0.08237   -0.08032   -0.05897   -0.05386   -0.04462
   0.01654    0.01955    0.02574    0.05312    0.06390    0.26154    0.26248    0.26276
   0.28492    0.29719    0.30542    0.39709    0.44119    0.46489    0.50612    0.53218
   0.55330    0.56242    0.58530    0.62921    0.65587    0.68931    0.72368    0.79402
 kpt# 329, nband= 48, wtk=  1.00000, kpt=  0.2778 -0.1389  0.2917 (reduced coord)
  -2.85350   -2.66491   -1.70766   -1.70587   -1.70553   -1.52286   -1.52117   -1.52068
  -0.76423   -0.75746   -0.75409   -0.75252   -0.14582   -0.12896   -0.12120   -0.11750
  -0.11380   -0.10218   -0.08400   -0.08215   -0.08020   -0.05878   -0.05365   -0.04430
   0.01666    0.01966    0.02545    0.05353    0.06403    0.26119    0.26268    0.26297
   0.28403    0.29685    0.30558    0.39227    0.43879    0.46827    0.50398    0.53122
   0.55566    0.56342    0.58690    0.63184    0.65549    0.69376    0.72309    0.79637
 kpt# 330, nband= 48, wtk=  1.00000, kpt=  0.2889 -0.1444  0.2833 (reduced coord)
  -2.85350   -2.66491   -1.70766   -1.70585   -1.70553   -1.52287   -1.52114   -1.52068
  -0.76429   -0.75769   -0.75401   -0.75253   -0.14600   -0.12983   -0.12036   -0.11751
  -0.11377   -0.10167   -0.08407   -0.08191   -0.08006   -0.05866   -0.05348   -0.04404
   0.01675    0.01977    0.02518    0.05398    0.06417    0.26082    0.26288    0.26320
   0.28313    0.29655    0.30586    0.38751    0.43634    0.47156    0.50162    0.53056
   0.55811    0.56462    0.58839    0.63468    0.65510    0.69826    0.72238    0.79838
 kpt# 331, nband= 48, wtk=  1.00000, kpt=  0.3000 -0.1500  0.2750 (reduced coord)
  -2.85350   -2.66491   -1.70766   -1.70583   -1.70553   -1.52287   -1.52111   -1.52068
  -0.76433   -0.75794   -0.75394   -0.75254   -0.14613   -0.13076   -0.11972   -0.11733
  -0.11361   -0.10113   -0.08414   -0.08164   -0.07991   -0.05862   -0.05334   -0.04386
   0.01682    0.01987    0.02493    0.05447    0.06431    0.26044    0.26310    0.26343
   0.28223    0.29627    0.30622    0.38281    0.43390    0.47452    0.49926    0.53023
   0.56064    0.56596    0.58978    0.63774    0.65473    0.70271    0.72163    0.80005
 kpt# 332, nband= 48, wtk=  1.00000, kpt=  0.3111 -0.1556  0.2667 (reduced coord)
  -2.85350   -2.66491   -1.70767   -1.70581   -1.70553   -1.52288   -1.52108   -1.52069
  -0.76436   -0.75821   -0.75387   -0.75255   -0.14622   -0.13172   -0.11944   -0.11688
  -0.11328   -0.10056   -0.08422   -0.08135   -0.07975   -0.05868   -0.05323   -0.04374
   0.01687    0.01997    0.02471    0.05500    0.06445    0.26003    0.26333    0.26367
   0.28136    0.29604    0.30664    0.37819    0.43150    0.47675    0.49735    0.53021
   0.56322    0.56741    0.59107    0.64103    0.65439    0.70695    0.72095    0.80062
 kpt# 333, nband= 48, wtk=  1.00000, kpt=  0.3222 -0.1611  0.2583 (reduced coord)
  -2.85350   -2.66492   -1.70767   -1.70579   -1.70553   -1.52288   -1.52105   -1.52069
  -0.76438   -0.75848   -0.75381   -0.75256   -0.14627   -0.13272   -0.11946   -0.11625
  -0.11272   -0.09996   -0.08430   -0.08104   -0.07957   -0.05885   -0.05314   -0.04368
   0.01689    0.02004    0.02453    0.05557    0.06461    0.25962    0.26357    0.26391
   0.28051    0.29585    0.30711    0.37364    0.42917    0.47766    0.49652    0.53047
   0.56578    0.56901    0.59231    0.64450    0.65409    0.71063    0.72071    0.80117
 kpt# 334, nband= 48, wtk=  1.00000, kpt=  0.3333 -0.1667  0.2500 (reduced coord)
  -2.85350   -2.66492   -1.70768   -1.70577   -1.70554   -1.52289   -1.52102   -1.52069
  -0.76438   -0.75876   -0.75376   -0.75257   -0.14629   -0.13374   -0.11964   -0.11563
  -0.11190   -0.09935   -0.08439   -0.08072   -0.07937   -0.05916   -0.05305   -0.04369
   0.01688    0.02009    0.02440    0.05615    0.06476    0.25919    0.26383    0.26415
   0.27970    0.29571    0.30762    0.36918    0.42691    0.47679    0.49728    0.53096
   0.56810    0.57093    0.59353    0.64801    0.65397    0.71285    0.72179    0.80073
 kpt# 335, nband= 48, wtk=  1.00000, kpt=  0.1667  0.3333  0.2500 (reduced coord)
  -2.85350   -2.66492   -1.70767   -1.70577   -1.70554   -1.52289   -1.52102   -1.52069
  -0.76470   -0.75782   -0.75412   -0.75285   -0.14460   -0.12778   -0.12385   -0.11377
  -0.10755   -0.10455   -0.09016   -0.08271   -0.07991   -0.05834   -0.05257   -0.04495
   0.01599    0.02050    0.02209    0.05969    0.07066    0.26006    0.26414    0.26527
   0.26722    0.30077    0.31153    0.36960    0.42745    0.46922    0.50009    0.53235
   0.56718    0.57482    0.59702    0.63652    0.64550    0.70904    0.74046    0.79830
 kpt# 336, nband= 48, wtk=  1.00000, kpt=  0.1611  0.3222  0.2583 (reduced coord)
  -2.85350   -2.66492   -1.70767   -1.70579   -1.70553   -1.52288   -1.52105   -1.52069
  -0.76468   -0.75754   -0.75414   -0.75289   -0.14424   -0.12727   -0.12380   -0.11379
  -0.10855   -0.10519   -0.09007   -0.08306   -0.08005   -0.05819   -0.05298   -0.04470
   0.01599    0.02013    0.02245    0.05914    0.07071    0.26044    0.26388    0.26502
   0.26754    0.30108    0.31139    0.37406    0.42959    0.46994    0.49946    0.53199
   0.56538    0.57220    0.59575    0.63356    0.64537    0.70664    0.74007    0.79735
 kpt# 337, nband= 48, wtk=  1.00000, kpt=  0.1556  0.3111  0.2667 (reduced coord)
  -2.85350   -2.66491   -1.70767   -1.70581   -1.70553   -1.52288   -1.52108   -1.52068
  -0.76464   -0.75727   -0.75416   -0.75293   -0.14388   -0.12688   -0.12376   -0.11378
  -0.10945   -0.10567   -0.08999   -0.08338   -0.08018   -0.05815   -0.05340   -0.04452
   0.01598    0.01978    0.02283    0.05859    0.07070    0.26081    0.26362    0.26478
   0.26802    0.30131    0.31132    0.37863    0.43180    0.46960    0.49973    0.53181
   0.56368    0.56958    0.59443    0.63071    0.64539    0.70393    0.73975    0.79610
 kpt# 338, nband= 48, wtk=  1.00000, kpt=  0.1500  0.3000  0.2750 (reduced coord)
  -2.85350   -2.66491   -1.70766   -1.70583   -1.70553   -1.52287   -1.52111   -1.52068
  -0.76459   -0.75702   -0.75419   -0.75297   -0.14350   -0.12665   -0.12371   -0.11383
  -0.11025   -0.10595   -0.08991   -0.08366   -0.08029   -0.05819   -0.05384   -0.04441
   0.01596    0.01947    0.02322    0.05807    0.07063    0.26115    0.26337    0.26453
   0.26865    0.30145    0.31133    0.38329    0.43407    0.46832    0.50069    0.53183
   0.56209    0.56704    0.59301    0.62810    0.64547    0.70098    0.73946    0.79456
 kpt# 339, nband= 48, wtk=  1.00000, kpt=  0.1444  0.2889  0.2833 (reduced coord)
  -2.85350   -2.66491   -1.70766   -1.70585   -1.70553   -1.52287   -1.52114   -1.52068
  -0.76453   -0.75678   -0.75421   -0.75301   -0.14312   -0.12661   -0.12358   -0.11398
  -0.11097   -0.10597   -0.08983   -0.08391   -0.08040   -0.05832   -0.05428   -0.04439
   0.01592    0.01918    0.02362    0.05756    0.07050    0.26148    0.26312    0.26428
   0.26943    0.30149    0.31142    0.38803    0.43638    0.46637    0.50207    0.53208
   0.56063    0.56464    0.59141    0.62576    0.64559    0.69784    0.73916    0.79273
 kpt# 340, nband= 48, wtk=  1.00000, kpt=  0.1389  0.2778  0.2917 (reduced coord)
  -2.85350   -2.66491   -1.70766   -1.70587   -1.70553   -1.52286   -1.52117   -1.52068
  -0.76445   -0.75657   -0.75424   -0.75304   -0.14272   -0.12677   -0.12333   -0.11426
  -0.11162   -0.10572   -0.08977   -0.08414   -0.08050   -0.05853   -0.05472   -0.04445
   0.01586    0.01894    0.02404    0.05706    0.07030    0.26179    0.26288    0.26403
   0.27034    0.30145    0.31161    0.39285    0.43867    0.46402    0.50356    0.53255
   0.55922    0.56250    0.58963    0.62371    0.64572    0.69459    0.73880    0.79063
 kpt# 341, nband= 48, wtk=  1.00000, kpt=  0.1333  0.2667  0.3000 (reduced coord)
  -2.85350   -2.66491   -1.70765   -1.70589   -1.70553   -1.52286   -1.52120   -1.52068
  -0.76436   -0.75638   -0.75427   -0.75307   -0.14232   -0.12709   -0.12298   -0.11463
  -0.11223   -0.10523   -0.08972   -0.08436   -0.08058   -0.05880   -0.05516   -0.04461
   0.01579    0.01873    0.02446    0.05659    0.07005    0.26208    0.26266    0.26379
   0.27136    0.30132    0.31190    0.39772    0.44084    0.46154    0.50497    0.53320
   0.55773    0.56088    0.58765    0.62192    0.64585    0.69126    0.73838    0.78822
 kpt# 342, nband= 48, wtk=  1.00000, kpt=  0.1278  0.2556  0.3083 (reduced coord)
  -2.85350   -2.66491   -1.70765   -1.70591   -1.70553   -1.52285   -1.52123   -1.52068
  -0.76426   -0.75621   -0.75431   -0.75308   -0.14190   -0.12754   -0.12255   -0.11505
  -0.11281   -0.10457   -0.08968   -0.08457   -0.08066   -0.05914   -0.05557   -0.04486
   0.01571    0.01856    0.02489    0.05614    0.06975    0.26225    0.26255    0.26355
   0.27250    0.30111    0.31229    0.40265    0.44270    0.45923    0.50617    0.53398
   0.55600    0.55999    0.58549    0.62034    0.64597    0.68794    0.73788    0.78558
 kpt# 343, nband= 48, wtk=  1.00000, kpt=  0.1222  0.2444  0.3167 (reduced coord)
  -2.85350   -2.66491   -1.70765   -1.70593   -1.70552   -1.52285   -1.52126   -1.52067
  -0.76415   -0.75607   -0.75434   -0.75309   -0.14148   -0.12806   -0.12207   -0.11548
  -0.11334   -0.10379   -0.08966   -0.08478   -0.08073   -0.05952   -0.05596   -0.04522
   0.01562    0.01842    0.02532    0.05571    0.06940    0.26212    0.26275    0.26332
   0.27373    0.30083    0.31279    0.40762    0.44384    0.45757    0.50711    0.53475
   0.55414    0.55984    0.58321    0.61893    0.64604    0.68468    0.73729    0.78271
 kpt# 344, nband= 48, wtk=  1.00000, kpt=  0.1167  0.2333  0.3250 (reduced coord)
  -2.85349   -2.66490   -1.70764   -1.70595   -1.70552   -1.52284   -1.52129   -1.52067
  -0.76402   -0.75596   -0.75437   -0.75308   -0.14104   -0.12864   -0.12158   -0.11589
  -0.11382   -0.10296   -0.08964   -0.08499   -0.08078   -0.05994   -0.05633   -0.04568
   0.01552    0.01832    0.02576    0.05530    0.06901    0.26191    0.26300    0.26309
   0.27505    0.30050    0.31339    0.41260    0.44366    0.45720    0.50778    0.53539
   0.55229    0.56034    0.58082    0.61764    0.64601    0.68156    0.73661    0.77961
 kpt# 345, nband= 48, wtk=  1.00000, kpt=  0.1111  0.2222  0.3333 (reduced coord)
  -2.85349   -2.66490   -1.70764   -1.70597   -1.70552   -1.52283   -1.52131   -1.52067
  -0.76388   -0.75589   -0.75439   -0.75306   -0.14059   -0.12923   -0.12112   -0.11624
  -0.11423   -0.10212   -0.08962   -0.08522   -0.08082   -0.06038   -0.05666   -0.04624
   0.01541    0.01826    0.02620    0.05492    0.06859    0.26170    0.26285    0.26327
   0.27643    0.30012    0.31410    0.41758    0.44208    0.45824    0.50822    0.53581
   0.55051    0.56143    0.57839    0.61644    0.64581    0.67866    0.73585    0.77643
 kpt# 346, nband= 48, wtk=  1.00000, kpt=  0.1056  0.2111  0.3417 (reduced coord)
  -2.85349   -2.66490   -1.70764   -1.70599   -1.70552   -1.52283   -1.52134   -1.52067
  -0.76373   -0.75586   -0.75441   -0.75302   -0.14014   -0.12982   -0.12073   -0.11648
  -0.11456   -0.10131   -0.08961   -0.08546   -0.08084   -0.06083   -0.05696   -0.04689
   0.01529    0.01823    0.02664    0.05456    0.06814    0.26150    0.26263    0.26351
   0.27786    0.29971    0.31492    0.42250    0.43965    0.46023    0.50847    0.53597
   0.54884    0.56302    0.57596    0.61530    0.64535    0.67610    0.73503    0.77286
 kpt# 347, nband= 48, wtk=  1.00000, kpt=  0.1000  0.2000  0.3500 (reduced coord)
  -2.85349   -2.66490   -1.70764   -1.70601   -1.70552   -1.52282   -1.52136   -1.52067
  -0.76357   -0.75586   -0.75442   -0.75298   -0.13968   -0.13041   -0.12049   -0.11656
  -0.11480   -0.10057   -0.08961   -0.08570   -0.08084   -0.06128   -0.05723   -0.04764
   0.01517    0.01822    0.02707    0.05423    0.06767    0.26130    0.26242    0.26374
   0.27932    0.29929    0.31587    0.42710    0.43705    0.46269    0.50857    0.53589
   0.54728    0.56495    0.57359    0.61424    0.64454    0.67396    0.73415    0.76929
 kpt# 348, nband= 48, wtk=  1.00000, kpt=  0.0944  0.1889  0.3583 (reduced coord)
  -2.85349   -2.66490   -1.70763   -1.70602   -1.70552   -1.52282   -1.52139   -1.52067
  -0.76340   -0.75590   -0.75443   -0.75292   -0.13922   -0.13096   -0.12046   -0.11643
  -0.11492   -0.09993   -0.08962   -0.08595   -0.08080   -0.06171   -0.05747   -0.04847
   0.01504    0.01824    0.02749    0.05392    0.06718    0.26112    0.26221    0.26394
   0.28078    0.29885    0.31695    0.42984    0.43607    0.46540    0.50857    0.53562
   0.54585    0.56695    0.57139    0.61328    0.64331    0.67231    0.73323    0.76566
 kpt# 349, nband= 48, wtk=  1.00000, kpt=  0.0889  0.1778  0.3667 (reduced coord)
  -2.85349   -2.66490   -1.70763   -1.70604   -1.70552   -1.52282   -1.52141   -1.52066
  -0.76321   -0.75597   -0.75443   -0.75286   -0.13877   -0.13146   -0.12062   -0.11617
  -0.11487   -0.09944   -0.08966   -0.08616   -0.08074   -0.06212   -0.05768   -0.04938
   0.01490    0.01828    0.02791    0.05364    0.06668    0.26094    0.26202    0.26412
   0.28223    0.29841    0.31816    0.42817    0.43935    0.46824    0.50848    0.53523
   0.54454    0.56788    0.57035    0.61249    0.64163    0.67117    0.73229    0.76198
 kpt# 350, nband= 48, wtk=  1.00000, kpt=  0.0833  0.1667  0.3750 (reduced coord)
  -2.85349   -2.66490   -1.70763   -1.70605   -1.70552   -1.52281   -1.52143   -1.52066
  -0.76302   -0.75606   -0.75442   -0.75280   -0.13835   -0.13189   -0.12091   -0.11594
  -0.11455   -0.09910   -0.08974   -0.08630   -0.08063   -0.06249   -0.05787   -0.05035
   0.01477    0.01833    0.02831    0.05338    0.06618    0.26077    0.26182    0.26428
   0.28364    0.29798    0.31952    0.42501    0.44402    0.47115    0.50833    0.53476
   0.54333    0.56631    0.57174    0.61194    0.63956    0.67050    0.73133    0.75827
 kpt# 351, nband= 48, wtk=  1.00000, kpt=  0.0778  0.1556  0.3833 (reduced coord)
  -2.85349   -2.66490   -1.70763   -1.70607   -1.70552   -1.52281   -1.52145   -1.52066
  -0.76282   -0.75618   -0.75441   -0.75273   -0.13799   -0.13223   -0.12127   -0.11581
  -0.11396   -0.09895   -0.08992   -0.08632   -0.08047   -0.06282   -0.05804   -0.05137
   0.01463    0.01840    0.02870    0.05314    0.06568    0.26061    0.26164    0.26442
   0.28499    0.29757    0.32104    0.42154    0.44892    0.47408    0.50814    0.53426
   0.54222    0.56440    0.57324    0.61174    0.63719    0.67019    0.73038    0.75457
 kpt# 352, nband= 48, wtk=  1.00000, kpt=  0.0722  0.1444  0.3917 (reduced coord)
  -2.85349   -2.66490   -1.70762   -1.70608   -1.70552   -1.52280   -1.52147   -1.52066
  -0.76261   -0.75632   -0.75440   -0.75266   -0.13770   -0.13245   -0.12165   -0.11572
  -0.11321   -0.09900   -0.09022   -0.08621   -0.08026   -0.06311   -0.05820   -0.05243
   0.01449    0.01848    0.02907    0.05293    0.06519    0.26046    0.26147    0.26454
   0.28626    0.29718    0.32271    0.41798    0.45386    0.47700    0.50793    0.53376
   0.54117    0.56260    0.57426    0.61195    0.63467    0.67013    0.72945    0.75092
 kpt# 353, nband= 48, wtk=  1.00000, kpt=  0.0667  0.1333  0.4000 (reduced coord)
  -2.85349   -2.66490   -1.70762   -1.70609   -1.70552   -1.52280   -1.52149   -1.52066
  -0.76239   -0.75647   -0.75439   -0.75259   -0.13752   -0.13251   -0.12205   -0.11562
  -0.11236   -0.09922   -0.09064   -0.08596   -0.07999   -0.06336   -0.05836   -0.05350
   0.01436    0.01856    0.02942    0.05274    0.06471    0.26032    0.26131    0.26463
   0.28742    0.29682    0.32455    0.41437    0.45876    0.47988    0.50770    0.53328
   0.54018    0.56099    0.57463    0.61257    0.63218    0.67021    0.72854    0.74734
 kpt# 354, nband= 48, wtk=  1.00000, kpt=  0.0611  0.1222  0.4083 (reduced coord)
  -2.85349   -2.66489   -1.70762   -1.70611   -1.70551   -1.52280   -1.52151   -1.52066
  -0.76217   -0.75664   -0.75438   -0.75253   -0.13745   -0.13241   -0.12244   -0.11549
  -0.11144   -0.09961   -0.09116   -0.08560   -0.07967   -0.06357   -0.05856   -0.05455
   0.01422    0.01864    0.02975    0.05258    0.06426    0.26020    0.26116    0.26471
   0.28848    0.29650    0.32654    0.41076    0.46361    0.48270    0.50746    0.53283
   0.53922    0.55962    0.57432    0.61340    0.63000    0.67031    0.72768    0.74386
 kpt# 355, nband= 48, wtk=  1.00000, kpt=  0.0556  0.1111  0.4167 (reduced coord)
  -2.85349   -2.66489   -1.70762   -1.70612   -1.70551   -1.52279   -1.52152   -1.52066
  -0.76195   -0.75682   -0.75438   -0.75246   -0.13750   -0.13216   -0.12281   -0.11533
  -0.11048   -0.10015   -0.09177   -0.08518   -0.07928   -0.06375   -0.05885   -0.05551
   0.01410    0.01872    0.03005    0.05243    0.06383    0.26008    0.26102    0.26476
   0.28940    0.29623    0.32867    0.40717    0.46837    0.48543    0.50722    0.53242
   0.53825    0.55851    0.57339    0.61401    0.62858    0.67035    0.72687    0.74052
 kpt# 356, nband= 48, wtk=  1.00000, kpt=  0.0500  0.1000  0.4250 (reduced coord)
  -2.85349   -2.66489   -1.70762   -1.70613   -1.70551   -1.52279   -1.52154   -1.52066
  -0.76172   -0.75700   -0.75437   -0.75241   -0.13762   -0.13181   -0.12315   -0.11513
  -0.10950   -0.10080   -0.09244   -0.08472   -0.07883   -0.06388   -0.05929   -0.05631
   0.01397    0.01880    0.03033    0.05230    0.06342    0.25997    0.26089    0.26480
   0.29019    0.29602    0.33092    0.40362    0.47300    0.48806    0.50699    0.53205
   0.53728    0.55769    0.57193    0.61378    0.62847    0.67025    0.72613    0.73735
 kpt# 357, nband= 48, wtk=  1.00000, kpt=  0.0444  0.0889  0.4333 (reduced coord)
  -2.85349   -2.66489   -1.70761   -1.70614   -1.70551   -1.52279   -1.52155   -1.52066
  -0.76148   -0.75720   -0.75436   -0.75236   -0.13779   -0.13138   -0.12347   -0.11490
  -0.10849   -0.10154   -0.09317   -0.08426   -0.07833   -0.06399   -0.05997   -0.05687
   0.01386    0.01888    0.03059    0.05219    0.06306    0.25988    0.26077    0.26483
   0.29083    0.29587    0.33327    0.40013    0.47746    0.49056    0.50676    0.53168
   0.53631    0.55718    0.57009    0.61251    0.62983    0.66994    0.72545    0.73439
 kpt# 358, nband= 48, wtk=  1.00000, kpt=  0.0389  0.0778  0.4417 (reduced coord)
  -2.85348   -2.66489   -1.70761   -1.70614   -1.70551   -1.52279   -1.52156   -1.52065
  -0.76125   -0.75739   -0.75435   -0.75231   -0.13797   -0.13091   -0.12376   -0.11463
  -0.10747   -0.10235   -0.09395   -0.08382   -0.07778   -0.06408   -0.06085   -0.05719
   0.01375    0.01895    0.03081    0.05210    0.06272    0.25980    0.26067    0.26484
   0.29133    0.29579    0.33568    0.39674    0.48171    0.49293    0.50656    0.53126
   0.53539    0.55695    0.56801    0.61053    0.63224    0.66936    0.72484    0.73169
 kpt# 359, nband= 48, wtk=  1.00000, kpt=  0.0333  0.0667  0.4500 (reduced coord)
  -2.85348   -2.66489   -1.70761   -1.70615   -1.70551   -1.52278   -1.52157   -1.52065
  -0.76102   -0.75759   -0.75435   -0.75227   -0.13816   -0.13045   -0.12401   -0.11433
  -0.10644   -0.10318   -0.09476   -0.08340   -0.07720   -0.06414   -0.06183   -0.05738
   0.01366    0.01901    0.03101    0.05202    0.06243    0.25972    0.26058    0.26485
   0.29170    0.29577    0.33810    0.39348    0.48566    0.49513    0.50642    0.53068
   0.53462    0.55698    0.56581    0.60828    0.63527    0.66847    0.72431    0.72928
 kpt# 360, nband= 48, wtk=  1.00000, kpt=  0.0278  0.0556  0.4583 (reduced coord)
  -2.85348   -2.66489   -1.70761   -1.70616   -1.70551   -1.52278   -1.52158   -1.52065
  -0.76080   -0.75779   -0.75434   -0.75223   -0.13833   -0.13000   -0.12424   -0.11400
  -0.10543   -0.10399   -0.09561   -0.08303   -0.07659   -0.06418   -0.06283   -0.05748
   0.01358    0.01906    0.03118    0.05196    0.06218    0.25966    0.26050    0.26485
   0.29195    0.29581    0.34048    0.39042    0.48924    0.49713    0.50636    0.52984
   0.53412    0.55721    0.56362    0.60601    0.63862    0.66722    0.72385    0.72719
 kpt# 361, nband= 48, wtk=  1.00000, kpt=  0.0222  0.0444  0.4667 (reduced coord)
  -2.85348   -2.66489   -1.70761   -1.70616   -1.70551   -1.52278   -1.52159   -1.52065
  -0.76059   -0.75798   -0.75434   -0.75221   -0.13848   -0.12960   -0.12442   -0.11365
  -0.10491   -0.10428   -0.09649   -0.08272   -0.07598   -0.06422   -0.06379   -0.05753
   0.01351    0.01910    0.03132    0.05190    0.06197    0.25961    0.26044    0.26484
   0.29211    0.29588    0.34272    0.38763    0.49233    0.49885    0.50651    0.52874
   0.53389    0.55756    0.56158    0.60391    0.64211    0.66561    0.72348    0.72545
 kpt# 362, nband= 48, wtk=  1.00000, kpt=  0.0167  0.0333  0.4750 (reduced coord)
  -2.85348   -2.66489   -1.70761   -1.70617   -1.70551   -1.52278   -1.52159   -1.52065
  -0.76039   -0.75816   -0.75434   -0.75218   -0.13860   -0.12926   -0.12457   -0.11330
  -0.10558   -0.10332   -0.09739   -0.08246   -0.07540   -0.06466   -0.06423   -0.05757
   0.01345    0.01914    0.03143    0.05187    0.06181    0.25957    0.26039    0.26484
   0.29220    0.29595    0.34472    0.38521    0.49485    0.50010    0.50699    0.52751
   0.53384    0.55790    0.55987    0.60212    0.64564    0.66363    0.72319    0.72409
 kpt# 363, nband= 48, wtk=  1.00000, kpt=  0.0111  0.0222  0.4833 (reduced coord)
  -2.85348   -2.66489   -1.70761   -1.70617   -1.70551   -1.52278   -1.52160   -1.52065
  -0.76023   -0.75831   -0.75434   -0.75217   -0.13869   -0.12901   -0.12468   -0.11299
  -0.10616   -0.10231   -0.09832   -0.08228   -0.07491   -0.06536   -0.06425   -0.05759
   0.01341    0.01916    0.03151    0.05184    0.06169    0.25955    0.26035    0.26483
   0.29225    0.29602    0.34633    0.38331    0.49677    0.50071    0.50781    0.52633
   0.53389    0.55780    0.55895    0.60074    0.64912    0.66129    0.72298    0.72312
 kpt# 364, nband= 48, wtk=  1.00000, kpt=  0.0056  0.0111  0.4917 (reduced coord)
  -2.85348   -2.66489   -1.70761   -1.70617   -1.70551   -1.52278   -1.52160   -1.52065
  -0.76012   -0.75841   -0.75433   -0.75216   -0.13874   -0.12885   -0.12475   -0.11276
  -0.10656   -0.10133   -0.09925   -0.08217   -0.07457   -0.06583   -0.06426   -0.05759
   0.01339    0.01918    0.03155    0.05183    0.06162    0.25953    0.26033    0.26483
   0.29228    0.29607    0.34739    0.38207    0.49807    0.50080    0.50864    0.52544
   0.53396    0.55716    0.55896    0.59986    0.65248    0.65863    0.72252    0.72287
 kpt# 365, nband= 48, wtk=  1.00000, kpt=  0.0000  0.0000  0.5000 (reduced coord)
  -2.85348   -2.66489   -1.70761   -1.70617   -1.70551   -1.52278   -1.52160   -1.52065
  -0.76008   -0.75845   -0.75433   -0.75216   -0.13876   -0.12879   -0.12477   -0.11267
  -0.10670   -0.10061   -0.09995   -0.08213   -0.07445   -0.06599   -0.06426   -0.05760
   0.01338    0.01919    0.03157    0.05182    0.06160    0.25952    0.26032    0.26483
   0.29229    0.29609    0.34776    0.38164    0.49858    0.50072    0.50899    0.52510
   0.53399    0.55689    0.55903    0.59957    0.65546    0.65589    0.72233    0.72282
 kpt# 366, nband= 48, wtk=  1.00000, kpt=  0.0000  0.0167  0.5000 (reduced coord)
  -2.85348   -2.66489   -1.70761   -1.70617   -1.70551   -1.52278   -1.52160   -1.52065
  -0.76007   -0.75845   -0.75434   -0.75216   -0.13874   -0.12882   -0.12479   -0.11281
  -0.10658   -0.10062   -0.09993   -0.08218   -0.07441   -0.06596   -0.06426   -0.05760
   0.01338    0.01918    0.03156    0.05181    0.06163    0.25952    0.26032    0.26485
   0.29228    0.29611    0.34781    0.38165    0.49680    0.50231    0.50872    0.52524
   0.53379    0.55732    0.55889    0.59979    0.65526    0.65564    0.72251    0.72295
 kpt# 367, nband= 48, wtk=  1.00000, kpt=  0.0000  0.0333  0.5000 (reduced coord)
  -2.85348   -2.66489   -1.70761   -1.70617   -1.70551   -1.52278   -1.52160   -1.52065
  -0.76006   -0.75844   -0.75435   -0.75217   -0.13865   -0.12892   -0.12484   -0.11319
  -0.10627   -0.10063   -0.09986   -0.08232   -0.07428   -0.06585   -0.06426   -0.05760
   0.01339    0.01915    0.03152    0.05178    0.06172    0.25952    0.26032    0.26490
   0.29225    0.29619    0.34797    0.38169    0.49407    0.50446    0.50793    0.52565
   0.53326    0.55849    0.55856    0.60043    0.65467    0.65490    0.72307    0.72331
 kpt# 368, nband= 48, wtk=  1.00000, kpt=  0.0000  0.0500  0.5000 (reduced coord)
  -2.85348   -2.66489   -1.70761   -1.70617   -1.70551   -1.52278   -1.52160   -1.52065
  -0.76005   -0.75842   -0.75437   -0.75219   -0.13852   -0.12906   -0.12494   -0.11374
  -0.10584   -0.10065   -0.09974   -0.08256   -0.07406   -0.06567   -0.06425   -0.05760
   0.01339    0.01910    0.03146    0.05172    0.06187    0.25951    0.26031    0.26499
   0.29221    0.29632    0.34824    0.38176    0.49107    0.50653    0.50668    0.52629
   0.53251    0.55788    0.56045    0.60142    0.65370    0.65375    0.72388    0.72395
 kpt# 369, nband= 48, wtk=  1.00000, kpt=  0.0000  0.0667  0.5000 (reduced coord)
  -2.85348   -2.66489   -1.70761   -1.70617   -1.70551   -1.52278   -1.52160   -1.52065
  -0.76002   -0.75839   -0.75439   -0.75222   -0.13833   -0.12926   -0.12507   -0.11437
  -0.10538   -0.10067   -0.09956   -0.08288   -0.07376   -0.06542   -0.06425   -0.05760
   0.01340    0.01903    0.03138    0.05165    0.06209    0.25950    0.26031    0.26512
   0.29216    0.29651    0.34860    0.38185    0.48786    0.50501    0.50848    0.52709
   0.53168    0.55715    0.56282    0.60264    0.65210    0.65253    0.72459    0.72513
 kpt# 370, nband= 48, wtk=  1.00000, kpt=  0.0000  0.0833  0.5000 (reduced coord)
  -2.85348   -2.66489   -1.70761   -1.70617   -1.70551   -1.52278   -1.52160   -1.52065
  -0.75999   -0.75835   -0.75442   -0.75225   -0.13810   -0.12952   -0.12526   -0.11504
  -0.10494   -0.10070   -0.09930   -0.08328   -0.07340   -0.06511   -0.06423   -0.05759
   0.01342    0.01894    0.03127    0.05156    0.06236    0.25948    0.26030    0.26528
   0.29209    0.29674    0.34908    0.38198    0.48448    0.50299    0.51032    0.52803
   0.53086    0.55637    0.56551    0.60397    0.65017    0.65110    0.72539    0.72656
 kpt# 371, nband= 48, wtk=  1.00000, kpt=  0.0000  0.1000  0.5000 (reduced coord)
  -2.85348   -2.66489   -1.70761   -1.70617   -1.70551   -1.52278   -1.52160   -1.52065
  -0.75995   -0.75831   -0.75446   -0.75230   -0.13781   -0.12982   -0.12549   -0.11570
  -0.10456   -0.10073   -0.09897   -0.08377   -0.07298   -0.06478   -0.06417   -0.05757
   0.01343    0.01884    0.03115    0.05146    0.06268    0.25947    0.26029    0.26547
   0.29200    0.29702    0.34966    0.38213    0.48093    0.50067    0.51207    0.52906
   0.53011    0.55559    0.56838    0.60529    0.64797    0.64952    0.72623    0.72821
 kpt# 372, nband= 48, wtk=  1.00000, kpt=  0.0000  0.1167  0.5000 (reduced coord)
  -2.85348   -2.66489   -1.70761   -1.70617   -1.70551   -1.52278   -1.52160   -1.52065
  -0.75991   -0.75826   -0.75450   -0.75235   -0.13746   -0.13015   -0.12578   -0.11634
  -0.10427   -0.10076   -0.09855   -0.08434   -0.07252   -0.06453   -0.06396   -0.05753
   0.01345    0.01872    0.03100    0.05133    0.06306    0.25945    0.26028    0.26569
   0.29191    0.29736    0.35034    0.38231    0.47727    0.49808    0.51376    0.52948
   0.53019    0.55488    0.57134    0.60648    0.64559    0.64788    0.72705    0.73003
 kpt# 373, nband= 48, wtk=  1.00000, kpt=  0.0000  0.1333  0.5000 (reduced coord)
  -2.85348   -2.66489   -1.70761   -1.70617   -1.70551   -1.52278   -1.52160   -1.52065
  -0.75985   -0.75820   -0.75456   -0.75240   -0.13708   -0.13052   -0.12613   -0.11692
  -0.10406   -0.10080   -0.09806   -0.08497   -0.07204   -0.06443   -0.06355   -0.05747
   0.01346    0.01858    0.03083    0.05119    0.06347    0.25943    0.26026    0.26593
   0.29180    0.29774    0.35112    0.38253    0.47349    0.49527    0.51539    0.52898
   0.53138    0.55427    0.57427    0.60742    0.64310    0.64623    0.72783    0.73202
 kpt# 374, nband= 48, wtk=  1.00000, kpt=  0.0000  0.1500  0.5000 (reduced coord)
  -2.85348   -2.66489   -1.70761   -1.70617   -1.70551   -1.52278   -1.52160   -1.52065
  -0.75979   -0.75814   -0.75461   -0.75247   -0.13665   -0.13092   -0.12654   -0.11744
  -0.10393   -0.10084   -0.09752   -0.08566   -0.07153   -0.06440   -0.06301   -0.05739
   0.01348    0.01844    0.03064    0.05104    0.06393    0.25940    0.26025    0.26619
   0.29169    0.29817    0.35200    0.38278    0.46964    0.49226    0.51699    0.52860
   0.53264    0.55379    0.57711    0.60803    0.64055    0.64464    0.72857    0.73416
 kpt# 375, nband= 48, wtk=  1.00000, kpt=  0.0000  0.1667  0.5000 (reduced coord)
  -2.85348   -2.66489   -1.70761   -1.70617   -1.70551   -1.52278   -1.52160   -1.52065
  -0.75973   -0.75807   -0.75468   -0.75254   -0.13618   -0.13132   -0.12700   -0.11790
  -0.10385   -0.10089   -0.09695   -0.08640   -0.07103   -0.06439   -0.06239   -0.05726
   0.01350    0.01827    0.03044    0.05087    0.06442    0.25937    0.26024    0.26646
   0.29157    0.29864    0.35299    0.38308    0.46573    0.48910    0.51857    0.52837
   0.53396    0.55344    0.57975    0.60824    0.63803    0.64313    0.72927    0.73651
 kpt# 376, nband= 48, wtk=  1.00000, kpt=  0.0000  0.1833  0.5000 (reduced coord)
  -2.85348   -2.66489   -1.70761   -1.70617   -1.70551   -1.52278   -1.52160   -1.52065
  -0.75966   -0.75799   -0.75475   -0.75262   -0.13569   -0.13172   -0.12752   -0.11828
  -0.10383   -0.10095   -0.09637   -0.08719   -0.07056   -0.06439   -0.06173   -0.05709
   0.01352    0.01810    0.03022    0.05070    0.06494    0.25935    0.26022    0.26675
   0.29144    0.29915    0.35408    0.38341    0.46178    0.48582    0.52013    0.52826
   0.53533    0.55325    0.58212    0.60803    0.63559    0.64172    0.72994    0.73899
 kpt# 377, nband= 48, wtk=  1.00000, kpt=  0.0000  0.2000  0.5000 (reduced coord)
  -2.85348   -2.66489   -1.70761   -1.70617   -1.70551   -1.52278   -1.52160   -1.52065
  -0.75958   -0.75791   -0.75482   -0.75270   -0.13521   -0.13207   -0.12808   -0.11860
  -0.10384   -0.10103   -0.09579   -0.08800   -0.07011   -0.06439   -0.06104   -0.05687
   0.01353    0.01791    0.02999    0.05052    0.06548    0.25932    0.26020    0.26705
   0.29131    0.29970    0.35527    0.38378    0.45781    0.48244    0.52167    0.52827
   0.53674    0.55321    0.58414    0.60740    0.63330    0.64037    0.73064    0.74169
 kpt# 378, nband= 48, wtk=  1.00000, kpt=  0.0000  0.2167  0.5000 (reduced coord)
  -2.85348   -2.66489   -1.70761   -1.70617   -1.70551   -1.52278   -1.52160   -1.52065
  -0.75950   -0.75782   -0.75490   -0.75279   -0.13481   -0.13230   -0.12867   -0.11886
  -0.10388   -0.10114   -0.09522   -0.08883   -0.06972   -0.06439   -0.06031   -0.05660
   0.01355    0.01772    0.02974    0.05033    0.06604    0.25928    0.26019    0.26736
   0.29118    0.30029    0.35655    0.38420    0.45383    0.47901    0.52320    0.52840
   0.53817    0.55334    0.58572    0.60639    0.63124    0.63906    0.73140    0.74462
 kpt# 379, nband= 48, wtk=  1.00000, kpt=  0.0000  0.2333  0.5000 (reduced coord)
  -2.85348   -2.66489   -1.70761   -1.70617   -1.70551   -1.52278   -1.52160   -1.52065
  -0.75942   -0.75772   -0.75499   -0.75289   -0.13461   -0.13228   -0.12927   -0.11908
  -0.10394   -0.10130   -0.09467   -0.08965   -0.06937   -0.06440   -0.05956   -0.05628
   0.01356    0.01752    0.02949    0.05014    0.06660    0.25925    0.26017    0.26766
   0.29105    0.30090    0.35793    0.38466    0.44986    0.47554    0.52471    0.52867
   0.53962    0.55363    0.58680    0.60505    0.62943    0.63773    0.73227    0.74778
 kpt# 380, nband= 48, wtk=  1.00000, kpt=  0.0000  0.2500  0.5000 (reduced coord)
  -2.85348   -2.66489   -1.70761   -1.70617   -1.70551   -1.52278   -1.52160   -1.52065
  -0.75933   -0.75762   -0.75508   -0.75299   -0.13470   -0.13193   -0.12989   -0.11925
  -0.10402   -0.10152   -0.09414   -0.09045   -0.06909   -0.06441   -0.05880   -0.05590
   0.01356    0.01732    0.02922    0.04995    0.06717    0.25922    0.26015    0.26796
   0.29092    0.30153    0.35942    0.38517    0.44590    0.47207    0.52617    0.52909
   0.54106    0.55410    0.58734    0.60346    0.62794    0.63634    0.73329    0.75117
 kpt# 381, nband= 48, wtk=  1.00000, kpt=  0.0000  0.2667  0.5000 (reduced coord)
  -2.85348   -2.66489   -1.70761   -1.70617   -1.70551   -1.52278   -1.52160   -1.52065
  -0.75923   -0.75751   -0.75517   -0.75309   -0.13498   -0.13133   -0.13050   -0.11938
  -0.10410   -0.10181   -0.09365   -0.09121   -0.06887   -0.06441   -0.05804   -0.05547
   0.01357    0.01712    0.02896    0.04975    0.06774    0.25918    0.26014    0.26826
   0.29079    0.30217    0.36099    0.38572    0.44197    0.46862    0.52748    0.52974
   0.54247    0.55476    0.58732    0.60168    0.62674    0.63484    0.73447    0.75478
 kpt# 382, nband= 48, wtk=  1.00000, kpt=  0.0000  0.2833  0.5000 (reduced coord)
  -2.85348   -2.66489   -1.70761   -1.70617   -1.70551   -1.52278   -1.52160   -1.52065
  -0.75913   -0.75741   -0.75527   -0.75320   -0.13535   -0.13110   -0.13060   -0.11949
  -0.10418   -0.10220   -0.09318   -0.09190   -0.06872   -0.06442   -0.05728   -0.05501
   0.01356    0.01692    0.02868    0.04956    0.06829    0.25915    0.26012    0.26854
   0.29066    0.30283    0.36267    0.38633    0.43808    0.46521    0.52852    0.53074
   0.54382    0.55561    0.58678    0.59978    0.62584    0.63322    0.73586    0.75857
 kpt# 383, nband= 48, wtk=  1.00000, kpt=  0.0000  0.3000  0.5000 (reduced coord)
  -2.85348   -2.66489   -1.70761   -1.70617   -1.70551   -1.52278   -1.52160   -1.52065
  -0.75903   -0.75729   -0.75536   -0.75331   -0.13574   -0.13168   -0.12977   -0.11957
  -0.10427   -0.10270   -0.09275   -0.09249   -0.06861   -0.06443   -0.05654   -0.05451
   0.01356    0.01672    0.02842    0.04938    0.06883    0.25911    0.26010    0.26882
   0.29054    0.30349    0.36444    0.38698    0.43424    0.46187    0.52930    0.53207
   0.54510    0.55667    0.58578    0.59780    0.62516    0.63147    0.73745    0.76253
 kpt# 384, nband= 48, wtk=  1.00000, kpt=  0.0000  0.3167  0.5000 (reduced coord)
  -2.85348   -2.66489   -1.70761   -1.70617   -1.70551   -1.52278   -1.52160   -1.52065
  -0.75893   -0.75718   -0.75547   -0.75343   -0.13613   -0.13223   -0.12889   -0.11964
  -0.10435   -0.10332   -0.09300   -0.09236   -0.06855   -0.06443   -0.05581   -0.05400
   0.01354    0.01654    0.02815    0.04920    0.06935    0.25908    0.26009    0.26908
   0.29043    0.30413    0.36631    0.38767    0.43044    0.45862    0.52995    0.53359
   0.54629    0.55792    0.58439    0.59579    0.62465    0.62960    0.73923    0.76662
 kpt# 385, nband= 48, wtk=  1.00000, kpt=  0.0000  0.3333  0.5000 (reduced coord)
  -2.85348   -2.66489   -1.70761   -1.70617   -1.70551   -1.52278   -1.52160   -1.52065
  -0.75883   -0.75706   -0.75557   -0.75354   -0.13652   -0.13275   -0.12795   -0.11969
  -0.10443   -0.10406   -0.09340   -0.09200   -0.06853   -0.06444   -0.05512   -0.05348
   0.01352    0.01636    0.02790    0.04903    0.06985    0.25905    0.26007    0.26932
   0.29032    0.30477    0.36827    0.38841    0.42670    0.45549    0.53056    0.53519
   0.54739    0.55935    0.58271    0.59378    0.62426    0.62763    0.74119    0.77079
 kpt# 386, nband= 48, wtk=  1.00000, kpt=  0.0000  0.3500  0.5000 (reduced coord)
  -2.85348   -2.66489   -1.70761   -1.70617   -1.70551   -1.52278   -1.52160   -1.52065
  -0.75872   -0.75694   -0.75567   -0.75366   -0.13688   -0.13323   -0.12698   -0.11973
  -0.10490   -0.10451   -0.09370   -0.09167   -0.06854   -0.06445   -0.05447   -0.05298
   0.01350    0.01620    0.02765    0.04887    0.07031    0.25902    0.26006    0.26954
   0.29022    0.30537    0.37033    0.38917    0.42302    0.45250    0.53115    0.53684
   0.54840    0.56093    0.58082    0.59182    0.62392    0.62559    0.74328    0.77496
 kpt# 387, nband= 48, wtk=  1.00000, kpt=  0.0000  0.3667  0.5000 (reduced coord)
  -2.85348   -2.66489   -1.70761   -1.70617   -1.70551   -1.52278   -1.52160   -1.52065
  -0.75862   -0.75683   -0.75578   -0.75378   -0.13721   -0.13367   -0.12597   -0.11976
  -0.10584   -0.10458   -0.09393   -0.09138   -0.06857   -0.06445   -0.05386   -0.05249
   0.01347    0.01606    0.02742    0.04873    0.07073    0.25899    0.26005    0.26975
   0.29013    0.30594    0.37249    0.38995    0.41940    0.44968    0.53171    0.53851
   0.54932    0.56262    0.57880    0.58992    0.62352    0.62362    0.74545    0.77906
 kpt# 388, nband= 48, wtk=  1.00000, kpt=  0.0000  0.3833  0.5000 (reduced coord)
  -2.85348   -2.66489   -1.70761   -1.70617   -1.70551   -1.52278   -1.52160   -1.52065
  -0.75852   -0.75671   -0.75588   -0.75389   -0.13752   -0.13406   -0.12493   -0.11978
  -0.10685   -0.10464   -0.09408   -0.09113   -0.06862   -0.06446   -0.05330   -0.05203
   0.01343    0.01593    0.02721    0.04859    0.07112    0.25897    0.26004    0.26993
   0.29005    0.30647    0.37474    0.39073    0.41586    0.44706    0.53226    0.54018
   0.55015    0.56439    0.57672    0.58810    0.62146    0.62333    0.74764    0.78298
 kpt# 389, nband= 48, wtk=  1.00000, kpt=  0.0000  0.4000  0.5000 (reduced coord)
  -2.85348   -2.66489   -1.70761   -1.70617   -1.70551   -1.52278   -1.52160   -1.52065
  -0.75842   -0.75660   -0.75597   -0.75400   -0.13779   -0.13441   -0.12388   -0.11980
  -0.10791   -0.10470   -0.09418   -0.09091   -0.06868   -0.06446   -0.05281   -0.05161
   0.01339    0.01582    0.02702    0.04848    0.07146    0.25894    0.26003    0.27009
   0.28998    0.30695    0.37708    0.39150    0.41238    0.44467    0.53276    0.54183
   0.55091    0.56619    0.57463    0.58639    0.61946    0.62305    0.74977    0.78672
 kpt# 390, nband= 48, wtk=  1.00000, kpt=  0.0000  0.4167  0.5000 (reduced coord)
  -2.85348   -2.66489   -1.70761   -1.70617   -1.70551   -1.52278   -1.52160   -1.52065
  -0.75833   -0.75650   -0.75606   -0.75411   -0.13802   -0.13470   -0.12283   -0.11981
  -0.10899   -0.10475   -0.09425   -0.09073   -0.06874   -0.06447   -0.05238   -0.05125
   0.01335    0.01573    0.02685    0.04837    0.07176    0.25892    0.26002    0.27023
   0.28992    0.30737    0.37951    0.39223    0.40899    0.44255    0.53321    0.54345
   0.55158    0.56797    0.57261    0.58480    0.61759    0.62278    0.75177    0.79012
 kpt# 391, nband= 48, wtk=  1.00000, kpt=  0.0000  0.4333  0.5000 (reduced coord)
  -2.85348   -2.66489   -1.70761   -1.70617   -1.70551   -1.52278   -1.52160   -1.52065
  -0.75825   -0.75640   -0.75614   -0.75420   -0.13821   -0.13495   -0.12179   -0.11982
  -0.11007   -0.10479   -0.09429   -0.09058   -0.06879   -0.06447   -0.05201   -0.05094
   0.01332    0.01565    0.02671    0.04829    0.07200    0.25891    0.26001    0.27034
   0.28987    0.30772    0.38204    0.39290    0.40568    0.44073    0.53361    0.54497
   0.55216    0.56967    0.57071    0.58335    0.61590    0.62254    0.75356    0.79370
 kpt# 392, nband= 48, wtk=  1.00000, kpt=  0.0000  0.4500  0.5000 (reduced coord)
  -2.85348   -2.66489   -1.70761   -1.70617   -1.70551   -1.52278   -1.52160   -1.52065
  -0.75818   -0.75632   -0.75621   -0.75428   -0.13836   -0.13514   -0.12080   -0.11983
  -0.11109   -0.10483   -0.09431   -0.09046   -0.06884   -0.06448   -0.05173   -0.05069
   0.01328    0.01560    0.02660    0.04822    0.07219    0.25889    0.26000    0.27043
   0.28983    0.30800    0.38464    0.39346    0.40245    0.43926    0.53392    0.54635
   0.55263    0.56903    0.57124    0.58205    0.61447    0.62233    0.75504    0.79555
 kpt# 393, nband= 48, wtk=  1.00000, kpt=  0.0000  0.4667  0.5000 (reduced coord)
  -2.85348   -2.66489   -1.70761   -1.70617   -1.70551   -1.52278   -1.52160   -1.52065
  -0.75812   -0.75626   -0.75626   -0.75434   -0.13847   -0.13528   -0.11992   -0.11983
  -0.11200   -0.10485   -0.09432   -0.09038   -0.06888   -0.06448   -0.05153   -0.05051
   0.01326    0.01556    0.02651    0.04817    0.07233    0.25888    0.26000    0.27049
   0.28980    0.30820    0.38733    0.39389    0.39933    0.43818    0.53416    0.54748
   0.55299    0.56767    0.57259    0.58094    0.61338    0.62218    0.75616    0.79736
 kpt# 394, nband= 48, wtk=  1.00000, kpt=  0.0000  0.4833  0.5000 (reduced coord)
  -2.85348   -2.66489   -1.70761   -1.70617   -1.70551   -1.52278   -1.52160   -1.52065
  -0.75809   -0.75630   -0.75622   -0.75438   -0.13854   -0.13536   -0.11983   -0.11927
  -0.11266   -0.10486   -0.09432   -0.09033   -0.06890   -0.06448   -0.05140   -0.05040
   0.01324    0.01554    0.02647    0.04814    0.07242    0.25888    0.26000    0.27053
   0.28978    0.30833    0.39003    0.39416    0.39636    0.43752    0.53430    0.54824
   0.55321    0.56677    0.57356    0.58013    0.61270    0.62208    0.75686    0.79850
 kpt# 395, nband= 48, wtk=  1.00000, kpt=  0.0000  0.5000  0.5000 (reduced coord)
  -2.85348   -2.66489   -1.70761   -1.70617   -1.70551   -1.52278   -1.52160   -1.52065
  -0.75808   -0.75631   -0.75621   -0.75440   -0.13856   -0.13539   -0.11983   -0.11903
  -0.11292   -0.10487   -0.09432   -0.09031   -0.06891   -0.06448   -0.05136   -0.05036
   0.01324    0.01553    0.02645    0.04813    0.07244    0.25888    0.26000    0.27054
   0.28977    0.30837    0.39199    0.39425    0.39431    0.43729    0.53435    0.54851
   0.55328    0.56645    0.57394    0.57981    0.61246    0.62204    0.75709    0.79889
 kpt# 396, nband= 48, wtk=  1.00000, kpt=  0.0056  0.4944  0.4917 (reduced coord)
  -2.85348   -2.66489   -1.70761   -1.70617   -1.70551   -1.52278   -1.52160   -1.52065
  -0.75809   -0.75639   -0.75612   -0.75439   -0.13853   -0.13538   -0.11986   -0.11906
  -0.11291   -0.10483   -0.09435   -0.09032   -0.06890   -0.06446   -0.05136   -0.05037
   0.01325    0.01553    0.02644    0.04815    0.07244    0.25888    0.26000    0.27053
   0.28976    0.30835    0.38990    0.39414    0.39631    0.43758    0.53408    0.54785
   0.55402    0.56609    0.57410    0.57993    0.61265    0.62223    0.75704    0.79888
 kpt# 397, nband= 48, wtk=  1.00000, kpt=  0.0111  0.4889  0.4833 (reduced coord)
  -2.85348   -2.66489   -1.70761   -1.70617   -1.70551   -1.52278   -1.52160   -1.52065
  -0.75813   -0.75651   -0.75600   -0.75438   -0.13845   -0.13534   -0.11993   -0.11916
  -0.11290   -0.10472   -0.09441   -0.09035   -0.06886   -0.06441   -0.05136   -0.05038
   0.01329    0.01555    0.02643    0.04818    0.07243    0.25891    0.26002    0.27049
   0.28970    0.30830    0.38696    0.39365    0.39916    0.43841    0.53327    0.54657
   0.55553    0.56506    0.57456    0.58029    0.61316    0.62283    0.75687    0.79868
 kpt# 398, nband= 48, wtk=  1.00000, kpt=  0.0167  0.4833  0.4750 (reduced coord)
  -2.85348   -2.66489   -1.70761   -1.70617   -1.70551   -1.52278   -1.52159   -1.52065
  -0.75818   -0.75663   -0.75588   -0.75436   -0.13830   -0.13527   -0.12006   -0.11931
  -0.11287   -0.10455   -0.09452   -0.09039   -0.06881   -0.06433   -0.05137   -0.05038
   0.01335    0.01558    0.02641    0.04824    0.07242    0.25894    0.26006    0.27042
   0.28962    0.30821    0.38391    0.39289    0.40206    0.43975    0.53189    0.54531
   0.55720    0.56352    0.57528    0.58087    0.61382    0.62393    0.75660    0.79847
 kpt# 399, nband= 48, wtk=  1.00000, kpt=  0.0222  0.4778  0.4667 (reduced coord)
  -2.85348   -2.66489   -1.70761   -1.70616   -1.70551   -1.52278   -1.52159   -1.52065
  -0.75826   -0.75674   -0.75576   -0.75432   -0.13811   -0.13517   -0.12025   -0.11949
  -0.11284   -0.10433   -0.09466   -0.09044   -0.06874   -0.06422   -0.05140   -0.05037
   0.01343    0.01562    0.02638    0.04833    0.07241    0.25899    0.26010    0.27033
   0.28949    0.30808    0.38081    0.39190    0.40496    0.44153    0.52999    0.54423
   0.55878    0.56160    0.57625    0.58164    0.61445    0.62559    0.75623    0.79811
 kpt# 400, nband= 48, wtk=  1.00000, kpt=  0.0278  0.4722  0.4583 (reduced coord)
  -2.85348   -2.66489   -1.70761   -1.70616   -1.70551   -1.52278   -1.52158   -1.52066
  -0.75837   -0.75685   -0.75565   -0.75428   -0.13786   -0.13504   -0.12049   -0.11971
  -0.11280   -0.10409   -0.09481   -0.09050   -0.06867   -0.06409   -0.05145   -0.05034
   0.01354    0.01568    0.02635    0.04844    0.07239    0.25905    0.26016    0.27021
   0.28933    0.30792    0.37767    0.39075    0.40785    0.44368    0.52764    0.54336
   0.55944    0.56021    0.57747    0.58259    0.61495    0.62785    0.75577    0.79761
 kpt# 401, nband= 48, wtk=  1.00000, kpt=  0.0333  0.4667  0.4500 (reduced coord)
  -2.85348   -2.66489   -1.70761   -1.70615   -1.70551   -1.52279   -1.52157   -1.52066
  -0.75849   -0.75695   -0.75553   -0.75424   -0.13757   -0.13489   -0.12078   -0.11994
  -0.11276   -0.10384   -0.09496   -0.09055   -0.06861   -0.06393   -0.05153   -0.05027
   0.01366    0.01574    0.02630    0.04858    0.07236    0.25913    0.26023    0.27006
   0.28913    0.30773    0.37450    0.38949    0.41075    0.44612    0.52494    0.54260
   0.55717    0.56145    0.57893    0.58369    0.61527    0.63063    0.75523    0.79705
 kpt# 402, nband= 48, wtk=  1.00000, kpt=  0.0389  0.4611  0.4417 (reduced coord)
  -2.85348   -2.66489   -1.70761   -1.70614   -1.70551   -1.52279   -1.52156   -1.52066
  -0.75864   -0.75704   -0.75542   -0.75419   -0.13725   -0.13470   -0.12111   -0.12018
  -0.11271   -0.10361   -0.09508   -0.09060   -0.06856   -0.06376   -0.05164   -0.05017
   0.01381    0.01582    0.02624    0.04874    0.07233    0.25922    0.26032    0.26989
   0.28889    0.30751    0.37130    0.38817    0.41364    0.44880    0.52198    0.54186
   0.55488    0.56253    0.58059    0.58494    0.61543    0.63383    0.75462    0.79642
 kpt# 403, nband= 48, wtk=  1.00000, kpt=  0.0444  0.4556  0.4333 (reduced coord)
  -2.85349   -2.66489   -1.70761   -1.70614   -1.70551   -1.52279   -1.52155   -1.52066
  -0.75881   -0.75712   -0.75532   -0.75413   -0.13691   -0.13448   -0.12145   -0.12044
  -0.11266   -0.10344   -0.09514   -0.09063   -0.06854   -0.06357   -0.05176   -0.05003
   0.01396    0.01591    0.02618    0.04894    0.07230    0.25932    0.26042    0.26970
   0.28861    0.30727    0.36809    0.38682    0.41653    0.45167    0.51882    0.54106
   0.55269    0.56349    0.58239    0.58634    0.61548    0.63737    0.75396    0.79570
 kpt# 404, nband= 48, wtk=  1.00000, kpt=  0.0500  0.4500  0.4250 (reduced coord)
  -2.85349   -2.66489   -1.70762   -1.70613   -1.70551   -1.52279   -1.52154   -1.52066
  -0.75900   -0.75720   -0.75522   -0.75408   -0.13656   -0.13422   -0.12180   -0.12071
  -0.11262   -0.10334   -0.09512   -0.09065   -0.06856   -0.06338   -0.05189   -0.04986
   0.01413    0.01601    0.02610    0.04915    0.07226    0.25944    0.26053    0.26948
   0.28829    0.30700    0.36487    0.38547    0.41942    0.45467    0.51552    0.54008
   0.55075    0.56437    0.58429    0.58787    0.61542    0.64117    0.75324    0.79497
 kpt# 405, nband= 48, wtk=  1.00000, kpt=  0.0556  0.4444  0.4167 (reduced coord)
  -2.85349   -2.66489   -1.70762   -1.70612   -1.70551   -1.52280   -1.52152   -1.52066
  -0.75920   -0.75727   -0.75512   -0.75402   -0.13623   -0.13391   -0.12214   -0.12099
  -0.11257   -0.10334   -0.09500   -0.09066   -0.06862   -0.06318   -0.05201   -0.04967
   0.01431    0.01612    0.02602    0.04940    0.07222    0.25957    0.26065    0.26923
   0.28792    0.30671    0.36166    0.38415    0.42230    0.45778    0.51209    0.53882
   0.54916    0.56520    0.58621    0.58956    0.61528    0.64518    0.75247    0.79410
 kpt# 406, nband= 48, wtk=  1.00000, kpt=  0.0611  0.4389  0.4083 (reduced coord)
  -2.85349   -2.66489   -1.70762   -1.70611   -1.70551   -1.52280   -1.52151   -1.52066
  -0.75942   -0.75733   -0.75503   -0.75395   -0.13595   -0.13353   -0.12244   -0.12128
  -0.11252   -0.10343   -0.09476   -0.09065   -0.06875   -0.06297   -0.05213   -0.04946
   0.01449    0.01624    0.02592    0.04968    0.07217    0.25971    0.26079    0.26896
   0.28750    0.30640    0.35845    0.38286    0.42518    0.46094    0.50858    0.53726
   0.54798    0.56601    0.58809    0.59141    0.61507    0.64936    0.75164    0.79329
 kpt# 407, nband= 48, wtk=  1.00000, kpt=  0.0667  0.4333  0.4000 (reduced coord)
  -2.85349   -2.66490   -1.70762   -1.70609   -1.70552   -1.52280   -1.52149   -1.52066
  -0.75964   -0.75739   -0.75494   -0.75389   -0.13574   -0.13308   -0.12269   -0.12159
  -0.11248   -0.10362   -0.09441   -0.09062   -0.06894   -0.06276   -0.05223   -0.04923
   0.01467    0.01638    0.02582    0.04998    0.07213    0.25986    0.26094    0.26867
   0.28702    0.30608    0.35527    0.38161    0.42805    0.46413    0.50501    0.53545
   0.54719    0.56684    0.58989    0.59343    0.61482    0.65369    0.75076    0.79236
 kpt# 408, nband= 48, wtk=  1.00000, kpt=  0.0722  0.4278  0.3917 (reduced coord)
  -2.85349   -2.66490   -1.70762   -1.70608   -1.70552   -1.52280   -1.52147   -1.52066
  -0.75989   -0.75744   -0.75485   -0.75383   -0.13562   -0.13257   -0.12288   -0.12189
  -0.11243   -0.10388   -0.09397   -0.09058   -0.06921   -0.06254   -0.05231   -0.04899
   0.01485    0.01652    0.02570    0.05032    0.07207    0.26003    0.26110    0.26835
   0.28650    0.30574    0.35212    0.38042    0.43089    0.46730    0.50140    0.53350
   0.54671    0.56768    0.59157    0.59560    0.61454    0.65812    0.74981    0.79152
 kpt# 409, nband= 48, wtk=  1.00000, kpt=  0.0778  0.4222  0.3833 (reduced coord)
  -2.85349   -2.66490   -1.70763   -1.70607   -1.70552   -1.52281   -1.52145   -1.52066
  -0.76014   -0.75749   -0.75477   -0.75376   -0.13558   -0.13201   -0.12299   -0.12218
  -0.11238   -0.10420   -0.09346   -0.09050   -0.06955   -0.06231   -0.05238   -0.04874
   0.01503    0.01668    0.02557    0.05069    0.07202    0.26021    0.26127    0.26802
   0.28591    0.30540    0.34902    0.37928    0.43370    0.47041    0.49779    0.53150
   0.54648    0.56856    0.59313    0.59790    0.61427    0.66266    0.74877    0.79079
 kpt# 410, nband= 48, wtk=  1.00000, kpt=  0.0833  0.4167  0.3750 (reduced coord)
  -2.85349   -2.66490   -1.70763   -1.70605   -1.70552   -1.52281   -1.52143   -1.52066
  -0.76040   -0.75753   -0.75469   -0.75370   -0.13564   -0.13143   -0.12304   -0.12243
  -0.11233   -0.10456   -0.09290   -0.09039   -0.06997   -0.06208   -0.05242   -0.04847
   0.01519    0.01685    0.02543    0.05108    0.07196    0.26040    0.26145    0.26766
   0.28526    0.30506    0.34596    0.37821    0.43645    0.47340    0.49423    0.52956
   0.54644    0.56948    0.59452    0.60031    0.61405    0.66728    0.74761    0.79006
 kpt# 411, nband= 48, wtk=  1.00000, kpt=  0.0889  0.4111  0.3667 (reduced coord)
  -2.85349   -2.66490   -1.70763   -1.70604   -1.70552   -1.52282   -1.52141   -1.52067
  -0.76066   -0.75758   -0.75461   -0.75364   -0.13580   -0.13084   -0.12310   -0.12253
  -0.11228   -0.10492   -0.09232   -0.09023   -0.07045   -0.06185   -0.05245   -0.04821
   0.01535    0.01704    0.02527    0.05150    0.07190    0.26059    0.26165    0.26728
   0.28455    0.30471    0.34296    0.37720    0.43913    0.47613    0.49082    0.52773
   0.54656    0.57044    0.59570    0.60280    0.61394    0.67198    0.74631    0.78952
 kpt# 412, nband= 48, wtk=  1.00000, kpt=  0.0944  0.4056  0.3583 (reduced coord)
  -2.85349   -2.66490   -1.70763   -1.70602   -1.70552   -1.52282   -1.52139   -1.52067
  -0.76094   -0.75761   -0.75454   -0.75358   -0.13606   -0.13027   -0.12329   -0.12236
  -0.11222   -0.10529   -0.09178   -0.09000   -0.07101   -0.06161   -0.05246   -0.04794
   0.01550    0.01723    0.02511    0.05196    0.07184    0.26080    0.26186    0.26688
   0.28377    0.30437    0.34003    0.37625    0.44169    0.47831    0.48785    0.52611
   0.54682    0.57143    0.59660    0.60537    0.61403    0.67673    0.74484    0.78917
 kpt# 413, nband= 48, wtk=  1.00000, kpt=  0.1000  0.4000  0.3500 (reduced coord)
  -2.85349   -2.66490   -1.70764   -1.70601   -1.70552   -1.52283   -1.52136   -1.52067
  -0.76121   -0.75765   -0.75448   -0.75352   -0.13640   -0.12973   -0.12352   -0.12199
  -0.11214   -0.10563   -0.09131   -0.08964   -0.07163   -0.06137   -0.05246   -0.04767
   0.01564    0.01744    0.02493    0.05244    0.07177    0.26102    0.26207    0.26646
   0.28292    0.30404    0.33718    0.37537    0.44409    0.47900    0.48628    0.52473
   0.54723    0.57245    0.59718    0.60802    0.61438    0.68153    0.74317    0.78901
 kpt# 414, nband= 48, wtk=  1.00000, kpt=  0.1056  0.3944  0.3417 (reduced coord)
  -2.85349   -2.66490   -1.70764   -1.70599   -1.70552   -1.52283   -1.52134   -1.52067
  -0.76150   -0.75768   -0.75442   -0.75346   -0.13683   -0.12924   -0.12374   -0.12146
  -0.11205   -0.10595   -0.09095   -0.08915   -0.07230   -0.06112   -0.05245   -0.04740
   0.01576    0.01766    0.02474    0.05294    0.07170    0.26125    0.26230    0.26602
   0.28199    0.30371    0.33441    0.37455    0.44624    0.47742    0.48686    0.52367
   0.54778    0.57350    0.59739    0.61074    0.61504    0.68638    0.74129    0.78907
 kpt# 415, nband= 48, wtk=  1.00000, kpt=  0.1111  0.3889  0.3333 (reduced coord)
  -2.85349   -2.66490   -1.70764   -1.70597   -1.70552   -1.52284   -1.52131   -1.52067
  -0.76178   -0.75770   -0.75436   -0.75340   -0.13734   -0.12882   -0.12393   -0.12081
  -0.11195   -0.10623   -0.09069   -0.08855   -0.07302   -0.06087   -0.05244   -0.04714
   0.01587    0.01788    0.02454    0.05347    0.07163    0.26148    0.26254    0.26556
   0.28099    0.30339    0.33174    0.37380    0.44801    0.47490    0.48835    0.52299
   0.54849    0.57455    0.59724    0.61353    0.61604    0.69126    0.73920    0.78939
 kpt# 416, nband= 48, wtk=  1.00000, kpt=  0.1167  0.3833  0.3250 (reduced coord)
  -2.85349   -2.66490   -1.70764   -1.70595   -1.70552   -1.52284   -1.52129   -1.52067
  -0.76208   -0.75773   -0.75432   -0.75334   -0.13791   -0.12846   -0.12407   -0.12006
  -0.11181   -0.10647   -0.09050   -0.08788   -0.07378   -0.06061   -0.05243   -0.04688
   0.01596    0.01812    0.02433    0.05402    0.07155    0.26172    0.26278    0.26508
   0.27991    0.30309    0.32917    0.37311    0.44922    0.47245    0.48987    0.52272
   0.54937    0.57557    0.59681    0.61636    0.61738    0.69615    0.73690    0.78992
 kpt# 417, nband= 48, wtk=  1.00000, kpt=  0.1222  0.3778  0.3167 (reduced coord)
  -2.85350   -2.66491   -1.70765   -1.70593   -1.70553   -1.52285   -1.52126   -1.52067
  -0.76237   -0.75775   -0.75427   -0.75328   -0.13854   -0.12819   -0.12416   -0.11924
  -0.11164   -0.10665   -0.09034   -0.08719   -0.07456   -0.06036   -0.05243   -0.04663
   0.01603    0.01836    0.02411    0.05460    0.07147    0.26197    0.26304    0.26459
   0.27875    0.30279    0.32671    0.37248    0.44961    0.47053    0.49119    0.52287
   0.55044    0.57654    0.59618    0.61876    0.61947    0.70105    0.73440    0.79066
 kpt# 418, nband= 48, wtk=  1.00000, kpt=  0.1278  0.3722  0.3083 (reduced coord)
  -2.85350   -2.66491   -1.70765   -1.70591   -1.70553   -1.52285   -1.52123   -1.52068
  -0.76266   -0.75776   -0.75423   -0.75323   -0.13922   -0.12799   -0.12420   -0.11837
  -0.11143   -0.10676   -0.09020   -0.08648   -0.07535   -0.06010   -0.05243   -0.04638
   0.01609    0.01861    0.02388    0.05519    0.07139    0.26223    0.26330    0.26409
   0.27752    0.30251    0.32437    0.37191    0.44896    0.46938    0.49227    0.52343
   0.55172    0.57738    0.59547    0.62058    0.62242    0.70593    0.73174    0.79158
 kpt# 419, nband= 48, wtk=  1.00000, kpt=  0.1333  0.3667  0.3000 (reduced coord)
  -2.85350   -2.66491   -1.70765   -1.70589   -1.70553   -1.52286   -1.52120   -1.52068
  -0.76296   -0.75778   -0.75420   -0.75317   -0.13993   -0.12787   -0.12418   -0.11748
  -0.11114   -0.10679   -0.09009   -0.08579   -0.07616   -0.05985   -0.05244   -0.04614
   0.01613    0.01886    0.02364    0.05580    0.07130    0.26248    0.26354    0.26360
   0.27621    0.30224    0.32214    0.37141    0.44728    0.46899    0.49317    0.52433
   0.55323    0.57804    0.59481    0.62252    0.62550    0.71074    0.72898    0.79287
 kpt# 420, nband= 48, wtk=  1.00000, kpt=  0.1389  0.3611  0.2917 (reduced coord)
  -2.85350   -2.66491   -1.70766   -1.70587   -1.70553   -1.52286   -1.52117   -1.52068
  -0.76325   -0.75779   -0.75418   -0.75311   -0.14068   -0.12780   -0.12413   -0.11663
  -0.11077   -0.10674   -0.09000   -0.08511   -0.07695   -0.05959   -0.05245   -0.04592
   0.01616    0.01912    0.02340    0.05642    0.07121    0.26271    0.26306    0.26384
   0.27484    0.30198    0.32005    0.37096    0.44479    0.46911    0.49400    0.52547
   0.55499    0.57841    0.59432    0.62460    0.62866    0.71535    0.72628    0.79377
 kpt# 421, nband= 48, wtk=  1.00000, kpt=  0.1444  0.3556  0.2833 (reduced coord)
  -2.85350   -2.66491   -1.70766   -1.70585   -1.70553   -1.52287   -1.52114   -1.52068
  -0.76355   -0.75780   -0.75415   -0.75306   -0.14144   -0.12777   -0.12406   -0.11585
  -0.11030   -0.10659   -0.08994   -0.08447   -0.07771   -0.05934   -0.05247   -0.04570
   0.01616    0.01939    0.02314    0.05706    0.07111    0.26243    0.26306    0.26412
   0.27340    0.30173    0.31808    0.37058    0.44176    0.46942    0.49486    0.52678
   0.55700    0.57841    0.59415    0.62679    0.63189    0.71881    0.72459    0.79491
 kpt# 422, nband= 48, wtk=  1.00000, kpt=  0.1500  0.3500  0.2750 (reduced coord)
  -2.85350   -2.66491   -1.70766   -1.70583   -1.70553   -1.52287   -1.52111   -1.52068
  -0.76384   -0.75781   -0.75414   -0.75300   -0.14222   -0.12777   -0.12398   -0.11516
  -0.10971   -0.10632   -0.08991   -0.08389   -0.07843   -0.05908   -0.05249   -0.04549
   0.01615    0.01966    0.02288    0.05771    0.07100    0.26187    0.26332    0.26440
   0.27191    0.30149    0.31624    0.37025    0.43841    0.46968    0.49585    0.52817
   0.55926    0.57798    0.59435    0.62909    0.63519    0.71811    0.72694    0.79602
 kpt# 423, nband= 48, wtk=  1.00000, kpt=  0.1556  0.3444  0.2667 (reduced coord)
  -2.85350   -2.66491   -1.70767   -1.70581   -1.70553   -1.52288   -1.52108   -1.52068
  -0.76413   -0.75781   -0.75413   -0.75295   -0.14301   -0.12778   -0.12391   -0.11459
  -0.10903   -0.10591   -0.08993   -0.08337   -0.07906   -0.05883   -0.05252   -0.04530
   0.01611    0.01994    0.02262    0.05836    0.07089    0.26129    0.26359    0.26469
   0.27037    0.30125    0.31453    0.36997    0.43485    0.46977    0.49705    0.52958
   0.56175    0.57716    0.59494    0.63148    0.63856    0.71534    0.73127    0.79699
 kpt# 424, nband= 48, wtk=  1.00000, kpt=  0.1611  0.3389  0.2583 (reduced coord)
  -2.85350   -2.66492   -1.70767   -1.70579   -1.70553   -1.52288   -1.52105   -1.52069
  -0.76441   -0.75782   -0.75412   -0.75290   -0.14381   -0.12778   -0.12387   -0.11413
  -0.10829   -0.10532   -0.09001   -0.08296   -0.07958   -0.05859   -0.05255   -0.04512
   0.01606    0.02022    0.02236    0.05903    0.07078    0.26068    0.26387    0.26498
   0.26881    0.30101    0.31296    0.36976    0.43118    0.46961    0.49847    0.53098
   0.56443    0.57605    0.59585    0.63396    0.64199    0.71222    0.73587    0.79777
 kpt# 425, nband= 48, wtk=  1.00000, kpt=  0.1667  0.3333  0.2500 (reduced coord)
  -2.85350   -2.66492   -1.70767   -1.70577   -1.70554   -1.52289   -1.52102   -1.52069
  -0.76470   -0.75782   -0.75412   -0.75285   -0.14460   -0.12778   -0.12385   -0.11377
  -0.10755   -0.10455   -0.09016   -0.08271   -0.07991   -0.05834   -0.05257   -0.04495
   0.01599    0.02050    0.02209    0.05969    0.07066    0.26006    0.26414    0.26527
   0.26722    0.30077    0.31153    0.36960    0.42745    0.46922    0.50009    0.53235
   0.56718    0.57482    0.59702    0.63652    0.64550    0.70904    0.74046    0.79830
 kpt# 426, nband= 48, wtk=  1.00000, kpt=  0.3333 -0.1667  0.2500 (reduced coord)
  -2.85350   -2.66492   -1.70768   -1.70577   -1.70554   -1.52289   -1.52102   -1.52069
  -0.76438   -0.75876   -0.75376   -0.75257   -0.14629   -0.13374   -0.11964   -0.11563
  -0.11190   -0.09935   -0.08439   -0.08072   -0.07937   -0.05916   -0.05305   -0.04369
   0.01688    0.02009    0.02440    0.05615    0.06476    0.25919    0.26383    0.26415
   0.27970    0.29571    0.30762    0.36918    0.42691    0.47679    0.49728    0.53096
   0.56810    0.57093    0.59353    0.64801    0.65397    0.71285    0.72179    0.80073
 kpt# 427, nband= 48, wtk=  1.00000, kpt=  0.3389 -0.1611  0.2583 (reduced coord)
  -2.85350   -2.66492   -1.70767   -1.70579   -1.70553   -1.52288   -1.52105   -1.52069
  -0.76410   -0.75872   -0.75382   -0.75260   -0.14561   -0.13317   -0.11989   -0.11632
  -0.11250   -0.09984   -0.08471   -0.08127   -0.07879   -0.05935   -0.05296   -0.04396
   0.01690    0.02006    0.02438    0.05570    0.06503    0.25987    0.26361    0.26391
   0.28127    0.29656    0.30799    0.36976    0.43051    0.47730    0.49542    0.52931
   0.56580    0.57163    0.59232    0.64594    0.65052    0.71420    0.71889    0.80122
 kpt# 428, nband= 48, wtk=  1.00000, kpt=  0.3444 -0.1556  0.2667 (reduced coord)
  -2.85350   -2.66491   -1.70767   -1.70581   -1.70553   -1.52288   -1.52108   -1.52069
  -0.76381   -0.75868   -0.75389   -0.75263   -0.14491   -0.13260   -0.12028   -0.11701
  -0.11296   -0.10024   -0.08512   -0.08185   -0.07814   -0.05952   -0.05289   -0.04424
   0.01690    0.01999    0.02439    0.05523    0.06533    0.26051    0.26339    0.26366
   0.28255    0.29774    0.30845    0.37037    0.43405    0.47737    0.49395    0.52772
   0.56352    0.57216    0.59139    0.64385    0.64718    0.71142    0.72021    0.80092
 kpt# 429, nband= 48, wtk=  1.00000, kpt=  0.3500 -0.1500  0.2750 (reduced coord)
  -2.85350   -2.66491   -1.70766   -1.70583   -1.70553   -1.52287   -1.52111   -1.52068
  -0.76352   -0.75864   -0.75395   -0.75266   -0.14419   -0.13205   -0.12080   -0.11768
  -0.11330   -0.10055   -0.08563   -0.08244   -0.07746   -0.05969   -0.05283   -0.04454
   0.01688    0.01988    0.02443    0.05476    0.06567    0.26113    0.26317    0.26343
   0.28355    0.29917    0.30908    0.37100    0.43751    0.47691    0.49295    0.52620
   0.56134    0.57245    0.59072    0.64163    0.64409    0.70721    0.72301    0.80019
 kpt# 430, nband= 48, wtk=  1.00000, kpt=  0.3556 -0.1444  0.2833 (reduced coord)
  -2.85350   -2.66491   -1.70766   -1.70585   -1.70553   -1.52287   -1.52114   -1.52068
  -0.76323   -0.75860   -0.75402   -0.75269   -0.14346   -0.13151   -0.12145   -0.11833
  -0.11352   -0.10076   -0.08621   -0.08303   -0.07675   -0.05985   -0.05279   -0.04484
   0.01683    0.01975    0.02449    0.05428    0.06603    0.26171    0.26295    0.26321
   0.28428    0.30072    0.30996    0.37165    0.44082    0.47596    0.49240    0.52478
   0.55929    0.57251    0.59028    0.63904    0.64153    0.70280    0.72605    0.79899
 kpt# 431, nband= 48, wtk=  1.00000, kpt=  0.3611 -0.1389  0.2917 (reduced coord)
  -2.85350   -2.66491   -1.70766   -1.70587   -1.70553   -1.52286   -1.52117   -1.52068
  -0.76294   -0.75855   -0.75409   -0.75273   -0.14272   -0.13099   -0.12219   -0.11898
  -0.11363   -0.10088   -0.08687   -0.08361   -0.07603   -0.06000   -0.05275   -0.04516
   0.01677    0.01958    0.02456    0.05382    0.06641    0.26223    0.26272    0.26305
   0.28481    0.30220    0.31121    0.37233    0.44389    0.47470    0.49216    0.52352
   0.55738    0.57237    0.59001    0.63607    0.63948    0.69834    0.72915    0.79749
 kpt# 432, nband= 48, wtk=  1.00000, kpt=  0.3667 -0.1333  0.3000 (reduced coord)
  -2.85350   -2.66491   -1.70765   -1.70589   -1.70553   -1.52286   -1.52120   -1.52068
  -0.76265   -0.75851   -0.75416   -0.75278   -0.14197   -0.13051   -0.12298   -0.11962
  -0.11364   -0.10090   -0.08760   -0.08418   -0.07532   -0.06015   -0.05273   -0.04548
   0.01669    0.01940    0.02465    0.05336    0.06680    0.26244    0.26255    0.26312
   0.28521    0.30344    0.31294    0.37304    0.44657    0.47341    0.49201    0.52250
   0.55565    0.57206    0.58985    0.63299    0.63773    0.69389    0.73224    0.79579
 kpt# 433, nband= 48, wtk=  1.00000, kpt=  0.3722 -0.1278  0.3083 (reduced coord)
  -2.85350   -2.66491   -1.70765   -1.70591   -1.70553   -1.52285   -1.52123   -1.52068
  -0.76236   -0.75846   -0.75423   -0.75282   -0.14121   -0.13007   -0.12379   -0.12026
  -0.11358   -0.10085   -0.08839   -0.08474   -0.07462   -0.06029   -0.05272   -0.04581
   0.01659    0.01919    0.02475    0.05292    0.06719    0.26224    0.26243    0.26355
   0.28551    0.30439    0.31516    0.37377    0.44864    0.47242    0.49177    0.52179
   0.55409    0.57164    0.58973    0.62992    0.63613    0.68945    0.73529    0.79404
 kpt# 434, nband= 48, wtk=  1.00000, kpt=  0.3778 -0.1222  0.3167 (reduced coord)
  -2.85350   -2.66491   -1.70765   -1.70593   -1.70553   -1.52285   -1.52126   -1.52067
  -0.76207   -0.75841   -0.75431   -0.75287   -0.14046   -0.12969   -0.12457   -0.12089
  -0.11345   -0.10071   -0.08922   -0.08528   -0.07393   -0.06044   -0.05271   -0.04615
   0.01647    0.01897    0.02485    0.05249    0.06758    0.26200    0.26226    0.26406
   0.28576    0.30509    0.31777    0.37453    0.44982    0.47205    0.49132    0.52149
   0.55271    0.57115    0.58957    0.62692    0.63465    0.68503    0.73825    0.79229
 kpt# 435, nband= 48, wtk=  1.00000, kpt=  0.3833 -0.1167  0.3250 (reduced coord)
  -2.85349   -2.66490   -1.70764   -1.70595   -1.70552   -1.52284   -1.52129   -1.52067
  -0.76178   -0.75836   -0.75438   -0.75293   -0.13972   -0.12941   -0.12531   -0.12147
  -0.11328   -0.10051   -0.09011   -0.08580   -0.07327   -0.06058   -0.05271   -0.04649
   0.01634    0.01874    0.02497    0.05208    0.06797    0.26177    0.26208    0.26456
   0.28598    0.30560    0.32067    0.37532    0.44995    0.47248    0.49062    0.52163
   0.55149    0.57062    0.58933    0.62401    0.63326    0.68066    0.74109    0.79068
 kpt# 436, nband= 48, wtk=  1.00000, kpt=  0.3889 -0.1111  0.3333 (reduced coord)
  -2.85349   -2.66490   -1.70764   -1.70597   -1.70552   -1.52284   -1.52131   -1.52067
  -0.76149   -0.75830   -0.75446   -0.75299   -0.13900   -0.12926   -0.12596   -0.12198
  -0.11306   -0.10025   -0.09102   -0.08632   -0.07263   -0.06073   -0.05271   -0.04683
   0.01620    0.01849    0.02508    0.05170    0.06836    0.26154    0.26190    0.26505
   0.28618    0.30600    0.32377    0.37614    0.44906    0.47356    0.48976    0.52224
   0.55042    0.57010    0.58896    0.62121    0.63195    0.67633    0.74378    0.78974
 kpt# 437, nband= 48, wtk=  1.00000, kpt=  0.3944 -0.1056  0.3417 (reduced coord)
  -2.85349   -2.66490   -1.70764   -1.70599   -1.70552   -1.52283   -1.52134   -1.52067
  -0.76121   -0.75825   -0.75454   -0.75305   -0.13832   -0.12928   -0.12649   -0.12239
  -0.11282   -0.09993   -0.09196   -0.08681   -0.07204   -0.06089   -0.05270   -0.04717
   0.01605    0.01825    0.02519    0.05133    0.06873    0.26131    0.26173    0.26553
   0.28638    0.30631    0.32703    0.37698    0.44741    0.47483    0.48903    0.52327
   0.54950    0.56960    0.58843    0.61853    0.63071    0.67206    0.74626    0.78793
 kpt# 438, nband= 48, wtk=  1.00000, kpt=  0.4000 -0.1000  0.3500 (reduced coord)
  -2.85349   -2.66490   -1.70764   -1.70601   -1.70552   -1.52283   -1.52136   -1.52067
  -0.76093   -0.75819   -0.75461   -0.75312   -0.13768   -0.12949   -0.12688   -0.12266
  -0.11255   -0.09957   -0.09292   -0.08730   -0.07149   -0.06106   -0.05268   -0.04751
   0.01589    0.01800    0.02531    0.05098    0.06909    0.26109    0.26156    0.26599
   0.28658    0.30658    0.33039    0.37786    0.44525    0.47560    0.48893    0.52467
   0.54871    0.56913    0.58771    0.61598    0.62953    0.66784    0.74851    0.78698
 kpt# 439, nband= 48, wtk=  1.00000, kpt=  0.4056 -0.0944  0.3583 (reduced coord)
  -2.85349   -2.66490   -1.70763   -1.70602   -1.70552   -1.52282   -1.52139   -1.52067
  -0.76066   -0.75813   -0.75469   -0.75319   -0.13712   -0.12985   -0.12715   -0.12279
  -0.11227   -0.09919   -0.09388   -0.08777   -0.07098   -0.06123   -0.05265   -0.04784
   0.01572    0.01775    0.02542    0.05066    0.06944    0.26088    0.26140    0.26644
   0.28679    0.30680    0.33384    0.37876    0.44278    0.47527    0.48991    0.52638
   0.54803    0.56872    0.58678    0.61356    0.62838    0.66370    0.75049    0.78633
 kpt# 440, nband= 48, wtk=  1.00000, kpt=  0.4111 -0.0889  0.3667 (reduced coord)
  -2.85349   -2.66490   -1.70763   -1.70604   -1.70552   -1.52282   -1.52141   -1.52066
  -0.76039   -0.75806   -0.75477   -0.75326   -0.13666   -0.13030   -0.12733   -0.12279
  -0.11198   -0.09880   -0.09482   -0.08821   -0.07053   -0.06142   -0.05261   -0.04816
   0.01554    0.01751    0.02553    0.05035    0.06977    0.26067    0.26125    0.26687
   0.28700    0.30700    0.33734    0.37970    0.44011    0.47383    0.49196    0.52834
   0.54745    0.56838    0.58565    0.61127    0.62727    0.65964    0.75216    0.78605
 kpt# 441, nband= 48, wtk=  1.00000, kpt=  0.4167 -0.0833  0.3750 (reduced coord)
  -2.85349   -2.66490   -1.70763   -1.70605   -1.70552   -1.52281   -1.52143   -1.52066
  -0.76013   -0.75799   -0.75485   -0.75334   -0.13633   -0.13077   -0.12740   -0.12268
  -0.11169   -0.09845   -0.09572   -0.08864   -0.07013   -0.06162   -0.05254   -0.04848
   0.01535    0.01728    0.02563    0.05007    0.07009    0.26047    0.26110    0.26729
   0.28722    0.30718    0.34089    0.38067    0.43733    0.47166    0.49468    0.53050
   0.54697    0.56810    0.58432    0.60910    0.62618    0.65567    0.75353    0.78612
 kpt# 442, nband= 48, wtk=  1.00000, kpt=  0.4222 -0.0778  0.3833 (reduced coord)
  -2.85349   -2.66490   -1.70763   -1.70607   -1.70552   -1.52281   -1.52145   -1.52066
  -0.75988   -0.75792   -0.75494   -0.75342   -0.13615   -0.13124   -0.12734   -0.12249
  -0.11141   -0.09827   -0.09641   -0.08904   -0.06980   -0.06183   -0.05246   -0.04878
   0.01516    0.01706    0.02573    0.04981    0.07039    0.26028    0.26097    0.26768
   0.28746    0.30733    0.34448    0.38167    0.43448    0.46905    0.49777    0.53282
   0.54657    0.56789    0.58280    0.60703    0.62511    0.65181    0.75459    0.78653
 kpt# 443, nband= 48, wtk=  1.00000, kpt=  0.4278 -0.0722  0.3917 (reduced coord)
  -2.85349   -2.66490   -1.70762   -1.70608   -1.70552   -1.52280   -1.52147   -1.52066
  -0.75963   -0.75784   -0.75502   -0.75351   -0.13612   -0.13171   -0.12712   -0.12225
  -0.11115   -0.09857   -0.09662   -0.08942   -0.06951   -0.06205   -0.05236   -0.04907
   0.01496    0.01684    0.02583    0.04957    0.07067    0.26010    0.26084    0.26805
   0.28769    0.30748    0.34808    0.38270    0.43158    0.46621    0.50106    0.53527
   0.54625    0.56775    0.58112    0.60505    0.62404    0.64806    0.75538    0.78724
 kpt# 444, nband= 48, wtk=  1.00000, kpt=  0.4333 -0.0667  0.4000 (reduced coord)
  -2.85349   -2.66490   -1.70762   -1.70609   -1.70552   -1.52280   -1.52149   -1.52066
  -0.75941   -0.75775   -0.75510   -0.75360   -0.13621   -0.13216   -0.12675   -0.12198
  -0.11091   -0.09929   -0.09640   -0.08975   -0.06929   -0.06229   -0.05223   -0.04934
   0.01476    0.01665    0.02592    0.04935    0.07093    0.25992    0.26072    0.26840
   0.28793    0.30761    0.35170    0.38377    0.42866    0.46322    0.50443    0.53779
   0.54602    0.56767    0.57931    0.60313    0.62298    0.64446    0.75595    0.78821
 kpt# 445, nband= 48, wtk=  1.00000, kpt=  0.4389 -0.0611  0.4083 (reduced coord)
  -2.85349   -2.66489   -1.70762   -1.70611   -1.70551   -1.52280   -1.52151   -1.52066
  -0.75919   -0.75766   -0.75518   -0.75369   -0.13641   -0.13261   -0.12623   -0.12170
  -0.11071   -0.10014   -0.09604   -0.09005   -0.06911   -0.06253   -0.05209   -0.04959
   0.01457    0.01647    0.02600    0.04915    0.07117    0.25976    0.26060    0.26873
   0.28817    0.30773    0.35532    0.38485    0.42573    0.46018    0.50783    0.54033
   0.54592    0.56764    0.57739    0.60123    0.62191    0.64102    0.75634    0.78933
 kpt# 446, nband= 48, wtk=  1.00000, kpt=  0.4444 -0.0556  0.4167 (reduced coord)
  -2.85349   -2.66489   -1.70762   -1.70612   -1.70551   -1.52280   -1.52152   -1.52066
  -0.75899   -0.75756   -0.75527   -0.75378   -0.13666   -0.13304   -0.12560   -0.12142
  -0.11056   -0.10098   -0.09566   -0.09029   -0.06899   -0.06278   -0.05195   -0.04981
   0.01437    0.01630    0.02608    0.04897    0.07139    0.25962    0.26050    0.26903
   0.28840    0.30784    0.35893    0.38597    0.42281    0.45713    0.51122    0.54268
   0.54614    0.56762    0.57544    0.59934    0.62084    0.63777    0.75660    0.79061
 kpt# 447, nband= 48, wtk=  1.00000, kpt=  0.4500 -0.0500  0.4250 (reduced coord)
  -2.85349   -2.66489   -1.70762   -1.70613   -1.70551   -1.52279   -1.52154   -1.52066
  -0.75881   -0.75746   -0.75535   -0.75387   -0.13695   -0.13345   -0.12489   -0.12115
  -0.11048   -0.10179   -0.09531   -0.09048   -0.06890   -0.06303   -0.05179   -0.05001
   0.01418    0.01615    0.02615    0.04880    0.07159    0.25948    0.26041    0.26931
   0.28863    0.30794    0.36253    0.38709    0.41989    0.45412    0.51456    0.54415
   0.54735    0.56752    0.57355    0.59743    0.61977    0.63476    0.75677    0.79184
 kpt# 448, nband= 48, wtk=  1.00000, kpt=  0.4556 -0.0444  0.4333 (reduced coord)
  -2.85349   -2.66489   -1.70762   -1.70614   -1.70551   -1.52279   -1.52155   -1.52066
  -0.75865   -0.75734   -0.75544   -0.75396   -0.13724   -0.13384   -0.12413   -0.12089
  -0.11049   -0.10253   -0.09501   -0.09060   -0.06885   -0.06328   -0.05165   -0.05018
   0.01401    0.01602    0.02621    0.04866    0.07177    0.25936    0.26032    0.26956
   0.28884    0.30803    0.36611    0.38822    0.41697    0.45120    0.51783    0.54460
   0.54966    0.56714    0.57195    0.59546    0.61869    0.63200    0.75687    0.79311
 kpt# 449, nband= 48, wtk=  1.00000, kpt=  0.4611 -0.0389  0.4417 (reduced coord)
  -2.85348   -2.66489   -1.70761   -1.70614   -1.70551   -1.52279   -1.52156   -1.52066
  -0.75851   -0.75722   -0.75553   -0.75404   -0.13752   -0.13419   -0.12333   -0.12065
  -0.11061   -0.10318   -0.09477   -0.09066   -0.06882   -0.06353   -0.05152   -0.05031
   0.01384    0.01591    0.02627    0.04854    0.07193    0.25925    0.26025    0.26979
   0.28905    0.30811    0.36966    0.38934    0.41406    0.44841    0.52099    0.54477
   0.55233    0.56614    0.57097    0.59343    0.61761    0.62956    0.75694    0.79431
 kpt# 450, nband= 48, wtk=  1.00000, kpt=  0.4667 -0.0333  0.4500 (reduced coord)
  -2.85348   -2.66489   -1.70761   -1.70615   -1.70551   -1.52279   -1.52157   -1.52066
  -0.75839   -0.75708   -0.75562   -0.75412   -0.13778   -0.13450   -0.12252   -0.12044
  -0.11083   -0.10371   -0.09459   -0.09066   -0.06882   -0.06375   -0.05141   -0.05040
   0.01369    0.01580    0.02631    0.04843    0.07207    0.25915    0.26018    0.26999
   0.28923    0.30818    0.37317    0.39042    0.41115    0.44580    0.52399    0.54494
   0.55507    0.56448    0.57070    0.59133    0.61654    0.62745    0.75699    0.79543
 kpt# 451, nband= 48, wtk=  1.00000, kpt=  0.4722 -0.0278  0.4583 (reduced coord)
  -2.85348   -2.66489   -1.70761   -1.70616   -1.70551   -1.52278   -1.52158   -1.52066
  -0.75829   -0.75695   -0.75571   -0.75420   -0.13801   -0.13477   -0.12171   -0.12024
  -0.11117   -0.10413   -0.09447   -0.09062   -0.06883   -0.06396   -0.05135   -0.05045
   0.01356    0.01572    0.02635    0.04834    0.07218    0.25907    0.26013    0.27015
   0.28939    0.30823    0.37663    0.39145    0.40823    0.44343    0.52678    0.54519
   0.55774    0.56249    0.57083    0.58915    0.61550    0.62571    0.75703    0.79652
 kpt# 452, nband= 48, wtk=  1.00000, kpt=  0.4778 -0.0222  0.4667 (reduced coord)
  -2.85348   -2.66489   -1.70761   -1.70616   -1.70551   -1.52278   -1.52159   -1.52065
  -0.75821   -0.75681   -0.75581   -0.75427   -0.13820   -0.13499   -0.12094   -0.12008
  -0.11159   -0.10443   -0.09439   -0.09054   -0.06885   -0.06414   -0.05133   -0.05045
   0.01344    0.01565    0.02639    0.04826    0.07228    0.25900    0.26008    0.27029
   0.28952    0.30828    0.38003    0.39238    0.40530    0.44136    0.52929    0.54558
   0.55953    0.56111    0.57119    0.58691    0.61453    0.62433    0.75705    0.79735
 kpt# 453, nband= 48, wtk=  1.00000, kpt=  0.4833 -0.0167  0.4750 (reduced coord)
  -2.85348   -2.66489   -1.70761   -1.70617   -1.70551   -1.52278   -1.52159   -1.52065
  -0.75815   -0.75667   -0.75591   -0.75432   -0.13836   -0.13516   -0.12027   -0.11991
  -0.11205   -0.10464   -0.09435   -0.09045   -0.06887   -0.06428   -0.05133   -0.05042
   0.01336    0.01560    0.02641    0.04821    0.07235    0.25895    0.26004    0.27040
   0.28963    0.30832    0.38337    0.39317    0.40235    0.43965    0.53141    0.54618
   0.55784    0.56296    0.57173    0.58465    0.61368    0.62330    0.75707    0.79798
 kpt# 454, nband= 48, wtk=  1.00000, kpt=  0.4889 -0.0111  0.4833 (reduced coord)
  -2.85348   -2.66489   -1.70761   -1.70617   -1.70551   -1.52278   -1.52160   -1.52065
  -0.75811   -0.75653   -0.75602   -0.75436   -0.13847   -0.13529   -0.11994   -0.11955
  -0.11248   -0.10477   -0.09433   -0.09038   -0.06889   -0.06439   -0.05134   -0.05039
   0.01329    0.01556    0.02643    0.04817    0.07240    0.25891    0.26002    0.27048
   0.28971    0.30835    0.38663    0.39378    0.39938    0.43836    0.53301    0.54703
   0.55580    0.56482    0.57250    0.58248    0.61302    0.62259    0.75708    0.79852
 kpt# 455, nband= 48, wtk=  1.00000, kpt=  0.4944 -0.0056  0.4917 (reduced coord)
  -2.85348   -2.66489   -1.70761   -1.70617   -1.70551   -1.52278   -1.52160   -1.52065
  -0.75809   -0.75640   -0.75613   -0.75439   -0.13854   -0.13537   -0.11986   -0.11917
  -0.11280   -0.10484   -0.09432   -0.09033   -0.06890   -0.06446   -0.05135   -0.05037
   0.01325    0.01554    0.02644    0.04814    0.07243    0.25888    0.26000    0.27053
   0.28976    0.30836    0.38976    0.39417    0.39643    0.43756    0.53401    0.54798
   0.55407    0.56604    0.57342    0.58064    0.61261    0.62218    0.75709    0.79880
 kpt# 456, nband= 48, wtk=  1.00000, kpt=  0.5000  0.0000  0.5000 (reduced coord)
  -2.85348   -2.66489   -1.70761   -1.70617   -1.70551   -1.52278   -1.52160   -1.52065
  -0.75808   -0.75631   -0.75621   -0.75440   -0.13856   -0.13539   -0.11983   -0.11903
  -0.11292   -0.10487   -0.09432   -0.09031   -0.06891   -0.06448   -0.05136   -0.05036
   0.01324    0.01553    0.02645    0.04813    0.07244    0.25888    0.26000    0.27054
   0.28977    0.30837    0.39199    0.39425    0.39431    0.43729    0.53435    0.54851
   0.55328    0.56645    0.57394    0.57981    0.61246    0.62204    0.75709    0.79889
 kpt# 457, nband= 48, wtk=  1.00000, kpt=  0.5000 -0.0167  0.5000 (reduced coord)
  -2.85348   -2.66489   -1.70761   -1.70617   -1.70551   -1.52278   -1.52160   -1.52065
  -0.75808   -0.75631   -0.75621   -0.75439   -0.13859   -0.13543   -0.11985   -0.11925
  -0.11267   -0.10487   -0.09436   -0.09030   -0.06886   -0.06444   -0.05135   -0.05036
   0.01324    0.01553    0.02645    0.04814    0.07244    0.25888    0.26000    0.27054
   0.28977    0.30835    0.39182    0.39432    0.39454    0.43730    0.53262    0.55019
   0.55293    0.56627    0.57051    0.58332    0.61283    0.62238    0.75709    0.79888
 kpt# 458, nband= 48, wtk=  1.00000, kpt=  0.5000 -0.0333  0.5000 (reduced coord)
  -2.85348   -2.66489   -1.70761   -1.70617   -1.70551   -1.52278   -1.52160   -1.52065
  -0.75810   -0.75629   -0.75623   -0.75437   -0.13867   -0.13554   -0.11988   -0.11983
  -0.11201   -0.10486   -0.09446   -0.09025   -0.06871   -0.06432   -0.05133   -0.05034
   0.01325    0.01552    0.02644    0.04816    0.07241    0.25889    0.26000    0.27055
   0.28975    0.30828    0.39145    0.39451    0.39510    0.43731    0.52881    0.55191
   0.55366    0.56531    0.56593    0.58877    0.61392    0.62334    0.75710    0.79886
 kpt# 459, nband= 48, wtk=  1.00000, kpt=  0.5000 -0.0500  0.5000 (reduced coord)
  -2.85348   -2.66489   -1.70761   -1.70617   -1.70551   -1.52278   -1.52160   -1.52065
  -0.75811   -0.75627   -0.75625   -0.75435   -0.13882   -0.13573   -0.12059   -0.11995
  -0.11112   -0.10484   -0.09462   -0.09019   -0.06846   -0.06413   -0.05128   -0.05031
   0.01326    0.01552    0.02644    0.04820    0.07237    0.25890    0.26000    0.27055
   0.28972    0.30818    0.39101    0.39482    0.39584    0.43733    0.52434    0.55027
   0.55662    0.56003    0.56640    0.59446    0.61569    0.62488    0.75710    0.79882
 kpt# 460, nband= 48, wtk=  1.00000, kpt=  0.5000 -0.0667  0.5000 (reduced coord)
  -2.85348   -2.66489   -1.70761   -1.70617   -1.70551   -1.52278   -1.52160   -1.52065
  -0.75814   -0.75629   -0.75624   -0.75431   -0.13902   -0.13598   -0.12142   -0.12005
  -0.11012   -0.10481   -0.09482   -0.09009   -0.06812   -0.06386   -0.05122   -0.05026
   0.01328    0.01551    0.02643    0.04825    0.07232    0.25892    0.26001    0.27056
   0.28968    0.30803    0.39057    0.39526    0.39670    0.43735    0.51969    0.54804
   0.55488    0.55710    0.56923    0.60017    0.61808    0.62691    0.75711    0.79875
 kpt# 461, nband= 48, wtk=  1.00000, kpt=  0.5000 -0.0833  0.5000 (reduced coord)
  -2.85348   -2.66489   -1.70761   -1.70617   -1.70551   -1.52278   -1.52160   -1.52065
  -0.75817   -0.75633   -0.75621   -0.75427   -0.13928   -0.13628   -0.12224   -0.12019
  -0.10911   -0.10476   -0.09502   -0.08998   -0.06771   -0.06352   -0.05115   -0.05021
   0.01330    0.01549    0.02641    0.04832    0.07225    0.25894    0.26001    0.27057
   0.28963    0.30785    0.39016    0.39583    0.39765    0.43738    0.51504    0.54524
   0.55001    0.55552    0.57394    0.60578    0.62109    0.62933    0.75711    0.79867
 kpt# 462, nband= 48, wtk=  1.00000, kpt=  0.5000 -0.1000  0.5000 (reduced coord)
  -2.85348   -2.66489   -1.70761   -1.70617   -1.70551   -1.52278   -1.52160   -1.52065
  -0.75821   -0.75638   -0.75617   -0.75421   -0.13961   -0.13664   -0.12302   -0.12038
  -0.10816   -0.10468   -0.09520   -0.08986   -0.06723   -0.06311   -0.05107   -0.05014
   0.01333    0.01548    0.02640    0.04840    0.07216    0.25897    0.26001    0.27058
   0.28956    0.30763    0.38979    0.39651    0.39868    0.43742    0.51045    0.54178
   0.54559    0.55299    0.57941    0.61117    0.62472    0.63205    0.75712    0.79856
 kpt# 463, nband= 48, wtk=  1.00000, kpt=  0.5000 -0.1167  0.5000 (reduced coord)
  -2.85348   -2.66489   -1.70761   -1.70617   -1.70551   -1.52278   -1.52160   -1.52065
  -0.75825   -0.75643   -0.75613   -0.75416   -0.14001   -0.13704   -0.12373   -0.12062
  -0.10731   -0.10456   -0.09531   -0.08973   -0.06669   -0.06265   -0.05097   -0.05006
   0.01336    0.01546    0.02638    0.04849    0.07206    0.25900    0.26002    0.27060
   0.28949    0.30738    0.38946    0.39731    0.39978    0.43747    0.50597    0.53767
   0.54170    0.54997    0.58523    0.61624    0.62899    0.63501    0.75712    0.79844
 kpt# 464, nband= 48, wtk=  1.00000, kpt=  0.5000 -0.1333  0.5000 (reduced coord)
  -2.85348   -2.66489   -1.70761   -1.70617   -1.70551   -1.52278   -1.52160   -1.52065
  -0.75829   -0.75649   -0.75608   -0.75410   -0.14047   -0.13748   -0.12436   -0.12092
  -0.10663   -0.10440   -0.09529   -0.08960   -0.06612   -0.06213   -0.05085   -0.04997
   0.01339    0.01544    0.02636    0.04859    0.07195    0.25904    0.26003    0.27061
   0.28941    0.30710    0.38917    0.39822    0.40096    0.43752    0.50161    0.53323
   0.53810    0.54665    0.59125    0.62091    0.63391    0.63815    0.75711    0.79851
 kpt# 465, nband= 48, wtk=  1.00000, kpt=  0.5000 -0.1500  0.5000 (reduced coord)
  -2.85348   -2.66489   -1.70761   -1.70617   -1.70551   -1.52278   -1.52160   -1.52065
  -0.75834   -0.75655   -0.75603   -0.75403   -0.14099   -0.13794   -0.12489   -0.12127
  -0.10617   -0.10420   -0.09509   -0.08947   -0.06551   -0.06157   -0.05073   -0.04988
   0.01343    0.01541    0.02633    0.04870    0.07183    0.25908    0.26003    0.27063
   0.28932    0.30680    0.38892    0.39924    0.40222    0.43758    0.49740    0.52873
   0.53458    0.54312    0.59740    0.62520    0.63937    0.64141    0.75709    0.79813
 kpt# 466, nband= 48, wtk=  1.00000, kpt=  0.5000 -0.1667  0.5000 (reduced coord)
  -2.85348   -2.66489   -1.70761   -1.70617   -1.70551   -1.52278   -1.52160   -1.52065
  -0.75839   -0.75661   -0.75598   -0.75397   -0.14156   -0.13841   -0.12533   -0.12167
  -0.10596   -0.10397   -0.09470   -0.08934   -0.06488   -0.06097   -0.05060   -0.04977
   0.01346    0.01539    0.02630    0.04883    0.07169    0.25913    0.26004    0.27065
   0.28922    0.30647    0.38872    0.40037    0.40354    0.43764    0.49334    0.52429
   0.53105    0.53944    0.60365    0.62921    0.64477    0.64526    0.75706    0.79803
 kpt# 467, nband= 48, wtk=  1.00000, kpt=  0.5000 -0.1833  0.5000 (reduced coord)
  -2.85348   -2.66489   -1.70761   -1.70617   -1.70551   -1.52278   -1.52160   -1.52065
  -0.75843   -0.75667   -0.75592   -0.75390   -0.14218   -0.13890   -0.12568   -0.12211
  -0.10600   -0.10369   -0.09410   -0.08922   -0.06423   -0.06034   -0.05046   -0.04965
   0.01350    0.01536    0.02627    0.04896    0.07155    0.25917    0.26005    0.27067
   0.28912    0.30613    0.38855    0.40160    0.40493    0.43771    0.48944    0.51996
   0.52751    0.53565    0.60997    0.63302    0.64819    0.65142    0.75704    0.80013
 kpt# 468, nband= 48, wtk=  1.00000, kpt=  0.5000 -0.2000  0.5000 (reduced coord)
  -2.85348   -2.66489   -1.70761   -1.70617   -1.70551   -1.52278   -1.52160   -1.52065
  -0.75848   -0.75673   -0.75587   -0.75384   -0.14283   -0.13939   -0.12593   -0.12259
  -0.10624   -0.10339   -0.09334   -0.08911   -0.06358   -0.05968   -0.05031   -0.04952
   0.01354    0.01533    0.02624    0.04910    0.07140    0.25922    0.26006    0.27069
   0.28901    0.30577    0.38841    0.40293    0.40639    0.43778    0.48572    0.51577
   0.52397    0.53179    0.61634    0.63668    0.65166    0.65777    0.75694    0.79764
 kpt# 469, nband= 48, wtk=  1.00000, kpt=  0.5000 -0.2167  0.5000 (reduced coord)
  -2.85348   -2.66489   -1.70761   -1.70617   -1.70551   -1.52278   -1.52160   -1.52065
  -0.75853   -0.75679   -0.75581   -0.75377   -0.14351   -0.13987   -0.12611   -0.12310
  -0.10665   -0.10307   -0.09246   -0.08900   -0.06294   -0.05901   -0.05017   -0.04939
   0.01358    0.01530    0.02620    0.04924    0.07124    0.25928    0.26006    0.27071
   0.28890    0.30541    0.38831    0.40434    0.40791    0.43786    0.48217    0.51173
   0.52044    0.52788    0.62273    0.64023    0.65515    0.66424    0.75684    0.79726
 kpt# 470, nband= 48, wtk=  1.00000, kpt=  0.5000 -0.2333  0.5000 (reduced coord)
  -2.85348   -2.66489   -1.70761   -1.70617   -1.70551   -1.52278   -1.52160   -1.52065
  -0.75858   -0.75684   -0.75576   -0.75370   -0.14420   -0.14035   -0.12621   -0.12362
  -0.10719   -0.10272   -0.09151   -0.08890   -0.06230   -0.05832   -0.05001   -0.04925
   0.01362    0.01528    0.02617    0.04939    0.07108    0.25933    0.26007    0.27073
   0.28878    0.30504    0.38825    0.40584    0.40948    0.43793    0.47882    0.50784
   0.51694    0.52394    0.62914    0.64368    0.65864    0.67078    0.75671    0.79704
 kpt# 471, nband= 48, wtk=  1.00000, kpt=  0.5000 -0.2500  0.5000 (reduced coord)
  -2.85348   -2.66489   -1.70761   -1.70617   -1.70551   -1.52278   -1.52160   -1.52065
  -0.75862   -0.75690   -0.75571   -0.75364   -0.14490   -0.14082   -0.12624   -0.12416
  -0.10782   -0.10237   -0.09051   -0.08882   -0.06169   -0.05763   -0.04987   -0.04910
   0.01366    0.01525    0.02613    0.04955    0.07091    0.25939    0.26008    0.27076
   0.28867    0.30467    0.38821    0.40742    0.41111    0.43801    0.47568    0.50412
   0.51348    0.52000    0.63553    0.64703    0.66212    0.67734    0.75654    0.79661
 kpt# 472, nband= 48, wtk=  1.00000, kpt=  0.5000 -0.2667  0.5000 (reduced coord)
  -2.85348   -2.66489   -1.70761   -1.70617   -1.70551   -1.52278   -1.52160   -1.52065
  -0.75867   -0.75696   -0.75566   -0.75358   -0.14559   -0.14128   -0.12621   -0.12470
  -0.10851   -0.10202   -0.08950   -0.08874   -0.06110   -0.05695   -0.04972   -0.04895
   0.01369    0.01522    0.02609    0.04970    0.07075    0.25945    0.26009    0.27078
   0.28855    0.30430    0.38820    0.40907    0.41279    0.43809    0.47274    0.50057
   0.51009    0.51606    0.64190    0.65027    0.66558    0.68390    0.75633    0.79633
 kpt# 473, nband= 48, wtk=  1.00000, kpt=  0.5000 -0.2833  0.5000 (reduced coord)
  -2.85348   -2.66489   -1.70761   -1.70617   -1.70551   -1.52278   -1.52160   -1.52065
  -0.75871   -0.75701   -0.75561   -0.75352   -0.14626   -0.14171   -0.12612   -0.12523
  -0.10923   -0.10167   -0.08867   -0.08850   -0.06053   -0.05627   -0.04959   -0.04879
   0.01372    0.01519    0.02605    0.04985    0.07058    0.25950    0.26009    0.27080
   0.28844    0.30394    0.38821    0.41078    0.41449    0.43817    0.47003    0.49718
   0.50679    0.51215    0.64820    0.65340    0.66900    0.69042    0.75606    0.79588
 kpt# 474, nband= 48, wtk=  1.00000, kpt=  0.5000 -0.3000  0.5000 (reduced coord)
  -2.85348   -2.66489   -1.70761   -1.70617   -1.70551   -1.52278   -1.52160   -1.52065
  -0.75875   -0.75706   -0.75557   -0.75347   -0.14690   -0.14212   -0.12598   -0.12575
  -0.10998   -0.10132   -0.08861   -0.08753   -0.06000   -0.05561   -0.04946   -0.04864
   0.01375    0.01517    0.02600    0.05001    0.07042    0.25956    0.26010    0.27082
   0.28833    0.30360    0.38825    0.41255    0.41622    0.43824    0.46755    0.49396
   0.50360    0.50827    0.65442    0.65641    0.67237    0.69687    0.75573    0.79549
 kpt# 475, nband= 48, wtk=  1.00000, kpt=  0.5000 -0.3167  0.5000 (reduced coord)
  -2.85348   -2.66489   -1.70761   -1.70617   -1.70551   -1.52278   -1.52160   -1.52065
  -0.75879   -0.75710   -0.75552   -0.75341   -0.14752   -0.14251   -0.12626   -0.12580
  -0.11074   -0.10099   -0.08856   -0.08660   -0.05950   -0.05497   -0.04935   -0.04848
   0.01378    0.01514    0.02596    0.05015    0.07025    0.25962    0.26011    0.27084
   0.28822    0.30327    0.38831    0.41436    0.41795    0.43830    0.46533    0.49092
   0.50053    0.50445    0.65929    0.66051    0.67567    0.70320    0.75534    0.79511
 kpt# 476, nband= 48, wtk=  1.00000, kpt=  0.5000 -0.3333  0.5000 (reduced coord)
  -2.85348   -2.66489   -1.70761   -1.70617   -1.70551   -1.52278   -1.52160   -1.52065
  -0.75882   -0.75715   -0.75548   -0.75336   -0.14810   -0.14287   -0.12673   -0.12558
  -0.11150   -0.10068   -0.08851   -0.08573   -0.05904   -0.05435   -0.04925   -0.04832
   0.01380    0.01512    0.02592    0.05029    0.07010    0.25967    0.26011    0.27085
   0.28812    0.30295    0.38838    0.41620    0.41967    0.43835    0.46338    0.48804
   0.49762    0.50070    0.66201    0.66644    0.67889    0.70939    0.75487    0.79467
 kpt# 477, nband= 48, wtk=  1.00000, kpt=  0.5000 -0.3500  0.5000 (reduced coord)
  -2.85348   -2.66489   -1.70761   -1.70617   -1.70551   -1.52278   -1.52160   -1.52065
  -0.75886   -0.75719   -0.75545   -0.75332   -0.14863   -0.14320   -0.12718   -0.12532
  -0.11225   -0.10039   -0.08847   -0.08491   -0.05862   -0.05376   -0.04916   -0.04817
   0.01382    0.01511    0.02588    0.05043    0.06995    0.25972    0.26012    0.27087
   0.28803    0.30266    0.38846    0.41805    0.42134    0.43838    0.46173    0.48533
   0.49489    0.49703    0.66456    0.67215    0.68202    0.71537    0.75434    0.79448
 kpt# 478, nband= 48, wtk=  1.00000, kpt=  0.5000 -0.3667  0.5000 (reduced coord)
  -2.85348   -2.66489   -1.70761   -1.70617   -1.70551   -1.52278   -1.52160   -1.52065
  -0.75889   -0.75722   -0.75541   -0.75328   -0.14912   -0.14349   -0.12759   -0.12504
  -0.11299   -0.10012   -0.08844   -0.08416   -0.05824   -0.05321   -0.04910   -0.04802
   0.01383    0.01509    0.02585    0.05055    0.06982    0.25977    0.26012    0.27088
   0.28794    0.30239    0.38854    0.41991    0.42294    0.43839    0.46040    0.48280
   0.49238    0.49347    0.66692    0.67756    0.68505    0.72109    0.75373    0.79399
 kpt# 479, nband= 48, wtk=  1.00000, kpt=  0.5000 -0.3833  0.5000 (reduced coord)
  -2.85348   -2.66489   -1.70761   -1.70617   -1.70551   -1.52278   -1.52160   -1.52065
  -0.75891   -0.75725   -0.75538   -0.75324   -0.14956   -0.14376   -0.12796   -0.12474
  -0.11369   -0.09987   -0.08841   -0.08348   -0.05791   -0.05269   -0.04906   -0.04788
   0.01385    0.01508    0.02581    0.05067    0.06969    0.25981    0.26013    0.27090
   0.28786    0.30214    0.38864    0.42174    0.42444    0.43836    0.45940    0.48045
   0.49004    0.49009    0.66908    0.68256    0.68801    0.72649    0.75305    0.79372
 kpt# 480, nband= 48, wtk=  1.00000, kpt=  0.5000 -0.4000  0.5000 (reduced coord)
  -2.85348   -2.66489   -1.70761   -1.70617   -1.70551   -1.52278   -1.52160   -1.52065
  -0.75893   -0.75728   -0.75535   -0.75321   -0.14995   -0.14399   -0.12829   -0.12443
  -0.11436   -0.09966   -0.08838   -0.08289   -0.05762   -0.05221   -0.04904   -0.04776
   0.01385    0.01507    0.02578    0.05077    0.06958    0.25985    0.26013    0.27091
   0.28779    0.30193    0.38873    0.42353    0.42578    0.43829    0.45876    0.47830
   0.48676    0.48807    0.67100    0.68693    0.69099    0.73147    0.75233    0.79350
 kpt# 481, nband= 48, wtk=  1.00000, kpt=  0.5000 -0.4167  0.5000 (reduced coord)
  -2.85348   -2.66489   -1.70761   -1.70617   -1.70551   -1.52278   -1.52160   -1.52065
  -0.75895   -0.75731   -0.75533   -0.75318   -0.15028   -0.14419   -0.12858   -0.12411
  -0.11497   -0.09947   -0.08837   -0.08237   -0.05738   -0.05177   -0.04904   -0.04764
   0.01386    0.01506    0.02575    0.05086    0.06948    0.25989    0.26014    0.27092
   0.28773    0.30174    0.38881    0.42522    0.42696    0.43818    0.45847    0.47637
   0.48368    0.48633    0.67268    0.69040    0.69415    0.73595    0.75158    0.79342
 kpt# 482, nband= 48, wtk=  1.00000, kpt=  0.5000 -0.4333  0.5000 (reduced coord)
  -2.85348   -2.66489   -1.70761   -1.70617   -1.70551   -1.52278   -1.52160   -1.52065
  -0.75897   -0.75733   -0.75531   -0.75316   -0.15056   -0.14436   -0.12881   -0.12381
  -0.11552   -0.09932   -0.08835   -0.08195   -0.05718   -0.05139   -0.04907   -0.04755
   0.01386    0.01506    0.02573    0.05094    0.06940    0.25992    0.26014    0.27093
   0.28768    0.30159    0.38888    0.42679    0.42792    0.43801    0.45852    0.47470
   0.48086    0.48488    0.67408    0.69294    0.69737    0.73982    0.75085    0.79355
 kpt# 483, nband= 48, wtk=  1.00000, kpt=  0.5000 -0.4500  0.5000 (reduced coord)
  -2.85348   -2.66489   -1.70761   -1.70617   -1.70551   -1.52278   -1.52160   -1.52065
  -0.75898   -0.75734   -0.75530   -0.75314   -0.15077   -0.14449   -0.12900   -0.12353
  -0.11599   -0.09920   -0.08834   -0.08162   -0.05703   -0.05106   -0.04912   -0.04747
   0.01387    0.01505    0.02571    0.05099    0.06934    0.25994    0.26014    0.27093
   0.28764    0.30147    0.38895    0.42816    0.42867    0.43780    0.45883    0.47333
   0.47839    0.48375    0.67520    0.69478    0.70024    0.74298    0.75017    0.79381
 kpt# 484, nband= 48, wtk=  1.00000, kpt=  0.5000 -0.4667  0.5000 (reduced coord)
  -2.85348   -2.66489   -1.70761   -1.70617   -1.70551   -1.52278   -1.52160   -1.52066
  -0.75899   -0.75735   -0.75529   -0.75313   -0.15093   -0.14458   -0.12913   -0.12331
  -0.11635   -0.09911   -0.08833   -0.08138   -0.05692   -0.05080   -0.04918   -0.04742
   0.01387    0.01505    0.02570    0.05104    0.06929    0.25996    0.26014    0.27094
   0.28761    0.30138    0.38899    0.42920    0.42927    0.43758    0.45929    0.47230
   0.47639    0.48294    0.67600    0.69608    0.70247    0.74531    0.74963    0.79398
 kpt# 485, nband= 48, wtk=  1.00000, kpt=  0.5000 -0.4833  0.5000 (reduced coord)
  -2.85348   -2.66489   -1.70761   -1.70617   -1.70551   -1.52278   -1.52160   -1.52066
  -0.75900   -0.75736   -0.75528   -0.75312   -0.15102   -0.14463   -0.12921   -0.12316
  -0.11659   -0.09906   -0.08833   -0.08124   -0.05685   -0.05063   -0.04923   -0.04738
   0.01387    0.01505    0.02569    0.05106    0.06926    0.25997    0.26014    0.27094
   0.28759    0.30133    0.38902    0.42951    0.43000    0.43739    0.45971    0.47167
   0.47504    0.48245    0.67649    0.69685    0.70388    0.74675    0.74927    0.79427
 kpt# 486, nband= 48, wtk=  1.00000, kpt=  0.5000 -0.5000  0.5000 (reduced coord)
  -2.85348   -2.66489   -1.70761   -1.70617   -1.70551   -1.52278   -1.52160   -1.52065
  -0.75900   -0.75736   -0.75528   -0.75312   -0.15105   -0.14465   -0.12924   -0.12311
  -0.11667   -0.09904   -0.08833   -0.08119   -0.05682   -0.05057   -0.04925   -0.04737
   0.01387    0.01505    0.02569    0.05107    0.06925    0.25997    0.26014    0.27094
   0.28758    0.30131    0.38903    0.42962    0.43026    0.43732    0.45989    0.47145
   0.47457    0.48229    0.67666    0.69711    0.70436    0.74723    0.74914    0.79439
 kpt# 487, nband= 48, wtk=  1.00000, kpt=  0.4944 -0.4889  0.4917 (reduced coord)
  -2.85348   -2.66489   -1.70761   -1.70617   -1.70551   -1.52278   -1.52160   -1.52066
  -0.75900   -0.75737   -0.75528   -0.75312   -0.15103   -0.14463   -0.12921   -0.12319
  -0.11658   -0.09902   -0.08834   -0.08119   -0.05686   -0.05062   -0.04923   -0.04741
   0.01387    0.01506    0.02568    0.05107    0.06923    0.25998    0.26015    0.27093
   0.28759    0.30131    0.38890    0.42949    0.43011    0.43702    0.46005    0.47164
   0.47470    0.48284    0.67646    0.69680    0.70408    0.74698    0.74961    0.79386
 kpt# 488, nband= 48, wtk=  1.00000, kpt=  0.4889 -0.4778  0.4833 (reduced coord)
  -2.85348   -2.66489   -1.70761   -1.70617   -1.70551   -1.52278   -1.52160   -1.52066
  -0.75900   -0.75738   -0.75529   -0.75312   -0.15098   -0.14458   -0.12914   -0.12343
  -0.11633   -0.09893   -0.08836   -0.08118   -0.05694   -0.05077   -0.04916   -0.04752
   0.01389    0.01511    0.02567    0.05108    0.06919    0.25999    0.26016    0.27088
   0.28761    0.30132    0.38851    0.42896    0.42990    0.43612    0.46058    0.47214
   0.47512    0.48447    0.67586    0.69588    0.70330    0.74622    0.75096    0.79334
 kpt# 489, nband= 48, wtk=  1.00000, kpt=  0.4833 -0.4667  0.4750 (reduced coord)
  -2.85348   -2.66489   -1.70761   -1.70617   -1.70551   -1.52278   -1.52159   -1.52066
  -0.75901   -0.75740   -0.75530   -0.75312   -0.15089   -0.14449   -0.12902   -0.12377
  -0.11595   -0.09879   -0.08839   -0.08117   -0.05708   -0.05100   -0.04907   -0.04769
   0.01392    0.01518    0.02564    0.05110    0.06911    0.26002    0.26019    0.27081
   0.28764    0.30133    0.38784    0.42798    0.42975    0.43474    0.46149    0.47280
   0.47585    0.48707    0.67482    0.69437    0.70217    0.74499    0.75306    0.79089
 kpt# 490, nband= 48, wtk=  1.00000, kpt=  0.4778 -0.4556  0.4667 (reduced coord)
  -2.85348   -2.66489   -1.70761   -1.70616   -1.70551   -1.52278   -1.52159   -1.52066
  -0.75902   -0.75743   -0.75531   -0.75311   -0.15077   -0.14437   -0.12886   -0.12419
  -0.11551   -0.09858   -0.08844   -0.08115   -0.05727   -0.05128   -0.04897   -0.04793
   0.01397    0.01528    0.02561    0.05112    0.06901    0.26006    0.26022    0.27071
   0.28767    0.30135    0.38686    0.42676    0.42953    0.43312    0.46274    0.47346
   0.47702    0.49045    0.67329    0.69233    0.70091    0.74332    0.75572    0.78875
 kpt# 491, nband= 48, wtk=  1.00000, kpt=  0.4722 -0.4444  0.4583 (reduced coord)
  -2.85348   -2.66489   -1.70761   -1.70616   -1.70551   -1.52278   -1.52158   -1.52066
  -0.75903   -0.75747   -0.75532   -0.75311   -0.15061   -0.14420   -0.12865   -0.12464
  -0.11502   -0.09832   -0.08850   -0.08113   -0.05753   -0.05161   -0.04888   -0.04823
   0.01403    0.01541    0.02557    0.05114    0.06887    0.26011    0.26026    0.27058
   0.28772    0.30137    0.38553    0.42533    0.42901    0.43175    0.46421    0.47408
   0.47869    0.49443    0.67125    0.68980    0.69970    0.74125    0.75878    0.78595
 kpt# 492, nband= 48, wtk=  1.00000, kpt=  0.4667 -0.4333  0.4500 (reduced coord)
  -2.85348   -2.66489   -1.70761   -1.70615   -1.70551   -1.52279   -1.52157   -1.52066
  -0.75904   -0.75752   -0.75533   -0.75310   -0.15042   -0.14400   -0.12840   -0.12511
  -0.11454   -0.09800   -0.08857   -0.08111   -0.05785   -0.05198   -0.04881   -0.04856
   0.01410    0.01556    0.02552    0.05117    0.06871    0.26018    0.26031    0.27043
   0.28777    0.30140    0.38383    0.42359    0.42804    0.43114    0.46575    0.47471
   0.48085    0.49887    0.66869    0.68683    0.69866    0.73884    0.76208    0.78304
 kpt# 493, nband= 48, wtk=  1.00000, kpt=  0.4611 -0.4222  0.4417 (reduced coord)
  -2.85348   -2.66489   -1.70761   -1.70614   -1.70551   -1.52279   -1.52156   -1.52066
  -0.75906   -0.75759   -0.75534   -0.75310   -0.15020   -0.14377   -0.12810   -0.12556
  -0.11407   -0.09761   -0.08864   -0.08109   -0.05823   -0.05239   -0.04901   -0.04866
   0.01418    0.01573    0.02546    0.05121    0.06853    0.26025    0.26037    0.27025
   0.28784    0.30143    0.38176    0.42143    0.42711    0.43111    0.46725    0.47546
   0.48344    0.50365    0.66566    0.68348    0.69785    0.73612    0.76544    0.78000
 kpt# 494, nband= 48, wtk=  1.00000, kpt=  0.4556 -0.4111  0.4333 (reduced coord)
  -2.85348   -2.66489   -1.70762   -1.70614   -1.70551   -1.52279   -1.52155   -1.52066
  -0.75908   -0.75768   -0.75534   -0.75309   -0.14995   -0.14349   -0.12776   -0.12600
  -0.11364   -0.09718   -0.08872   -0.08106   -0.05869   -0.05282   -0.04943   -0.04858
   0.01427    0.01593    0.02540    0.05125    0.06833    0.26033    0.26044    0.27004
   0.28791    0.30145    0.37933    0.41893    0.42649    0.43141    0.46859    0.47643
   0.48640    0.50872    0.66222    0.67979    0.69729    0.73315    0.76855    0.77715
 kpt# 495, nband= 48, wtk=  1.00000, kpt=  0.4500 -0.4000  0.4250 (reduced coord)
  -2.85349   -2.66489   -1.70762   -1.70613   -1.70551   -1.52279   -1.52154   -1.52066
  -0.75910   -0.75778   -0.75534   -0.75308   -0.14968   -0.14318   -0.12739   -0.12640
  -0.11326   -0.09671   -0.08880   -0.08103   -0.05921   -0.05328   -0.04988   -0.04849
   0.01438    0.01614    0.02533    0.05129    0.06811    0.26042    0.26052    0.26980
   0.28798    0.30148    0.37656    0.41625    0.42615    0.43199    0.46970    0.47771
   0.48967    0.51402    0.65844    0.67583    0.69693    0.72999    0.76991    0.77597
 kpt# 496, nband= 48, wtk=  1.00000, kpt=  0.4444 -0.3889  0.4167 (reduced coord)
  -2.85349   -2.66489   -1.70762   -1.70612   -1.70551   -1.52280   -1.52152   -1.52066
  -0.75913   -0.75790   -0.75532   -0.75307   -0.14939   -0.14282   -0.12699   -0.12674
  -0.11294   -0.09621   -0.08887   -0.08100   -0.05980   -0.05376   -0.05035   -0.04840
   0.01450    0.01636    0.02526    0.05134    0.06788    0.26052    0.26061    0.26954
   0.28807    0.30151    0.37349    0.41349    0.42598    0.43286    0.47056    0.47933
   0.49319    0.51950    0.65439    0.67163    0.69674    0.72666    0.76786    0.77807
 kpt# 497, nband= 48, wtk=  1.00000, kpt=  0.4389 -0.3778  0.4083 (reduced coord)
  -2.85349   -2.66489   -1.70762   -1.70611   -1.70552   -1.52280   -1.52151   -1.52066
  -0.75916   -0.75803   -0.75530   -0.75306   -0.14908   -0.14243   -0.12708   -0.12652
  -0.11268   -0.09572   -0.08890   -0.08097   -0.06046   -0.05426   -0.05082   -0.04829
   0.01463    0.01660    0.02519    0.05139    0.06763    0.26063    0.26071    0.26925
   0.28815    0.30153    0.37017    0.41072    0.42590    0.43405    0.47121    0.48126
   0.49691    0.52516    0.65013    0.66725    0.69665    0.72325    0.76463    0.78124
 kpt# 498, nband= 48, wtk=  1.00000, kpt=  0.4333 -0.3667  0.4000 (reduced coord)
  -2.85349   -2.66490   -1.70762   -1.70609   -1.70552   -1.52280   -1.52149   -1.52066
  -0.75920   -0.75818   -0.75527   -0.75305   -0.14875   -0.14199   -0.12734   -0.12605
  -0.11247   -0.09526   -0.08888   -0.08094   -0.06118   -0.05476   -0.05129   -0.04818
   0.01477    0.01684    0.02512    0.05146    0.06738    0.26074    0.26082    0.26894
   0.28824    0.30155    0.36664    0.40797    0.42586    0.43556    0.47173    0.48344
   0.50081    0.53096    0.64570    0.66274    0.69658    0.71981    0.76115    0.78454
 kpt# 499, nband= 48, wtk=  1.00000, kpt=  0.4278 -0.3556  0.3917 (reduced coord)
  -2.85349   -2.66490   -1.70762   -1.70608   -1.70552   -1.52281   -1.52147   -1.52066
  -0.75926   -0.75833   -0.75523   -0.75303   -0.14842   -0.14151   -0.12754   -0.12554
  -0.11233   -0.09488   -0.08877   -0.08092   -0.06197   -0.05527   -0.05175   -0.04806
   0.01491    0.01709    0.02506    0.05152    0.06713    0.26085    0.26094    0.26860
   0.28833    0.30156    0.36293    0.40526    0.42583    0.43738    0.47215    0.48584
   0.50484    0.53690    0.64115    0.65813    0.69644    0.71645    0.75763    0.78779
 kpt# 500, nband= 48, wtk=  1.00000, kpt=  0.4222 -0.3444  0.3833 (reduced coord)
  -2.85349   -2.66490   -1.70763   -1.70607   -1.70552   -1.52281   -1.52145   -1.52066
  -0.75934   -0.75848   -0.75518   -0.75302   -0.14809   -0.14098   -0.12768   -0.12502
  -0.11224   -0.09462   -0.08856   -0.08091   -0.06282   -0.05578   -0.05218   -0.04792
   0.01507    0.01735    0.02499    0.05160    0.06688    0.26097    0.26107    0.26824
   0.28842    0.30156    0.35909    0.40260    0.42582    0.43949    0.47252    0.48840
   0.50899    0.54295    0.63651    0.65347    0.69607    0.71332    0.75412    0.79082
 kpt# 501, nband= 48, wtk=  1.00000, kpt=  0.4167 -0.3333  0.3750 (reduced coord)
  -2.85349   -2.66490   -1.70763   -1.70605   -1.70552   -1.52281   -1.52143   -1.52066
  -0.75945   -0.75862   -0.75512   -0.75300   -0.14776   -0.14042   -0.12776   -0.12447
  -0.11221   -0.09451   -0.08822   -0.08090   -0.06373   -0.05628   -0.05258   -0.04777
   0.01523    0.01760    0.02493    0.05168    0.06662    0.26110    0.26121    0.26786
   0.28851    0.30154    0.35514    0.40001    0.42581    0.44187    0.47288    0.49112
   0.51322    0.54911    0.63179    0.64880    0.69524    0.71068    0.75066    0.79369
 kpt# 502, nband= 48, wtk=  1.00000, kpt=  0.4111 -0.3222  0.3667 (reduced coord)
  -2.85349   -2.66490   -1.70763   -1.70604   -1.70552   -1.52282   -1.52141   -1.52067
  -0.75961   -0.75873   -0.75505   -0.75298   -0.14744   -0.13982   -0.12776   -0.12390
  -0.11221   -0.09455   -0.08776   -0.08090   -0.06468   -0.05677   -0.05294   -0.04761
   0.01540    0.01785    0.02487    0.05178    0.06638    0.26122    0.26136    0.26745
   0.28859    0.30151    0.35111    0.39748    0.42580    0.44448    0.47322    0.49397
   0.51752    0.55536    0.62702    0.64414    0.69368    0.70877    0.74729    0.79631
 kpt# 503, nband= 48, wtk=  1.00000, kpt=  0.4056 -0.3111  0.3583 (reduced coord)
  -2.85349   -2.66490   -1.70763   -1.70602   -1.70552   -1.52282   -1.52139   -1.52067
  -0.75982   -0.75881   -0.75498   -0.75296   -0.14714   -0.13918   -0.12770   -0.12331
  -0.11225   -0.09473   -0.08721   -0.08092   -0.06567   -0.05723   -0.05326   -0.04744
   0.01557    0.01810    0.02481    0.05189    0.06615    0.26136    0.26152    0.26702
   0.28867    0.30145    0.34704    0.39501    0.42581    0.44729    0.47358    0.49693
   0.52186    0.56168    0.62222    0.63954    0.69129    0.70773    0.74402    0.79864
 kpt# 504, nband= 48, wtk=  1.00000, kpt=  0.4000 -0.3000  0.3500 (reduced coord)
  -2.85349   -2.66490   -1.70764   -1.70600   -1.70552   -1.52283   -1.52136   -1.52067
  -0.76006   -0.75886   -0.75490   -0.75294   -0.14687   -0.13852   -0.12755   -0.12272
  -0.11232   -0.09502   -0.08659   -0.08095   -0.06670   -0.05767   -0.05354   -0.04725
   0.01574    0.01834    0.02476    0.05201    0.06592    0.26150    0.26169    0.26657
   0.28874    0.30136    0.34295    0.39261    0.42582    0.45030    0.47396    0.49998
   0.52623    0.56804    0.61743    0.63502    0.68822    0.70743    0.74087    0.80091
 kpt# 505, nband= 48, wtk=  1.00000, kpt=  0.3944 -0.2889  0.3417 (reduced coord)
  -2.85349   -2.66490   -1.70764   -1.70599   -1.70552   -1.52283   -1.52134   -1.52067
  -0.76034   -0.75890   -0.75481   -0.75292   -0.14662   -0.13785   -0.12732   -0.12212
  -0.11241   -0.09540   -0.08594   -0.08101   -0.06777   -0.05807   -0.05376   -0.04704
   0.01591    0.01857    0.02472    0.05216    0.06572    0.26165    0.26186    0.26610
   0.28880    0.30123    0.33886    0.39028    0.42585    0.45345    0.47437    0.50311
   0.53061    0.57441    0.61270    0.63063    0.68470    0.70763    0.73784    0.80250
 kpt# 506, nband= 48, wtk=  1.00000, kpt=  0.3889 -0.2778  0.3333 (reduced coord)
  -2.85349   -2.66490   -1.70764   -1.70597   -1.70552   -1.52284   -1.52131   -1.52067
  -0.76064   -0.75892   -0.75472   -0.75289   -0.14640   -0.13717   -0.12701   -0.12152
  -0.11251   -0.09583   -0.08529   -0.08109   -0.06885   -0.05843   -0.05393   -0.04682
   0.01608    0.01878    0.02468    0.05233    0.06553    0.26180    0.26204    0.26560
   0.28883    0.30105    0.33480    0.38802    0.42590    0.45674    0.47483    0.50630
   0.53497    0.58068    0.60811    0.62640    0.68093    0.70816    0.73497    0.80382
 kpt# 507, nband= 48, wtk=  1.00000, kpt=  0.3833 -0.2667  0.3250 (reduced coord)
  -2.85349   -2.66490   -1.70765   -1.70595   -1.70552   -1.52284   -1.52129   -1.52067
  -0.76096   -0.75894   -0.75463   -0.75286   -0.14621   -0.13650   -0.12660   -0.12091
  -0.11262   -0.09632   -0.08465   -0.08120   -0.06996   -0.05875   -0.05404   -0.04658
   0.01624    0.01899    0.02464    0.05253    0.06536    0.26197    0.26222    0.26509
   0.28883    0.30081    0.33081    0.38582    0.42596    0.46011    0.47536    0.50952
   0.53929    0.58656    0.60393    0.62241    0.67704    0.70891    0.73224    0.80768
 kpt# 508, nband= 48, wtk=  1.00000, kpt=  0.3778 -0.2556  0.3167 (reduced coord)
  -2.85350   -2.66491   -1.70765   -1.70593   -1.70553   -1.52285   -1.52126   -1.52067
  -0.76130   -0.75894   -0.75453   -0.75283   -0.14606   -0.13587   -0.12609   -0.12030
  -0.11272   -0.09682   -0.08403   -0.08134   -0.07108   -0.05901   -0.05410   -0.04632
   0.01638    0.01918    0.02461    0.05276    0.06521    0.26214    0.26241    0.26456
   0.28878    0.30049    0.32694    0.38370    0.42603    0.46351    0.47601    0.51275
   0.54353    0.59079    0.60133    0.61881    0.67313    0.70980    0.72967    0.80590
 kpt# 509, nband= 48, wtk=  1.00000, kpt=  0.3722 -0.2444  0.3083 (reduced coord)
  -2.85350   -2.66491   -1.70765   -1.70591   -1.70553   -1.52285   -1.52123   -1.52068
  -0.76166   -0.75894   -0.75444   -0.75281   -0.14595   -0.13530   -0.12549   -0.11970
  -0.11280   -0.09733   -0.08346   -0.08152   -0.07221   -0.05922   -0.05411   -0.04605
   0.01652    0.01935    0.02458    0.05303    0.06508    0.26231    0.26260    0.26401
   0.28865    0.30007    0.32324    0.38164    0.42612    0.46683    0.47686    0.51595
   0.54766    0.59043    0.60279    0.61612    0.66926    0.71080    0.72727    0.80651
 kpt# 510, nband= 48, wtk=  1.00000, kpt=  0.3667 -0.2333  0.3000 (reduced coord)
  -2.85350   -2.66491   -1.70765   -1.70589   -1.70553   -1.52286   -1.52120   -1.52068
  -0.76202   -0.75893   -0.75434   -0.75277   -0.14587   -0.13480   -0.12478   -0.11910
  -0.11287   -0.09782   -0.08292   -0.08174   -0.07334   -0.05937   -0.05407   -0.04576
   0.01664    0.01951    0.02456    0.05334    0.06497    0.26248    0.26277    0.26347
   0.28841    0.29954    0.31978    0.37965    0.42622    0.46986    0.47810    0.51907
   0.55163    0.58716    0.60490    0.61611    0.66549    0.71186    0.72506    0.80687
 kpt# 511, nband= 48, wtk=  1.00000, kpt=  0.3611 -0.2222  0.2917 (reduced coord)
  -2.85350   -2.66491   -1.70766   -1.70587   -1.70553   -1.52286   -1.52117   -1.52068
  -0.76240   -0.75892   -0.75424   -0.75274   -0.14583   -0.13439   -0.12399   -0.11850
  -0.11290   -0.09828   -0.08245   -0.08200   -0.07445   -0.05946   -0.05399   -0.04545
   0.01674    0.01965    0.02454    0.05369    0.06488    0.26251    0.26283    0.26318
   0.28798    0.29887    0.31665    0.37772    0.42633    0.47230    0.48001    0.52203
   0.55539    0.58341    0.60392    0.62022    0.66189    0.71294    0.72306    0.80705
 kpt# 512, nband= 48, wtk=  1.00000, kpt=  0.3556 -0.2111  0.2833 (reduced coord)
  -2.85350   -2.66491   -1.70766   -1.70585   -1.70553   -1.52287   -1.52114   -1.52068
  -0.76278   -0.75890   -0.75414   -0.75271   -0.14583   -0.13407   -0.12313   -0.11791
  -0.11288   -0.09868   -0.08238   -0.08195   -0.07555   -0.05950   -0.05386   -0.04513
   0.01682    0.01978    0.02451    0.05408    0.06482    0.26204    0.26296    0.26330
   0.28726    0.29810    0.31394    0.37587    0.42644    0.47397    0.48275    0.52477
   0.55887    0.57981    0.60156    0.62623    0.65850    0.71393    0.72137    0.80628
 kpt# 513, nband= 48, wtk=  1.00000, kpt=  0.3500 -0.2000  0.2750 (reduced coord)
  -2.85350   -2.66491   -1.70766   -1.70583   -1.70553   -1.52287   -1.52111   -1.52068
  -0.76317   -0.75887   -0.75404   -0.75268   -0.14587   -0.13386   -0.12222   -0.11732
  -0.11280   -0.09900   -0.08275   -0.08157   -0.07661   -0.05948   -0.05370   -0.04479
   0.01687    0.01988    0.02449    0.05453    0.06477    0.26140    0.26316    0.26349
   0.28613    0.29730    0.31171    0.37409    0.42656    0.47506    0.48608    0.52715
   0.56199    0.57660    0.59904    0.63283    0.65540    0.71463    0.72020    0.80555
 kpt# 514, nband= 48, wtk=  1.00000, kpt=  0.3444 -0.1889  0.2667 (reduced coord)
  -2.85350   -2.66491   -1.70767   -1.70581   -1.70553   -1.52288   -1.52108   -1.52069
  -0.76357   -0.75884   -0.75395   -0.75264   -0.14596   -0.13374   -0.12130   -0.11675
  -0.11263   -0.09923   -0.08320   -0.08123   -0.07762   -0.05942   -0.05350   -0.04444
   0.01690    0.01997    0.02446    0.05502    0.06475    0.26071    0.26337    0.26371
   0.28449    0.29658    0.30996    0.37238    0.42669    0.47582    0.48972    0.52906
   0.56465    0.57395    0.59675    0.63964    0.65267    0.71463    0.71993    0.80441
 kpt# 515, nband= 48, wtk=  1.00000, kpt=  0.3389 -0.1778  0.2583 (reduced coord)
  -2.85350   -2.66492   -1.70767   -1.70579   -1.70553   -1.52288   -1.52105   -1.52069
  -0.76397   -0.75881   -0.75385   -0.75261   -0.14610   -0.13370   -0.12042   -0.11618
  -0.11234   -0.09935   -0.08375   -0.08095   -0.07855   -0.05931   -0.05329   -0.04407
   0.01690    0.02004    0.02443    0.05556    0.06475    0.25998    0.26360    0.26393
   0.28231    0.29604    0.30862    0.37074    0.42681    0.47638    0.49349    0.53035
   0.56675    0.57200    0.59487    0.64631    0.65058    0.71389    0.72060    0.80277
 kpt# 516, nband= 48, wtk=  1.00000, kpt=  0.3333 -0.1667  0.2500 (reduced coord)
  -2.85350   -2.66492   -1.70768   -1.70577   -1.70554   -1.52289   -1.52102   -1.52069
  -0.76438   -0.75876   -0.75376   -0.75257   -0.14629   -0.13374   -0.11964   -0.11563
  -0.11190   -0.09935   -0.08439   -0.08072   -0.07937   -0.05916   -0.05305   -0.04369
   0.01688    0.02009    0.02440    0.05615    0.06476    0.25919    0.26383    0.26415
   0.27970    0.29571    0.30762    0.36918    0.42691    0.47679    0.49728    0.53096
   0.56810    0.57093    0.59353    0.64801    0.65397    0.71285    0.72179    0.80073
 kpt# 517, nband= 48, wtk=  1.00000, kpt=  0.1667  0.3333  0.2500 (reduced coord)
  -2.85350   -2.66492   -1.70767   -1.70577   -1.70554   -1.52289   -1.52102   -1.52069
  -0.76470   -0.75782   -0.75412   -0.75285   -0.14460   -0.12778   -0.12385   -0.11377
  -0.10755   -0.10455   -0.09016   -0.08271   -0.07991   -0.05834   -0.05257   -0.04495
   0.01599    0.02050    0.02209    0.05969    0.07066    0.26006    0.26414    0.26527
   0.26722    0.30077    0.31153    0.36960    0.42745    0.46922    0.50009    0.53235
   0.56718    0.57482    0.59702    0.63652    0.64550    0.70904    0.74046    0.79830
 kpt# 518, nband= 48, wtk=  1.00000, kpt=  0.1778  0.3389  0.2583 (reduced coord)
  -2.85350   -2.66492   -1.70767   -1.70579   -1.70553   -1.52289   -1.52105   -1.52069
  -0.76433   -0.75782   -0.75419   -0.75292   -0.14419   -0.12820   -0.12440   -0.11443
  -0.10764   -0.10481   -0.08938   -0.08275   -0.07953   -0.05845   -0.05272   -0.04539
   0.01601    0.02023    0.02226    0.05919    0.07075    0.26084    0.26389    0.26503
   0.26893    0.30066    0.31430    0.37078    0.42690    0.46901    0.49654    0.53227
   0.56728    0.57448    0.59770    0.63711    0.63941    0.71056    0.73952    0.79921
 kpt# 519, nband= 48, wtk=  1.00000, kpt=  0.1889  0.3444  0.2667 (reduced coord)
  -2.85350   -2.66491   -1.70767   -1.70581   -1.70553   -1.52288   -1.52108   -1.52068
  -0.76396   -0.75781   -0.75426   -0.75298   -0.14383   -0.12884   -0.12485   -0.11524
  -0.10771   -0.10471   -0.08870   -0.08288   -0.07902   -0.05853   -0.05283   -0.04581
   0.01602    0.01996    0.02243    0.05870    0.07082    0.26156    0.26365    0.26479
   0.27056    0.30052    0.31731    0.37199    0.42631    0.46872    0.49294    0.53145
   0.56825    0.57297    0.59934    0.63161    0.63999    0.71219    0.73860    0.79995
 kpt# 520, nband= 48, wtk=  1.00000, kpt=  0.2000  0.3500  0.2750 (reduced coord)
  -2.85350   -2.66491   -1.70766   -1.70583   -1.70553   -1.52287   -1.52111   -1.52068
  -0.76360   -0.75780   -0.75433   -0.75305   -0.14354   -0.12969   -0.12518   -0.11613
  -0.10791   -0.10421   -0.08813   -0.08309   -0.07836   -0.05856   -0.05292   -0.04620
   0.01601    0.01969    0.02260    0.05822    0.07086    0.26224    0.26340    0.26454
   0.27210    0.30038    0.32055    0.37322    0.42571    0.46839    0.48933    0.52993
   0.56965    0.57088    0.60175    0.62513    0.64213    0.71391    0.73772    0.80057
 kpt# 521, nband= 48, wtk=  1.00000, kpt=  0.2111  0.3556  0.2833 (reduced coord)
  -2.85350   -2.66491   -1.70766   -1.70585   -1.70553   -1.52287   -1.52114   -1.52068
  -0.76324   -0.75779   -0.75440   -0.75311   -0.14332   -0.13071   -0.12539   -0.11704
  -0.10822   -0.10340   -0.08767   -0.08340   -0.07755   -0.05855   -0.05297   -0.04656
   0.01598    0.01942    0.02277    0.05776    0.07087    0.26288    0.26317    0.26430
   0.27357    0.30023    0.32397    0.37448    0.42511    0.46804    0.48572    0.52784
   0.56716    0.57260    0.60464    0.61890    0.64464    0.71572    0.73690    0.80113
 kpt# 522, nband= 48, wtk=  1.00000, kpt=  0.2222  0.3611  0.2917 (reduced coord)
  -2.85350   -2.66491   -1.70766   -1.70587   -1.70553   -1.52286   -1.52117   -1.52068
  -0.76290   -0.75778   -0.75447   -0.75317   -0.14315   -0.13183   -0.12553   -0.11793
  -0.10860   -0.10240   -0.08733   -0.08380   -0.07661   -0.05850   -0.05299   -0.04689
   0.01594    0.01915    0.02294    0.05731    0.07085    0.26291    0.26352    0.26406
   0.27496    0.30008    0.32756    0.37575    0.42451    0.46767    0.48214    0.52532
   0.56357    0.57528    0.60731    0.61364    0.64738    0.71761    0.73615    0.80163
 kpt# 523, nband= 48, wtk=  1.00000, kpt=  0.2333  0.3667  0.3000 (reduced coord)
  -2.85350   -2.66491   -1.70765   -1.70589   -1.70553   -1.52286   -1.52120   -1.52068
  -0.76256   -0.75776   -0.75454   -0.75322   -0.14304   -0.13302   -0.12562   -0.11878
  -0.10902   -0.10128   -0.08709   -0.08427   -0.07556   -0.05839   -0.05298   -0.04719
   0.01589    0.01889    0.02311    0.05688    0.07082    0.26268    0.26379    0.26413
   0.27628    0.29992    0.33128    0.37705    0.42394    0.46730    0.47860    0.52252
   0.55963    0.57786    0.60587    0.61340    0.65031    0.71956    0.73549    0.80211
 kpt# 524, nband= 48, wtk=  1.00000, kpt=  0.2444  0.3722  0.3083 (reduced coord)
  -2.85350   -2.66491   -1.70765   -1.70591   -1.70553   -1.52285   -1.52123   -1.52068
  -0.76224   -0.75774   -0.75460   -0.75328   -0.14299   -0.13425   -0.12568   -0.11959
  -0.10944   -0.10010   -0.08694   -0.08481   -0.07443   -0.05822   -0.05296   -0.04746
   0.01582    0.01864    0.02327    0.05646    0.07076    0.26246    0.26356    0.26470
   0.27753    0.29977    0.33511    0.37837    0.42339    0.46694    0.47513    0.51954
   0.55549    0.57954    0.60227    0.61686    0.65337    0.72155    0.73493    0.80260
 kpt# 525, nband= 48, wtk=  1.00000, kpt=  0.2556  0.3778  0.3167 (reduced coord)
  -2.85350   -2.66491   -1.70765   -1.70593   -1.70553   -1.52285   -1.52126   -1.52067
  -0.76193   -0.75771   -0.75466   -0.75332   -0.14298   -0.13549   -0.12570   -0.12034
  -0.10987   -0.09887   -0.08690   -0.08537   -0.07323   -0.05801   -0.05290   -0.04770
   0.01575    0.01839    0.02344    0.05605    0.07069    0.26224    0.26332    0.26524
   0.27872    0.29962    0.33903    0.37970    0.42288    0.46658    0.47175    0.51644
   0.55121    0.57912    0.60069    0.62089    0.65651    0.72353    0.73451    0.80314
 kpt# 526, nband= 48, wtk=  1.00000, kpt=  0.2667  0.3833  0.3250 (reduced coord)
  -2.85349   -2.66490   -1.70764   -1.70595   -1.70552   -1.52284   -1.52129   -1.52067
  -0.76163   -0.75769   -0.75472   -0.75336   -0.14302   -0.13672   -0.12570   -0.12105
  -0.11030   -0.09764   -0.08700   -0.08590   -0.07200   -0.05774   -0.05283   -0.04790
   0.01566    0.01815    0.02360    0.05565    0.07061    0.26203    0.26308    0.26577
   0.27984    0.29949    0.34302    0.38106    0.42243    0.46614    0.46858    0.51329
   0.54684    0.57610    0.60187    0.62515    0.65969    0.72545    0.73428    0.80367
 kpt# 527, nband= 48, wtk=  1.00000, kpt=  0.2778  0.3889  0.3333 (reduced coord)
  -2.85349   -2.66490   -1.70764   -1.70597   -1.70552   -1.52284   -1.52131   -1.52067
  -0.76135   -0.75766   -0.75478   -0.75339   -0.14309   -0.13794   -0.12567   -0.12171
  -0.11073   -0.09641   -0.08737   -0.08626   -0.07074   -0.05742   -0.05273   -0.04808
   0.01556    0.01791    0.02376    0.05526    0.07052    0.26183    0.26285    0.26627
   0.28091    0.29936    0.34705    0.38243    0.42204    0.46463    0.46660    0.51011
   0.54243    0.57142    0.60490    0.62956    0.66289    0.72720    0.73433    0.80439
 kpt# 528, nband= 48, wtk=  1.00000, kpt=  0.2889  0.3944  0.3417 (reduced coord)
  -2.85349   -2.66490   -1.70764   -1.70599   -1.70552   -1.52283   -1.52134   -1.52067
  -0.76108   -0.75764   -0.75484   -0.75342   -0.14319   -0.13913   -0.12563   -0.12232
  -0.11115   -0.09520   -0.08799   -0.08642   -0.06947   -0.05706   -0.05262   -0.04823
   0.01546    0.01768    0.02392    0.05489    0.07042    0.26164    0.26262    0.26674
   0.28190    0.29925    0.35112    0.38383    0.42173    0.46175    0.46616    0.50693
   0.53801    0.56596    0.60886    0.63407    0.66609    0.72861    0.73481    0.80496
 kpt# 529, nband= 48, wtk=  1.00000, kpt=  0.3000  0.4000  0.3500 (reduced coord)
  -2.85349   -2.66490   -1.70764   -1.70600   -1.70552   -1.52283   -1.52136   -1.52067
  -0.76083   -0.75761   -0.75489   -0.75344   -0.14331   -0.14028   -0.12557   -0.12291
  -0.11157   -0.09402   -0.08873   -0.08650   -0.06822   -0.05666   -0.05249   -0.04836
   0.01535    0.01746    0.02407    0.05453    0.07031    0.26146    0.26240    0.26719
   0.28283    0.29916    0.35518    0.38525    0.42152    0.45878    0.46596    0.50378
   0.53360    0.56018    0.61327    0.63865    0.66926    0.72957    0.73582    0.80545
 kpt# 530, nband= 48, wtk=  1.00000, kpt=  0.3111  0.4056  0.3583 (reduced coord)
  -2.85349   -2.66490   -1.70763   -1.70602   -1.70552   -1.52282   -1.52139   -1.52067
  -0.76060   -0.75758   -0.75494   -0.75345   -0.14345   -0.14139   -0.12549   -0.12346
  -0.11199   -0.09290   -0.08953   -0.08654   -0.06698   -0.05622   -0.05234   -0.04846
   0.01524    0.01725    0.02422    0.05419    0.07020    0.26129    0.26218    0.26761
   0.28368    0.29910    0.35922    0.38671    0.42141    0.45590    0.46586    0.50065
   0.52923    0.55428    0.61793    0.64329    0.67238    0.73016    0.73726    0.80608
 kpt# 531, nband= 48, wtk=  1.00000, kpt=  0.3222  0.4111  0.3667 (reduced coord)
  -2.85349   -2.66490   -1.70763   -1.70604   -1.70552   -1.52282   -1.52141   -1.52067
  -0.76039   -0.75756   -0.75498   -0.75345   -0.14360   -0.14245   -0.12539   -0.12400
  -0.11239   -0.09185   -0.09035   -0.08656   -0.06578   -0.05577   -0.05217   -0.04853
   0.01512    0.01704    0.02437    0.05386    0.07009    0.26113    0.26197    0.26801
   0.28444    0.29907    0.36320    0.38823    0.42144    0.45314    0.46582    0.49757
   0.52491    0.54833    0.62272    0.64796    0.67542    0.73057    0.73893    0.80904
 kpt# 532, nband= 48, wtk=  1.00000, kpt=  0.3333  0.4167  0.3750 (reduced coord)
  -2.85349   -2.66490   -1.70763   -1.70605   -1.70552   -1.52281   -1.52143   -1.52066
  -0.76019   -0.75753   -0.75502   -0.75345   -0.14374   -0.14346   -0.12528   -0.12450
  -0.11279   -0.09127   -0.09079   -0.08653   -0.06462   -0.05529   -0.05199   -0.04859
   0.01500    0.01684    0.02451    0.05354    0.06999    0.26099    0.26177    0.26839
   0.28513    0.29908    0.36707    0.38983    0.42160    0.45050    0.46586    0.49454
   0.52067    0.54241    0.62756    0.65264    0.67839    0.73095    0.74066    0.80714
 kpt# 533, nband= 48, wtk=  1.00000, kpt=  0.3444  0.4222  0.3833 (reduced coord)
  -2.85349   -2.66490   -1.70763   -1.70607   -1.70552   -1.52281   -1.52145   -1.52066
  -0.76001   -0.75751   -0.75506   -0.75344   -0.14442   -0.14388   -0.12515   -0.12499
  -0.11318   -0.09205   -0.09000   -0.08642   -0.06353   -0.05480   -0.05179   -0.04862
   0.01488    0.01664    0.02465    0.05324    0.06989    0.26085    0.26157    0.26873
   0.28572    0.29913    0.37077    0.39156    0.42191    0.44800    0.46596    0.49155
   0.51652    0.53653    0.63240    0.65729    0.68125    0.73139    0.74234    0.80754
 kpt# 534, nband= 48, wtk=  1.00000, kpt=  0.3556  0.4278  0.3917 (reduced coord)
  -2.85349   -2.66490   -1.70762   -1.70608   -1.70552   -1.52281   -1.52147   -1.52066
  -0.75985   -0.75749   -0.75510   -0.75342   -0.14532   -0.14402   -0.12548   -0.12500
  -0.11356   -0.09286   -0.08934   -0.08619   -0.06250   -0.05431   -0.05157   -0.04863
   0.01476    0.01646    0.02478    0.05296    0.06980    0.26072    0.26139    0.26905
   0.28622    0.29922    0.37422    0.39348    0.42239    0.44565    0.46613    0.48861
   0.51247    0.53073    0.63720    0.66189    0.68398    0.73194    0.74392    0.80742
 kpt# 535, nband= 48, wtk=  1.00000, kpt=  0.3667  0.4333  0.4000 (reduced coord)
  -2.85349   -2.66490   -1.70762   -1.70609   -1.70552   -1.52280   -1.52149   -1.52066
  -0.75971   -0.75746   -0.75513   -0.75340   -0.14615   -0.14414   -0.12594   -0.12484
  -0.11392   -0.09366   -0.08887   -0.08582   -0.06155   -0.05382   -0.05134   -0.04862
   0.01465    0.01628    0.02490    0.05269    0.06971    0.26060    0.26121    0.26934
   0.28662    0.29935    0.37732    0.39567    0.42304    0.44344    0.46637    0.48572
   0.50855    0.52503    0.64191    0.66640    0.68658    0.73264    0.74534    0.80811
 kpt# 536, nband= 48, wtk=  1.00000, kpt=  0.3778  0.4389  0.4083 (reduced coord)
  -2.85349   -2.66489   -1.70762   -1.70611   -1.70551   -1.52280   -1.52151   -1.52066
  -0.75958   -0.75745   -0.75516   -0.75337   -0.14693   -0.14426   -0.12638   -0.12468
  -0.11428   -0.09443   -0.08859   -0.08531   -0.06069   -0.05334   -0.05109   -0.04859
   0.01454    0.01610    0.02502    0.05244    0.06963    0.26050    0.26105    0.26961
   0.28695    0.29952    0.38000    0.39820    0.42387    0.44139    0.46668    0.48287
   0.50475    0.51945    0.64652    0.67079    0.68902    0.73351    0.74658    0.80693
 kpt# 537, nband= 48, wtk=  1.00000, kpt=  0.3889  0.4444  0.4167 (reduced coord)
  -2.85349   -2.66489   -1.70762   -1.70612   -1.70551   -1.52280   -1.52152   -1.52066
  -0.75947   -0.75743   -0.75518   -0.75335   -0.14764   -0.14435   -0.12681   -0.12450
  -0.11462   -0.09515   -0.08844   -0.08473   -0.05992   -0.05288   -0.05084   -0.04853
   0.01443    0.01594    0.02513    0.05221    0.06955    0.26040    0.26090    0.26985
   0.28719    0.29972    0.38221    0.40109    0.42487    0.43950    0.46707    0.48007
   0.50108    0.51402    0.65096    0.67502    0.69129    0.73456    0.74762    0.80591
 kpt# 538, nband= 48, wtk=  1.00000, kpt=  0.4000  0.4500  0.4250 (reduced coord)
  -2.85349   -2.66489   -1.70762   -1.70613   -1.70551   -1.52279   -1.52154   -1.52066
  -0.75937   -0.75741   -0.75520   -0.75331   -0.14828   -0.14443   -0.12721   -0.12431
  -0.11495   -0.09584   -0.08837   -0.08413   -0.05925   -0.05244   -0.05059   -0.04845
   0.01433    0.01579    0.02523    0.05200    0.06949    0.26032    0.26076    0.27007
   0.28737    0.29994    0.38397    0.40431    0.42604    0.43777    0.46752    0.47731
   0.49755    0.50878    0.65522    0.67903    0.69338    0.73580    0.74844    0.80521
 kpt# 539, nband= 48, wtk=  1.00000, kpt=  0.4111  0.4556  0.4333 (reduced coord)
  -2.85348   -2.66489   -1.70762   -1.70614   -1.70551   -1.52279   -1.52155   -1.52066
  -0.75929   -0.75740   -0.75522   -0.75328   -0.14886   -0.14450   -0.12760   -0.12412
  -0.11526   -0.09647   -0.08833   -0.08356   -0.05868   -0.05203   -0.05035   -0.04834
   0.01424    0.01564    0.02532    0.05181    0.06944    0.26024    0.26063    0.27026
   0.28749    0.30016    0.38534    0.40779    0.42734    0.43622    0.46805    0.47461
   0.49412    0.50378    0.65923    0.68277    0.69530    0.73722    0.74905    0.80258
 kpt# 540, nband= 48, wtk=  1.00000, kpt=  0.4222  0.4611  0.4417 (reduced coord)
  -2.85348   -2.66489   -1.70761   -1.70614   -1.70551   -1.52279   -1.52156   -1.52066
  -0.75921   -0.75739   -0.75523   -0.75325   -0.14937   -0.14455   -0.12795   -0.12393
  -0.11555   -0.09705   -0.08832   -0.08303   -0.05820   -0.05167   -0.05012   -0.04821
   0.01416    0.01551    0.02541    0.05164    0.06939    0.26018    0.26052    0.27042
   0.28756    0.30039    0.38640    0.41141    0.42876    0.43486    0.46862    0.47201
   0.49077    0.49912    0.66295    0.68619    0.69704    0.73878    0.74944    0.80054
 kpt# 541, nband= 48, wtk=  1.00000, kpt=  0.4333  0.4667  0.4500 (reduced coord)
  -2.85348   -2.66489   -1.70761   -1.70615   -1.70551   -1.52279   -1.52157   -1.52066
  -0.75915   -0.75738   -0.75525   -0.75322   -0.14982   -0.14459   -0.12827   -0.12375
  -0.11582   -0.09756   -0.08831   -0.08255   -0.05780   -0.05135   -0.04991   -0.04805
   0.01408    0.01540    0.02548    0.05149    0.06935    0.26012    0.26042    0.27056
   0.28760    0.30061    0.38722    0.41509    0.43021    0.43372    0.46883    0.46992
   0.48742    0.49492    0.66634    0.68921    0.69864    0.74043    0.74965    0.79929
 kpt# 542, nband= 48, wtk=  1.00000, kpt=  0.4444  0.4722  0.4583 (reduced coord)
  -2.85348   -2.66489   -1.70761   -1.70616   -1.70551   -1.52278   -1.52158   -1.52066
  -0.75911   -0.75738   -0.75526   -0.75319   -0.15019   -0.14461   -0.12855   -0.12358
  -0.11606   -0.09800   -0.08832   -0.08214   -0.05749   -0.05110   -0.04972   -0.04789
   0.01402    0.01529    0.02554    0.05136    0.06932    0.26008    0.26034    0.27068
   0.28761    0.30081    0.38783    0.41870    0.43137    0.43310    0.46685    0.47021
   0.48406    0.49127    0.66933    0.69176    0.70010    0.74211    0.74969    0.79759
 kpt# 543, nband= 48, wtk=  1.00000, kpt=  0.4556  0.4778  0.4667 (reduced coord)
  -2.85348   -2.66489   -1.70761   -1.70616   -1.70551   -1.52278   -1.52159   -1.52066
  -0.75907   -0.75737   -0.75527   -0.75317   -0.15050   -0.14463   -0.12879   -0.12342
  -0.11627   -0.09837   -0.08832   -0.08180   -0.05724   -0.05089   -0.04956   -0.04772
   0.01396    0.01521    0.02559    0.05126    0.06929    0.26004    0.26027    0.27077
   0.28761    0.30098    0.38829    0.42211    0.43130    0.43386    0.46466    0.47092
   0.48076    0.48825    0.67188    0.69380    0.70143    0.74371    0.74961    0.79611
 kpt# 544, nband= 48, wtk=  1.00000, kpt=  0.4667  0.4833  0.4750 (reduced coord)
  -2.85348   -2.66489   -1.70761   -1.70617   -1.70551   -1.52278   -1.52159   -1.52066
  -0.75904   -0.75737   -0.75527   -0.75315   -0.15074   -0.14464   -0.12898   -0.12329
  -0.11644   -0.09866   -0.08832   -0.08154   -0.05705   -0.05075   -0.04943   -0.04758
   0.01392    0.01514    0.02563    0.05118    0.06927    0.26001    0.26021    0.27085
   0.28761    0.30112    0.38863    0.42516    0.43078    0.43515    0.46274    0.47161
   0.47777    0.48582    0.67393    0.69532    0.70261    0.74514    0.74947    0.79527
 kpt# 545, nband= 48, wtk=  1.00000, kpt=  0.4778  0.4889  0.4833 (reduced coord)
  -2.85348   -2.66489   -1.70761   -1.70617   -1.70551   -1.52278   -1.52160   -1.52066
  -0.75902   -0.75736   -0.75528   -0.75313   -0.15091   -0.14465   -0.12912   -0.12319
  -0.11656   -0.09887   -0.08833   -0.08134   -0.05693   -0.05065   -0.04933   -0.04747
   0.01389    0.01509    0.02566    0.05112    0.06926    0.25999    0.26017    0.27090
   0.28760    0.30123    0.38886    0.42763    0.43036    0.43629    0.46121    0.47201
   0.47554    0.48396    0.67543    0.69634    0.70354    0.74626    0.74931    0.79469
 kpt# 546, nband= 48, wtk=  1.00000, kpt=  0.4889  0.4944  0.4917 (reduced coord)
  -2.85348   -2.66489   -1.70761   -1.70617   -1.70551   -1.52278   -1.52160   -1.52065
  -0.75900   -0.75736   -0.75528   -0.75312   -0.15102   -0.14465   -0.12921   -0.12313
  -0.11664   -0.09900   -0.08833   -0.08123   -0.05685   -0.05059   -0.04927   -0.04740
   0.01387    0.01506    0.02568    0.05108    0.06925    0.25997    0.26015    0.27093
   0.28759    0.30129    0.38899    0.42921    0.43017    0.43705    0.46023    0.47175
   0.47465    0.48273    0.67635    0.69692    0.70415    0.74698    0.74919    0.79437
 kpt# 547, nband= 48, wtk=  1.00000, kpt=  0.5000  0.5000  0.5000 (reduced coord)
  -2.85348   -2.66489   -1.70761   -1.70617   -1.70551   -1.52278   -1.52160   -1.52065
  -0.75900   -0.75736   -0.75528   -0.75312   -0.15105   -0.14465   -0.12924   -0.12311
  -0.11667   -0.09904   -0.08833   -0.08119   -0.05682   -0.05057   -0.04925   -0.04737
   0.01387    0.01505    0.02569    0.05107    0.06925    0.25997    0.26014    0.27094
   0.28758    0.30131    0.38903    0.42962    0.43026    0.43732    0.45989    0.47145
   0.47457    0.48229    0.67666    0.69711    0.70436    0.74723    0.74914    0.79477
 kpt# 548, nband= 48, wtk=  1.00000, kpt=  0.4833  0.4833  0.5000 (reduced coord)
  -2.85348   -2.66489   -1.70761   -1.70617   -1.70551   -1.52278   -1.52160   -1.52065
  -0.75900   -0.75735   -0.75528   -0.75313   -0.15095   -0.14465   -0.12918   -0.12307
  -0.11665   -0.09905   -0.08832   -0.08138   -0.05686   -0.05062   -0.04931   -0.04737
   0.01387    0.01504    0.02569    0.05107    0.06931    0.25996    0.26015    0.27095
   0.28759    0.30129    0.38920    0.42905    0.42960    0.43754    0.45994    0.47224
   0.47527    0.48239    0.67608    0.69684    0.70361    0.74629    0.74844    0.79580
 kpt# 549, nband= 48, wtk=  1.00000, kpt=  0.4667  0.4667  0.5000 (reduced coord)
  -2.85348   -2.66489   -1.70761   -1.70617   -1.70551   -1.52278   -1.52160   -1.52065
  -0.75901   -0.75731   -0.75527   -0.75317   -0.15066   -0.14465   -0.12898   -0.12296
  -0.11660   -0.09906   -0.08827   -0.08193   -0.05697   -0.05075   -0.04950   -0.04736
   0.01386    0.01501    0.02570    0.05108    0.06948    0.25993    0.26017    0.27097
   0.28761    0.30124    0.38970    0.42744    0.42776    0.43822    0.46009    0.47440
   0.47727    0.48276    0.67436    0.69554    0.70198    0.74366    0.74640    0.79771
 kpt# 550, nband= 48, wtk=  1.00000, kpt=  0.4500  0.4500  0.5000 (reduced coord)
  -2.85348   -2.66489   -1.70761   -1.70617   -1.70551   -1.52278   -1.52160   -1.52065
  -0.75903   -0.75726   -0.75526   -0.75323   -0.15017   -0.14465   -0.12867   -0.12277
  -0.11651   -0.09907   -0.08820   -0.08286   -0.05715   -0.05096   -0.04981   -0.04736
   0.01386    0.01497    0.02572    0.05109    0.06976    0.25988    0.26019    0.27100
   0.28764    0.30114    0.39051    0.42506    0.42508    0.43933    0.46034    0.47718
   0.48033    0.48380    0.67160    0.69211    0.70095    0.73978    0.74321    0.80138
 kpt# 551, nband= 48, wtk=  1.00000, kpt=  0.4333  0.4333  0.5000 (reduced coord)
  -2.85348   -2.66489   -1.70761   -1.70617   -1.70551   -1.52278   -1.52160   -1.52065
  -0.75905   -0.75718   -0.75524   -0.75332   -0.14950   -0.14463   -0.12826   -0.12251
  -0.11638   -0.09909   -0.08810   -0.08412   -0.05740   -0.05126   -0.05025   -0.04737
   0.01385    0.01491    0.02576    0.05111    0.07013    0.25982    0.26023    0.27105
   0.28768    0.30101    0.39158    0.42191    0.42221    0.44088    0.46070    0.47934
   0.48418    0.48642    0.66793    0.68667    0.70080    0.73510    0.73908    0.80636
 kpt# 552, nband= 48, wtk=  1.00000, kpt=  0.4167  0.4167  0.5000 (reduced coord)
  -2.85348   -2.66489   -1.70761   -1.70617   -1.70551   -1.52278   -1.52160   -1.52066
  -0.75907   -0.75708   -0.75522   -0.75343   -0.14866   -0.14459   -0.12775   -0.12218
  -0.11621   -0.09912   -0.08799   -0.08569   -0.05770   -0.05164   -0.05082   -0.04741
   0.01385    0.01485    0.02581    0.05113    0.07055    0.25974    0.26028    0.27109
   0.28773    0.30084    0.39284    0.41850    0.41916    0.44285    0.46116    0.48037
   0.48862    0.49085    0.66348    0.68005    0.70111    0.72991    0.73423    0.81345
 kpt# 553, nband= 48, wtk=  1.00000, kpt=  0.4000  0.4000  0.5000 (reduced coord)
  -2.85348   -2.66489   -1.70761   -1.70617   -1.70551   -1.52278   -1.52160   -1.52066
  -0.75910   -0.75696   -0.75519   -0.75355   -0.14766   -0.14450   -0.12717   -0.12177
  -0.11598   -0.09915   -0.08784   -0.08754   -0.05804   -0.05210   -0.05149   -0.04749
   0.01384    0.01479    0.02587    0.05116    0.07102    0.25965    0.26033    0.27114
   0.28780    0.30063    0.39412    0.41502    0.41622    0.44524    0.46172    0.48089
   0.49348    0.49633    0.65841    0.67276    0.70166    0.72441    0.72886    0.81950
 kpt# 554, nband= 48, wtk=  1.00000, kpt=  0.3833  0.3833  0.5000 (reduced coord)
  -2.85348   -2.66489   -1.70761   -1.70617   -1.70551   -1.52278   -1.52160   -1.52065
  -0.75914   -0.75683   -0.75516   -0.75370   -0.14653   -0.14436   -0.12654   -0.12129
  -0.11569   -0.09918   -0.08962   -0.08767   -0.05842   -0.05261   -0.05228   -0.04761
   0.01383    0.01474    0.02596    0.05119    0.07149    0.25956    0.26038    0.27118
   0.28789    0.30039    0.39512    0.41158    0.41381    0.44802    0.46238    0.48125
   0.49864    0.50240    0.65284    0.66509    0.70237    0.71873    0.72313    0.82054
 kpt# 555, nband= 48, wtk=  1.00000, kpt=  0.3667  0.3667  0.5000 (reduced coord)
  -2.85348   -2.66489   -1.70761   -1.70617   -1.70551   -1.52278   -1.52160   -1.52065
  -0.75918   -0.75669   -0.75512   -0.75385   -0.14529   -0.14416   -0.12587   -0.12074
  -0.11531   -0.09922   -0.09191   -0.08749   -0.05884   -0.05320   -0.05318   -0.04780
   0.01381    0.01470    0.02607    0.05122    0.07194    0.25946    0.26044    0.27121
   0.28799    0.30013    0.39531    0.40825    0.41250    0.45119    0.46315    0.48156
   0.50402    0.50887    0.64689    0.65721    0.70320    0.71296    0.71716    0.82382
 kpt# 556, nband= 48, wtk=  1.00000, kpt=  0.3500  0.3500  0.5000 (reduced coord)
  -2.85348   -2.66489   -1.70761   -1.70617   -1.70551   -1.52278   -1.52160   -1.52065
  -0.75922   -0.75654   -0.75508   -0.75401   -0.14397   -0.14388   -0.12519   -0.12011
  -0.11486   -0.09926   -0.09435   -0.08730   -0.05929   -0.05417   -0.05384   -0.04805
   0.01380    0.01469    0.02621    0.05126    0.07234    0.25937    0.26050    0.27121
   0.28810    0.29983    0.39425    0.40509    0.41278    0.45471    0.46403    0.48188
   0.50957    0.51563    0.64065    0.64926    0.70414    0.70713    0.71105    0.82075
 kpt# 557, nband= 48, wtk=  1.00000, kpt=  0.3333  0.3333  0.5000 (reduced coord)
  -2.85348   -2.66489   -1.70761   -1.70617   -1.70551   -1.52278   -1.52160   -1.52065
  -0.75927   -0.75640   -0.75504   -0.75416   -0.14352   -0.14261   -0.12449   -0.11942
  -0.11430   -0.09931   -0.09688   -0.08711   -0.05976   -0.05525   -0.05453   -0.04838
   0.01379    0.01471    0.02638    0.05129    0.07266    0.25929    0.26055    0.27119
   0.28824    0.29952    0.39205    0.40211    0.41456    0.45857    0.46500    0.48222
   0.51521    0.52262    0.63420    0.64133    0.70129    0.70490    0.70516    0.81921
 kpt# 558, nband= 48, wtk=  1.00000, kpt=  0.3167  0.3167  0.5000 (reduced coord)
  -2.85348   -2.66489   -1.70761   -1.70617   -1.70551   -1.52278   -1.52160   -1.52065
  -0.75932   -0.75628   -0.75500   -0.75429   -0.14308   -0.14124   -0.12380   -0.11866
  -0.11366   -0.09945   -0.09935   -0.08695   -0.06026   -0.05638   -0.05527   -0.04878
   0.01377    0.01477    0.02658    0.05133    0.07289    0.25921    0.26060    0.27113
   0.28839    0.29919    0.38915    0.39935    0.41740    0.46275    0.46609    0.48261
   0.52090    0.52982    0.62761    0.63347    0.69546    0.69876    0.70626    0.81323
 kpt# 559, nband= 48, wtk=  1.00000, kpt=  0.3000  0.3000  0.5000 (reduced coord)
  -2.85348   -2.66489   -1.70761   -1.70617   -1.70551   -1.52278   -1.52160   -1.52065
  -0.75937   -0.75620   -0.75495   -0.75438   -0.14254   -0.13990   -0.12313   -0.11784
  -0.11296   -0.10195   -0.09940   -0.08682   -0.06079   -0.05756   -0.05603   -0.04927
   0.01375    0.01486    0.02681    0.05137    0.07299    0.25915    0.26064    0.27102
   0.28856    0.29885    0.38593    0.39681    0.42093    0.46723    0.46728    0.48305
   0.52659    0.53717    0.62094    0.62573    0.68965    0.69272    0.70741    0.80847
 kpt# 560, nband= 48, wtk=  1.00000, kpt=  0.2833  0.2833  0.5000 (reduced coord)
  -2.85348   -2.66489   -1.70761   -1.70617   -1.70551   -1.52278   -1.52160   -1.52065
  -0.75943   -0.75618   -0.75491   -0.75441   -0.14191   -0.13864   -0.12248   -0.11695
  -0.11237   -0.10416   -0.09945   -0.08675   -0.06134   -0.05875   -0.05682   -0.04982
   0.01373    0.01500    0.02707    0.05141    0.07297    0.25910    0.26068    0.27087
   0.28875    0.29851    0.38258    0.39451    0.42497    0.46858    0.47199    0.48357
   0.53222    0.54466    0.61424    0.61815    0.68386    0.68683    0.70861    0.81266
 kpt# 561, nband= 48, wtk=  1.00000, kpt=  0.2667  0.2667  0.5000 (reduced coord)
  -2.85348   -2.66489   -1.70761   -1.70617   -1.70551   -1.52278   -1.52160   -1.52065
  -0.75948   -0.75623   -0.75486   -0.75437   -0.14117   -0.13749   -0.12186   -0.11600
  -0.11233   -0.10560   -0.09950   -0.08677   -0.06193   -0.05992   -0.05762   -0.05043
   0.01371    0.01518    0.02736    0.05145    0.07280    0.25906    0.26070    0.27066
   0.28895    0.29817    0.37921    0.39244    0.42939    0.46998    0.47699    0.48417
   0.53772    0.55225    0.60754    0.61074    0.67810    0.68116    0.70983    0.79455
 kpt# 562, nband= 48, wtk=  1.00000, kpt=  0.2500  0.2500  0.5000 (reduced coord)
  -2.85348   -2.66489   -1.70761   -1.70617   -1.70551   -1.52278   -1.52160   -1.52065
  -0.75954   -0.75634   -0.75481   -0.75426   -0.14034   -0.13647   -0.12128   -0.11499
  -0.11339   -0.10568   -0.09955   -0.08693   -0.06256   -0.06104   -0.05842   -0.05110
   0.01369    0.01540    0.02767    0.05149    0.07248    0.25904    0.26072    0.27039
   0.28918    0.29786    0.37589    0.39059    0.43410    0.47149    0.48223    0.48486
   0.54302    0.55991    0.60091    0.60354    0.67237    0.67576    0.71107    0.78960
 kpt# 563, nband= 48, wtk=  1.00000, kpt=  0.2333  0.2333  0.5000 (reduced coord)
  -2.85348   -2.66489   -1.70761   -1.70617   -1.70551   -1.52278   -1.52160   -1.52065
  -0.75960   -0.75650   -0.75476   -0.75411   -0.13941   -0.13561   -0.12073   -0.11529
  -0.11393   -0.10464   -0.09960   -0.08724   -0.06324   -0.06206   -0.05922   -0.05180
   0.01367    0.01566    0.02800    0.05153    0.07202    0.25904    0.26072    0.27006
   0.28941    0.29756    0.37266    0.38897    0.43907    0.47311    0.48566    0.48766
   0.54804    0.56758    0.59440    0.59655    0.66667    0.67072    0.71231    0.78456
 kpt# 564, nband= 48, wtk=  1.00000, kpt=  0.2167  0.2167  0.5000 (reduced coord)
  -2.85348   -2.66489   -1.70761   -1.70617   -1.70551   -1.52278   -1.52160   -1.52065
  -0.75965   -0.75669   -0.75471   -0.75392   -0.13838   -0.13493   -0.12023   -0.11746
  -0.11282   -0.10301   -0.09964   -0.08776   -0.06397   -0.06294   -0.06002   -0.05252
   0.01364    0.01595    0.02835    0.05157    0.07142    0.25904    0.26072    0.26968
   0.28966    0.29729    0.36955    0.38757    0.44424    0.47484    0.48658    0.49327
   0.55265    0.57500    0.58828    0.58980    0.66100    0.66612    0.71353    0.77985
 kpt# 565, nband= 48, wtk=  1.00000, kpt=  0.2000  0.2000  0.5000 (reduced coord)
  -2.85348   -2.66489   -1.70761   -1.70617   -1.70551   -1.52278   -1.52160   -1.52065
  -0.75971   -0.75689   -0.75466   -0.75373   -0.13726   -0.13442   -0.11975   -0.11965
  -0.11167   -0.10108   -0.09969   -0.08851   -0.06476   -0.06366   -0.06079   -0.05324
   0.01362    0.01627    0.02871    0.05160    0.07069    0.25907    0.26070    0.26925
   0.28993    0.29705    0.36659    0.38636    0.44956    0.47666    0.48762    0.49902
   0.55676    0.57893    0.58329    0.58578    0.65534    0.66205    0.71472    0.77424
 kpt# 566, nband= 48, wtk=  1.00000, kpt=  0.1833  0.1833  0.5000 (reduced coord)
  -2.85348   -2.66489   -1.70761   -1.70617   -1.70551   -1.52278   -1.52160   -1.52065
  -0.75976   -0.75710   -0.75462   -0.75352   -0.13606   -0.13411   -0.12170   -0.11930
  -0.11050   -0.09973   -0.09897   -0.08950   -0.06562   -0.06421   -0.06153   -0.05393
   0.01359    0.01661    0.02907    0.05163    0.06985    0.25910    0.26067    0.26877
   0.29020    0.29684    0.36378    0.38534    0.45500    0.47859    0.48881    0.50490
   0.56022    0.57418    0.57703    0.59210    0.64971    0.65859    0.71588    0.76908
 kpt# 567, nband= 48, wtk=  1.00000, kpt=  0.1667  0.1667  0.5000 (reduced coord)
  -2.85348   -2.66489   -1.70761   -1.70617   -1.70551   -1.52278   -1.52160   -1.52065
  -0.75981   -0.75730   -0.75457   -0.75332   -0.13479   -0.13401   -0.12355   -0.11887
  -0.10930   -0.09977   -0.09677   -0.09073   -0.06654   -0.06459   -0.06224   -0.05458
   0.01357    0.01695    0.02943    0.05166    0.06893    0.25914    0.26064    0.26828
   0.29047    0.29666    0.36116    0.38448    0.46050    0.48061    0.49016    0.51087
   0.56291    0.56830    0.57104    0.59966    0.64410    0.65585    0.71697    0.76385
 kpt# 568, nband= 48, wtk=  1.00000, kpt=  0.1500  0.1500  0.5000 (reduced coord)
  -2.85348   -2.66489   -1.70761   -1.70617   -1.70551   -1.52278   -1.52160   -1.52065
  -0.75986   -0.75750   -0.75453   -0.75312   -0.13414   -0.13346   -0.12512   -0.11844
  -0.10808   -0.09981   -0.09453   -0.09216   -0.06752   -0.06480   -0.06290   -0.05517
   0.01354    0.01730    0.02978    0.05169    0.06793    0.25919    0.26060    0.26777
   0.29075    0.29651    0.35874    0.38378    0.46602    0.48272    0.49167    0.51690
   0.56245    0.56475    0.56533    0.60729    0.63852    0.65388    0.71801    0.75862
 kpt# 569, nband= 48, wtk=  1.00000, kpt=  0.1333  0.1333  0.5000 (reduced coord)
  -2.85348   -2.66489   -1.70761   -1.70617   -1.70551   -1.52278   -1.52160   -1.52065
  -0.75990   -0.75768   -0.75449   -0.75294   -0.13450   -0.13210   -0.12635   -0.11801
  -0.10688   -0.09984   -0.09378   -0.09234   -0.06855   -0.06489   -0.06351   -0.05571
   0.01351    0.01764    0.03012    0.05172    0.06691    0.25924    0.26056    0.26725
   0.29101    0.29640    0.35652    0.38321    0.47150    0.48489    0.49335    0.52294
   0.55676    0.55992    0.56567    0.61484    0.63296    0.65269    0.71896    0.75334
 kpt# 570, nband= 48, wtk=  1.00000, kpt=  0.1167  0.1167  0.5000 (reduced coord)
  -2.85348   -2.66489   -1.70761   -1.70617   -1.70551   -1.52278   -1.52160   -1.52065
  -0.75994   -0.75785   -0.75446   -0.75276   -0.13509   -0.13072   -0.12725   -0.11755
  -0.10569   -0.09987   -0.09555   -0.09023   -0.06960   -0.06488   -0.06407   -0.05617
   0.01349    0.01796    0.03043    0.05174    0.06589    0.25929    0.26052    0.26676
   0.29127    0.29630    0.35453    0.38276    0.47686    0.48712    0.49520    0.52895
   0.55127    0.55483    0.56570    0.62222    0.62746    0.65222    0.71983    0.74808
 kpt# 571, nband= 48, wtk=  1.00000, kpt=  0.1000  0.1000  0.5000 (reduced coord)
  -2.85348   -2.66489   -1.70761   -1.70617   -1.70551   -1.52278   -1.52160   -1.52065
  -0.75998   -0.75801   -0.75442   -0.75261   -0.13581   -0.12938   -0.12785   -0.11703
  -0.10456   -0.09989   -0.09741   -0.08828   -0.07064   -0.06481   -0.06457   -0.05656
   0.01346    0.01826    0.03071    0.05176    0.06490    0.25935    0.26047    0.26629
   0.29151    0.29623    0.35278    0.38241    0.48204    0.48937    0.49724    0.53487
   0.54603    0.55010    0.56495    0.62204    0.62931    0.65235    0.72060    0.74289
 kpt# 572, nband= 48, wtk=  1.00000, kpt=  0.0833  0.0833  0.5000 (reduced coord)
  -2.85348   -2.66489   -1.70761   -1.70617   -1.70551   -1.52278   -1.52160   -1.52065
  -0.76001   -0.75814   -0.75440   -0.75248   -0.13658   -0.12824   -0.12811   -0.11643
  -0.10350   -0.09991   -0.09933   -0.08652   -0.07164   -0.06500   -0.06469   -0.05689
   0.01344    0.01853    0.03096    0.05178    0.06398    0.25940    0.26043    0.26587
   0.29173    0.29618    0.35127    0.38214    0.48691    0.49158    0.49944    0.54061
   0.54108    0.54578    0.56359    0.61676    0.63601    0.65290    0.72127    0.73784
 kpt# 573, nband= 48, wtk=  1.00000, kpt=  0.0667  0.0667  0.5000 (reduced coord)
  -2.85348   -2.66489   -1.70761   -1.70617   -1.70551   -1.52278   -1.52160   -1.52065
  -0.76003   -0.75825   -0.75438   -0.75236   -0.13730   -0.12849   -0.12698   -0.11571
  -0.10255   -0.10126   -0.09992   -0.08501   -0.07256   -0.06536   -0.06457   -0.05715
   0.01342    0.01876    0.03117    0.05179    0.06317    0.25944    0.26040    0.26551
   0.29192    0.29614    0.35002    0.38195    0.49134    0.49370    0.50176    0.53646
   0.54194    0.54605    0.56187    0.61173    0.64215    0.65369    0.72182    0.73309
 kpt# 574, nband= 48, wtk=  1.00000, kpt=  0.0500  0.0500  0.5000 (reduced coord)
  -2.85348   -2.66489   -1.70761   -1.70617   -1.70551   -1.52278   -1.52160   -1.52065
  -0.76005   -0.75834   -0.75436   -0.75227   -0.13792   -0.12864   -0.12604   -0.11486
  -0.10313   -0.10175   -0.09994   -0.08378   -0.07334   -0.06564   -0.06444   -0.05735
   0.01340    0.01894    0.03134    0.05180    0.06251    0.25947    0.26037    0.26522
   0.29208    0.29612    0.34904    0.38180    0.49515    0.49561    0.50415    0.53228
   0.53869    0.55100    0.56004    0.60712    0.64749    0.65453    0.72226    0.72885
 kpt# 575, nband= 48, wtk=  1.00000, kpt=  0.0333  0.0333  0.5000 (reduced coord)
  -2.85348   -2.66489   -1.70761   -1.70617   -1.70551   -1.52278   -1.52160   -1.52065
  -0.76007   -0.75840   -0.75434   -0.75221   -0.13838   -0.12873   -0.12534   -0.11393
  -0.10483   -0.10113   -0.09995   -0.08288   -0.07394   -0.06584   -0.06434   -0.05749
   0.01339    0.01907    0.03147    0.05181    0.06201    0.25950    0.26034    0.26500
   0.29219    0.29610    0.34833    0.38171    0.49717    0.49813    0.50643    0.52870
   0.53617    0.55513    0.55842    0.60324    0.65173    0.65524    0.72257    0.72541
 kpt# 576, nband= 48, wtk=  1.00000, kpt=  0.0167  0.0167  0.5000 (reduced coord)
  -2.85348   -2.66489   -1.70761   -1.70617   -1.70551   -1.52278   -1.52160   -1.52065
  -0.76008   -0.75844   -0.75434   -0.75217   -0.13867   -0.12878   -0.12491   -0.11306
  -0.10615   -0.10075   -0.09995   -0.08232   -0.07432   -0.06596   -0.06428   -0.05757
   0.01338    0.01916    0.03155    0.05182    0.06170    0.25952    0.26033    0.26487
   0.29226    0.29609    0.34790    0.38166    0.49821    0.50005    0.50825    0.52610
   0.53455    0.55729    0.55799    0.60055    0.65449    0.65572    0.72276    0.72313
 kpt# 577, nband= 48, wtk=  1.00000, kpt=  0.0000  0.0000  0.5000 (reduced coord)
  -2.85348   -2.66489   -1.70761   -1.70617   -1.70551   -1.52278   -1.52160   -1.52065
  -0.76008   -0.75845   -0.75433   -0.75216   -0.13876   -0.12879   -0.12477   -0.11267
  -0.10670   -0.10061   -0.09995   -0.08213   -0.07445   -0.06599   -0.06426   -0.05760
   0.01338    0.01919    0.03157    0.05182    0.06160    0.25952    0.26032    0.26483
   0.29229    0.29609    0.34776    0.38164    0.49858    0.50072    0.50899    0.52510
   0.53399    0.55689    0.55903    0.59957    0.65546    0.65589    0.72233    0.72282
 kpt# 578, nband= 48, wtk=  1.00000, kpt=  0.0000  0.5000  0.0000 (reduced coord)
  -2.85352   -2.66494   -1.70774   -1.70556   -1.70537   -1.52300   -1.52072   -1.52045
  -0.76536   -0.76391   -0.75271   -0.75204   -0.14770   -0.13450   -0.12061   -0.11067
  -0.09400   -0.09044   -0.08946   -0.07952   -0.07859   -0.07226   -0.04601   -0.04441
   0.01124    0.01774    0.02618    0.07037    0.07505    0.24699    0.26590    0.26849
   0.26950    0.28149    0.30447    0.30462    0.43894    0.44230    0.50468    0.51409
   0.60799    0.61300    0.65847    0.68268    0.69978    0.70636    0.76468    0.77626
 kpt# 579, nband= 48, wtk=  1.00000, kpt=  0.0000  0.5000  0.0167 (reduced coord)
  -2.85352   -2.66494   -1.70774   -1.70556   -1.70537   -1.52300   -1.52072   -1.52045
  -0.76534   -0.76390   -0.75271   -0.75204   -0.14764   -0.13449   -0.12057   -0.11070
  -0.09402   -0.09051   -0.08969   -0.07986   -0.07812   -0.07236   -0.04599   -0.04442
   0.01131    0.01776    0.02615    0.07037    0.07493    0.24708    0.26597    0.26847
   0.26948    0.28166    0.30453    0.30467    0.43911    0.44249    0.50474    0.51411
   0.60792    0.61255    0.65707    0.68416    0.69448    0.71108    0.76444    0.77541
 kpt# 580, nband= 48, wtk=  1.00000, kpt=  0.0000  0.5000  0.0333 (reduced coord)
  -2.85352   -2.66494   -1.70774   -1.70556   -1.70538   -1.52300   -1.52072   -1.52046
  -0.76529   -0.76385   -0.75272   -0.75205   -0.14744   -0.13447   -0.12046   -0.11076
  -0.09410   -0.09070   -0.09035   -0.08033   -0.07726   -0.07264   -0.04591   -0.04444
   0.01152    0.01783    0.02607    0.07037    0.07457    0.24735    0.26617    0.26840
   0.26942    0.28218    0.30471    0.30483    0.43964    0.44305    0.50495    0.51419
   0.60771    0.61115    0.65383    0.68665    0.68763    0.71700    0.76395    0.77309
 kpt# 581, nband= 48, wtk=  1.00000, kpt=  0.0000  0.5000  0.0500 (reduced coord)
  -2.85352   -2.66494   -1.70774   -1.70556   -1.70539   -1.52300   -1.52072   -1.52047
  -0.76521   -0.76377   -0.75274   -0.75207   -0.14710   -0.13443   -0.12027   -0.11087
  -0.09426   -0.09138   -0.09102   -0.08073   -0.07628   -0.07304   -0.04580   -0.04447
   0.01184    0.01794    0.02595    0.07037    0.07399    0.24779    0.26649    0.26828
   0.26933    0.28302    0.30501    0.30509    0.44050    0.44397    0.50530    0.51432
   0.60731    0.60869    0.65019    0.67860    0.69160    0.72129    0.76389    0.76992
 kpt# 582, nband= 48, wtk=  1.00000, kpt=  0.0000  0.5000  0.0667 (reduced coord)
  -2.85352   -2.66494   -1.70774   -1.70556   -1.70540   -1.52299   -1.52072   -1.52050
  -0.76510   -0.76367   -0.75277   -0.75209   -0.14664   -0.13437   -0.12000   -0.11101
  -0.09454   -0.09271   -0.09145   -0.08106   -0.07523   -0.07350   -0.04567   -0.04452
   0.01227    0.01810    0.02577    0.07037    0.07319    0.24839    0.26691    0.26811
   0.26922    0.28419    0.30546    0.30546    0.44170    0.44523    0.50579    0.51449
   0.60504    0.60663    0.64702    0.67071    0.69501    0.72297    0.76509    0.76663
 kpt# 583, nband= 48, wtk=  1.00000, kpt=  0.0000  0.5000  0.0833 (reduced coord)
  -2.85352   -2.66494   -1.70773   -1.70556   -1.70542   -1.52299   -1.52072   -1.52052
  -0.76495   -0.76354   -0.75281   -0.75212   -0.14605   -0.13430   -0.11966   -0.11119
  -0.09504   -0.09426   -0.09191   -0.08136   -0.07415   -0.07397   -0.04554   -0.04461
   0.01278    0.01830    0.02555    0.07037    0.07220    0.24913    0.26737    0.26790
   0.26916    0.28565    0.30595    0.30605    0.44324    0.44680    0.50643    0.51472
   0.60025    0.60554    0.64466    0.66321    0.69711    0.72173    0.76399    0.76787
 kpt# 584, nband= 48, wtk=  1.00000, kpt=  0.0000  0.5000  0.1000 (reduced coord)
  -2.85352   -2.66494   -1.70773   -1.70556   -1.70544   -1.52298   -1.52072   -1.52056
  -0.76478   -0.76338   -0.75285   -0.75215   -0.14534   -0.13420   -0.11924   -0.11140
  -0.09599   -0.09588   -0.09230   -0.08166   -0.07437   -0.07306   -0.04543   -0.04473
   0.01335    0.01854    0.02528    0.07038    0.07104    0.25000    0.26764    0.26770
   0.26928    0.28739    0.30658    0.30683    0.44509    0.44864    0.50722    0.51499
   0.59448    0.60386    0.64312    0.65636    0.69735    0.71804    0.76262    0.77170
 kpt# 585, nband= 48, wtk=  1.00000, kpt=  0.0000  0.5000  0.1167 (reduced coord)
  -2.85352   -2.66494   -1.70772   -1.70555   -1.70547   -1.52297   -1.52071   -1.52059
  -0.76458   -0.76319   -0.75290   -0.75219   -0.14452   -0.13407   -0.11875   -0.11164
  -0.09786   -0.09712   -0.09258   -0.08196   -0.07467   -0.07196   -0.04535   -0.04489
   0.01394    0.01882    0.02497    0.06974    0.07039    0.25097    0.26734    0.26773
   0.26978    0.28935    0.30739    0.30779    0.44724    0.45070    0.50816    0.51530
   0.58799    0.60140    0.64227    0.65039    0.69552    0.71271    0.76278    0.77566
 kpt# 586, nband= 48, wtk=  1.00000, kpt=  0.0000  0.5000  0.1333 (reduced coord)
  -2.85352   -2.66493   -1.70772   -1.70555   -1.70550   -1.52296   -1.52071   -1.52064
  -0.76435   -0.76298   -0.75296   -0.75224   -0.14359   -0.13393   -0.11820   -0.11191
  -0.09981   -0.09870   -0.09275   -0.08230   -0.07482   -0.07087   -0.04531   -0.04511
   0.01452    0.01915    0.02461    0.06833    0.07042    0.25202    0.26699    0.26751
   0.27055    0.29147    0.30841    0.30897    0.44969    0.45293    0.50927    0.51563
   0.58105    0.59798    0.64192    0.64550    0.69181    0.70635    0.76430    0.77897
 kpt# 587, nband= 48, wtk=  1.00000, kpt=  0.0000  0.5000  0.1500 (reduced coord)
  -2.85352   -2.66493   -1.70771   -1.70555   -1.70553   -1.52296   -1.52071   -1.52068
  -0.76410   -0.76275   -0.75303   -0.75230   -0.14255   -0.13374   -0.11760   -0.11222
  -0.10182   -0.10056   -0.09285   -0.08268   -0.07484   -0.06979   -0.04538   -0.04533
   0.01507    0.01950    0.02422    0.06683    0.07045    0.25313    0.26661    0.26719
   0.27148    0.29366    0.30971    0.31038    0.45239    0.45526    0.51054    0.51599
   0.57389    0.59356    0.64176    0.64189    0.68666    0.69939    0.76677    0.78113
 kpt# 588, nband= 48, wtk=  1.00000, kpt=  0.0000  0.5000  0.1667 (reduced coord)
  -2.85351   -2.66493   -1.70771   -1.70557   -1.70555   -1.52295   -1.52073   -1.52071
  -0.76382   -0.76250   -0.75310   -0.75236   -0.14143   -0.13352   -0.11696   -0.11256
  -0.10384   -0.10260   -0.09291   -0.08311   -0.07473   -0.06873   -0.04570   -0.04540
   0.01558    0.01989    0.02378    0.06528    0.07050    0.25430    0.26620    0.26680
   0.27250    0.29581    0.31138    0.31203    0.45534    0.45761    0.51199    0.51636
   0.56671    0.58827    0.63906    0.64205    0.68056    0.69209    0.76972    0.78194
 kpt# 589, nband= 48, wtk=  1.00000, kpt=  0.0000  0.5000  0.1833 (reduced coord)
  -2.85351   -2.66493   -1.70770   -1.70561   -1.70555   -1.52294   -1.52079   -1.52070
  -0.76352   -0.76223   -0.75318   -0.75243   -0.14022   -0.13326   -0.11634   -0.11297
  -0.10581   -0.10472   -0.09295   -0.08361   -0.07451   -0.06771   -0.04608   -0.04552
   0.01602    0.02031    0.02332    0.06370    0.07056    0.25549    0.26576    0.26637
   0.27358    0.29780    0.31351    0.31393    0.45848    0.45989    0.51359    0.51671
   0.55967    0.58233    0.63717    0.64225    0.67388    0.68466    0.77278    0.78147
 kpt# 590, nband= 48, wtk=  1.00000, kpt=  0.0000  0.5000  0.2000 (reduced coord)
  -2.85351   -2.66492   -1.70770   -1.70564   -1.70554   -1.52292   -1.52085   -1.52070
  -0.76321   -0.76194   -0.75327   -0.75250   -0.13895   -0.13295   -0.11580   -0.11352
  -0.10763   -0.10680   -0.09297   -0.08416   -0.07419   -0.06672   -0.04651   -0.04571
   0.01637    0.02075    0.02282    0.06213    0.07063    0.25670    0.26529    0.26591
   0.27470    0.29954    0.31610    0.31617    0.46177    0.46196    0.51533    0.51702
   0.55299    0.57605    0.63582    0.64236    0.66697    0.67722    0.77571    0.78002
 kpt# 591, nband= 48, wtk=  1.00000, kpt=  0.0000  0.5000  0.2167 (reduced coord)
  -2.85351   -2.66492   -1.70769   -1.70568   -1.70554   -1.52291   -1.52090   -1.52070
  -0.76288   -0.76164   -0.75337   -0.75259   -0.13762   -0.13260   -0.11555   -0.11432
  -0.10910   -0.10867   -0.09299   -0.08479   -0.07380   -0.06579   -0.04698   -0.04594
   0.01664    0.02120    0.02230    0.06058    0.07072    0.25791    0.26481    0.26543
   0.27586    0.30100    0.31852    0.31934    0.46368    0.46516    0.51716    0.51723
   0.54690    0.56971    0.63474    0.64212    0.66015    0.66991    0.77787    0.77838
 kpt# 592, nband= 48, wtk=  1.00000, kpt=  0.0000  0.5000  0.2333 (reduced coord)
  -2.85351   -2.66492   -1.70768   -1.70573   -1.70554   -1.52290   -1.52096   -1.52069
  -0.76254   -0.76132   -0.75347   -0.75268   -0.13626   -0.13221   -0.11590   -0.11554
  -0.11009   -0.10988   -0.09300   -0.08549   -0.07335   -0.06493   -0.04749   -0.04623
   0.01682    0.02167    0.02175    0.05908    0.07082    0.25911    0.26431    0.26494
   0.27703    0.30221    0.32121    0.32299    0.46487    0.46856    0.51730    0.51892
   0.54174    0.56358    0.63370    0.64106    0.65399    0.66284    0.77531    0.78072
 kpt# 593, nband= 48, wtk=  1.00000, kpt=  0.0000  0.5000  0.2500 (reduced coord)
  -2.85350   -2.66492   -1.70767   -1.70577   -1.70554   -1.52289   -1.52102   -1.52069
  -0.76218   -0.76100   -0.75359   -0.75277   -0.13488   -0.13177   -0.11722   -0.11695
  -0.11101   -0.10985   -0.09300   -0.08626   -0.07286   -0.06415   -0.04801   -0.04657
   0.01691    0.02117    0.02214    0.05765    0.07093    0.26028    0.26381    0.26445
   0.27821    0.30320    0.32415    0.32705    0.46533    0.47184    0.51714    0.52033
   0.53800    0.55795    0.63244    0.63814    0.64953    0.65615    0.77257    0.78276
 kpt# 594, nband= 48, wtk=  1.00000, kpt=  0.0000  0.5000  0.2667 (reduced coord)
  -2.85350   -2.66491   -1.70767   -1.70581   -1.70553   -1.52288   -1.52108   -1.52069
  -0.76182   -0.76066   -0.75370   -0.75288   -0.13352   -0.13130   -0.11918   -0.11842
  -0.11155   -0.10930   -0.09298   -0.08709   -0.07234   -0.06346   -0.04853   -0.04695
   0.01691    0.02058    0.02261    0.05631    0.07106    0.26143    0.26331    0.26396
   0.27938    0.30404    0.32734    0.33143    0.46486    0.47484    0.51670    0.52098
   0.53629    0.55312    0.63068    0.63298    0.64718    0.65007    0.76984    0.78451
 kpt# 595, nband= 48, wtk=  1.00000, kpt=  0.0000  0.5000  0.2833 (reduced coord)
  -2.85350   -2.66491   -1.70766   -1.70585   -1.70553   -1.52287   -1.52114   -1.52068
  -0.76146   -0.76032   -0.75383   -0.75298   -0.13221   -0.13083   -0.12119   -0.11998
  -0.11187   -0.10849   -0.09295   -0.08799   -0.07182   -0.06289   -0.04904   -0.04737
   0.01683    0.01998    0.02307    0.05507    0.07119    0.26246    0.26289    0.26348
   0.28055    0.30474    0.33077    0.33607    0.46330    0.47728    0.51602    0.52085
   0.53679    0.54934    0.62668    0.62811    0.64483    0.64583    0.76723    0.78604
 kpt# 596, nband= 48, wtk=  1.00000, kpt=  0.0000  0.5000  0.3000 (reduced coord)
  -2.85350   -2.66491   -1.70765   -1.70589   -1.70553   -1.52286   -1.52120   -1.52068
  -0.76109   -0.75998   -0.75396   -0.75310   -0.13104   -0.13039   -0.12310   -0.12147
  -0.11207   -0.10758   -0.09290   -0.08894   -0.07129   -0.06245   -0.04950   -0.04781
   0.01669    0.01938    0.02351    0.05393    0.07133    0.26227    0.26302    0.26366
   0.28169    0.30535    0.33443    0.34094    0.46062    0.47878    0.51533    0.52057
   0.53889    0.54678    0.62006    0.62451    0.64061    0.64466    0.76486    0.78743
 kpt# 597, nband= 48, wtk=  1.00000, kpt=  0.0000  0.5000  0.3167 (reduced coord)
  -2.85350   -2.66491   -1.70765   -1.70593   -1.70553   -1.52285   -1.52126   -1.52067
  -0.76073   -0.75964   -0.75410   -0.75322   -0.13018   -0.13006   -0.12467   -0.12274
  -0.11220   -0.10665   -0.09281   -0.08993   -0.07079   -0.06216   -0.04990   -0.04828
   0.01647    0.01878    0.02394    0.05290    0.07147    0.26181    0.26257    0.26466
   0.28280    0.30588    0.33831    0.34597    0.45691    0.47894    0.51506    0.52072
   0.54192    0.54542    0.61343    0.62001    0.63727    0.64338    0.76280    0.78872
 kpt# 598, nband= 48, wtk=  1.00000, kpt=  0.0000  0.5000  0.3333 (reduced coord)
  -2.85349   -2.66490   -1.70764   -1.70597   -1.70552   -1.52284   -1.52131   -1.52067
  -0.76037   -0.75930   -0.75425   -0.75335   -0.13010   -0.12998   -0.12542   -0.12361
  -0.11228   -0.10573   -0.09269   -0.09092   -0.07033   -0.06203   -0.05022   -0.04875
   0.01621    0.01821    0.02435    0.05198    0.07161    0.26135    0.26216    0.26561
   0.28386    0.30634    0.34240    0.35114    0.45236    0.47748    0.51563    0.52147
   0.54511    0.54547    0.60691    0.61499    0.63440    0.64187    0.76107    0.78998
 kpt# 599, nband= 48, wtk=  1.00000, kpt=  0.0000  0.5000  0.3500 (reduced coord)
  -2.85349   -2.66490   -1.70764   -1.70601   -1.70552   -1.52283   -1.52136   -1.52067
  -0.76002   -0.75896   -0.75441   -0.75348   -0.13097   -0.13028   -0.12515   -0.12395
  -0.11233   -0.10488   -0.09252   -0.09189   -0.06991   -0.06205   -0.05044   -0.04920
   0.01589    0.01767    0.02472    0.05118    0.07175    0.26092    0.26177    0.26650
   0.28488    0.30675    0.34670    0.35640    0.44717    0.47450    0.51712    0.52282
   0.54565    0.54932    0.60058    0.60979    0.63170    0.64008    0.75970    0.79121
 kpt# 600, nband= 48, wtk=  1.00000, kpt=  0.0000  0.5000  0.3667 (reduced coord)
  -2.85349   -2.66490   -1.70763   -1.70604   -1.70552   -1.52282   -1.52141   -1.52067
  -0.75968   -0.75863   -0.75458   -0.75362   -0.13227   -0.13092   -0.12438   -0.12378
  -0.11237   -0.10417   -0.09279   -0.09229   -0.06956   -0.06221   -0.05058   -0.04964
   0.01553    0.01719    0.02507    0.05048    0.07188    0.26052    0.26141    0.26731
   0.28582    0.30710    0.35118    0.36173    0.44155    0.47038    0.51932    0.52468
   0.54687    0.55332    0.59449    0.60462    0.62900    0.63803    0.75866    0.79244
 kpt# 601, nband= 48, wtk=  1.00000, kpt=  0.0000  0.5000  0.3833 (reduced coord)
  -2.85349   -2.66490   -1.70763   -1.70607   -1.70552   -1.52281   -1.52145   -1.52066
  -0.75936   -0.75830   -0.75475   -0.75375   -0.13361   -0.13175   -0.12350   -0.12326
  -0.11242   -0.10364   -0.09355   -0.09202   -0.06928   -0.06249   -0.05063   -0.05004
   0.01513    0.01678    0.02538    0.04989    0.07201    0.26015    0.26109    0.26804
   0.28669    0.30740    0.35585    0.36706    0.43564    0.46553    0.52191    0.52695
   0.54864    0.55732    0.58869    0.59960    0.62624    0.63575    0.75793    0.79365
 kpt# 602, nband= 48, wtk=  1.00000, kpt=  0.0000  0.5000  0.4000 (reduced coord)
  -2.85349   -2.66490   -1.70762   -1.70609   -1.70552   -1.52280   -1.52149   -1.52066
  -0.75906   -0.75798   -0.75494   -0.75389   -0.13486   -0.13260   -0.12264   -0.12254
  -0.11249   -0.10337   -0.09412   -0.09172   -0.06909   -0.06284   -0.05063   -0.05040
   0.01472    0.01643    0.02566    0.04940    0.07211    0.25983    0.26080    0.26869
   0.28747    0.30766    0.36069    0.37236    0.42957    0.46029    0.52462    0.52957
   0.55086    0.56111    0.58329    0.59479    0.62345    0.63328    0.75745    0.79483
 kpt# 603, nband= 48, wtk=  1.00000, kpt=  0.0000  0.5000  0.4167 (reduced coord)
  -2.85349   -2.66489   -1.70762   -1.70612   -1.70551   -1.52280   -1.52152   -1.52066
  -0.75879   -0.75767   -0.75513   -0.75402   -0.13596   -0.13340   -0.12185   -0.12174
  -0.11256   -0.10338   -0.09445   -0.09139   -0.06896   -0.06323   -0.05070   -0.05059
   0.01432    0.01615    0.02590    0.04899    0.07221    0.25954    0.26056    0.26924
   0.28815    0.30788    0.36570    0.37754    0.42341    0.45496    0.52724    0.53248
   0.55345    0.56426    0.57864    0.59024    0.62070    0.63071    0.75718    0.79592
 kpt# 604, nband= 48, wtk=  1.00000, kpt=  0.0000  0.5000  0.4333 (reduced coord)
  -2.85349   -2.66489   -1.70762   -1.70614   -1.70551   -1.52279   -1.52155   -1.52066
  -0.75855   -0.75736   -0.75533   -0.75414   -0.13688   -0.13409   -0.12117   -0.12094
  -0.11265   -0.10363   -0.09457   -0.09106   -0.06889   -0.06362   -0.05095   -0.05053
   0.01396    0.01592    0.02609    0.04867    0.07229    0.25931    0.26036    0.26971
   0.28872    0.30806    0.37088    0.38248    0.41725    0.44977    0.52960    0.53565
   0.55631    0.56549    0.57588    0.58598    0.61811    0.62817    0.75706    0.79691
 kpt# 605, nband= 48, wtk=  1.00000, kpt=  0.0000  0.5000  0.4500 (reduced coord)
  -2.85348   -2.66489   -1.70761   -1.70615   -1.70551   -1.52279   -1.52157   -1.52066
  -0.75835   -0.75707   -0.75555   -0.75424   -0.13761   -0.13465   -0.12060   -0.12019
  -0.11275   -0.10403   -0.09454   -0.09076   -0.06888   -0.06397   -0.05113   -0.05047
   0.01365    0.01575    0.02625    0.04843    0.07236    0.25912    0.26020    0.27007
   0.28918    0.30819    0.37621    0.38699    0.41112    0.44501    0.53158    0.53905
   0.55933    0.56342    0.57623    0.58202    0.61583    0.62580    0.75704    0.79774
 kpt# 606, nband= 48, wtk=  1.00000, kpt=  0.0000  0.5000  0.4667 (reduced coord)
  -2.85348   -2.66489   -1.70761   -1.70616   -1.70551   -1.52278   -1.52159   -1.52065
  -0.75821   -0.75679   -0.75577   -0.75433   -0.13814   -0.13506   -0.12018   -0.11958
  -0.11283   -0.10444   -0.09444   -0.09052   -0.06889   -0.06425   -0.05126   -0.05041
   0.01343    0.01563    0.02636    0.04827    0.07241    0.25899    0.26009    0.27033
   0.28951    0.30829    0.38168    0.39077    0.40505    0.44102    0.53309    0.54261
   0.55967    0.56236    0.57791    0.57842    0.61403    0.62384    0.75705    0.79837
 kpt# 607, nband= 48, wtk=  1.00000, kpt=  0.0000  0.5000  0.4833 (reduced coord)
  -2.85348   -2.66489   -1.70761   -1.70617   -1.70551   -1.52278   -1.52160   -1.52065
  -0.75811   -0.75652   -0.75601   -0.75438   -0.13846   -0.13531   -0.11992   -0.11917
  -0.11290   -0.10475   -0.09436   -0.09037   -0.06890   -0.06442   -0.05134   -0.05038
   0.01329    0.01555    0.02643    0.04817    0.07243    0.25890    0.26002    0.27049
   0.28971    0.30835    0.38725    0.39337    0.39912    0.43828    0.53403    0.54619
   0.55574    0.56509    0.57539    0.57929    0.61287    0.62252    0.75708    0.79884
 kpt# 608, nband= 48, wtk=  1.00000, kpt=  0.0000  0.5000  0.5000 (reduced coord)
  -2.85348   -2.66489   -1.70761   -1.70617   -1.70551   -1.52278   -1.52160   -1.52065
  -0.75808   -0.75631   -0.75621   -0.75440   -0.13856   -0.13539   -0.11983   -0.11903
  -0.11292   -0.10487   -0.09432   -0.09031   -0.06891   -0.06448   -0.05136   -0.05036
   0.01324    0.01553    0.02645    0.04813    0.07244    0.25888    0.26000    0.27054
   0.28977    0.30837    0.39199    0.39425    0.39431    0.43729    0.53435    0.54851
   0.55328    0.56645    0.57394    0.57981    0.61246    0.62204    0.75709    0.79889
 kpt# 609, nband= 48, wtk=  1.00000, kpt=  0.5000  0.5000  0.0000 (reduced coord)
  -2.85352   -2.66494   -1.70774   -1.70556   -1.70537   -1.52300   -1.52072   -1.52045
  -0.76423   -0.76226   -0.75461   -0.75296   -0.15644   -0.14776   -0.12099   -0.09389
  -0.09116   -0.09097   -0.07625   -0.07245   -0.07168   -0.06112   -0.06027   -0.05529
   0.00926    0.01639    0.02992    0.05154    0.07338    0.24878    0.26404    0.26979
   0.27081    0.30546    0.34095    0.34239    0.35016    0.36457    0.58622    0.58778
   0.60441    0.60793    0.66204    0.66688    0.69890    0.71604    0.73204    0.75047
 kpt# 610, nband= 48, wtk=  1.00000, kpt=  0.5000  0.5000  0.0167 (reduced coord)
  -2.85352   -2.66494   -1.70774   -1.70556   -1.70537   -1.52300   -1.52072   -1.52045
  -0.76421   -0.76225   -0.75461   -0.75296   -0.15641   -0.14774   -0.12109   -0.09489
  -0.09098   -0.09001   -0.07644   -0.07255   -0.07165   -0.06119   -0.06029   -0.05528
   0.00934    0.01642    0.02988    0.05158    0.07329    0.24887    0.26414    0.26977
   0.27077    0.30529    0.34113    0.34248    0.35042    0.36464    0.58602    0.58793
   0.60402    0.60807    0.65649    0.67047    0.69826    0.71831    0.73196    0.75059
 kpt# 611, nband= 48, wtk=  1.00000, kpt=  0.5000  0.5000  0.0333 (reduced coord)
  -2.85352   -2.66494   -1.70774   -1.70556   -1.70538   -1.52300   -1.52072   -1.52046
  -0.76417   -0.76221   -0.75461   -0.75296   -0.15629   -0.14768   -0.12139   -0.09665
  -0.09045   -0.08832   -0.07697   -0.07280   -0.07155   -0.06139   -0.06033   -0.05523
   0.00957    0.01649    0.02978    0.05171    0.07306    0.24915    0.26445    0.26969
   0.27068    0.30483    0.34167    0.34278    0.35119    0.36488    0.58542    0.58837
   0.60287    0.60851    0.64830    0.67178    0.69905    0.72344    0.73173    0.75096
 kpt# 612, nband= 48, wtk=  1.00000, kpt=  0.5000  0.5000  0.0500 (reduced coord)
  -2.85352   -2.66494   -1.70774   -1.70556   -1.70539   -1.52300   -1.52072   -1.52047
  -0.76410   -0.76214   -0.75462   -0.75296   -0.15611   -0.14758   -0.12185   -0.09855
  -0.08959   -0.08655   -0.07784   -0.07322   -0.07139   -0.06173   -0.06039   -0.05517
   0.00994    0.01661    0.02960    0.05193    0.07267    0.24960    0.26497    0.26956
   0.27051    0.30409    0.34255    0.34326    0.35243    0.36528    0.58440    0.58910
   0.60098    0.60926    0.63957    0.66845    0.70338    0.72958    0.73133    0.75154
 kpt# 613, nband= 48, wtk=  1.00000, kpt=  0.5000  0.5000  0.0667 (reduced coord)
  -2.85352   -2.66494   -1.70773   -1.70556   -1.70540   -1.52299   -1.52072   -1.52050
  -0.76400   -0.76205   -0.75463   -0.75296   -0.15585   -0.14745   -0.12243   -0.10047
  -0.08846   -0.08481   -0.07902   -0.07379   -0.07116   -0.06220   -0.06045   -0.05507
   0.01043    0.01677    0.02936    0.05224    0.07213    0.25020    0.26570    0.26938
   0.27029    0.30314    0.34378    0.34393    0.35409    0.36586    0.58293    0.59010
   0.59840    0.61035    0.63060    0.66235    0.70983    0.73079    0.73598    0.75244
 kpt# 614, nband= 48, wtk=  1.00000, kpt=  0.5000  0.5000  0.0833 (reduced coord)
  -2.85352   -2.66494   -1.70773   -1.70556   -1.70542   -1.52299   -1.52072   -1.52052
  -0.76388   -0.76194   -0.75465   -0.75297   -0.15552   -0.14729   -0.12311   -0.10240
  -0.08709   -0.08315   -0.08048   -0.07450   -0.07086   -0.06279   -0.06052   -0.05494
   0.01100    0.01698    0.02906    0.05263    0.07147    0.25095    0.26663    0.26915
   0.27001    0.30204    0.34476    0.34533    0.35609    0.36662    0.58099    0.59135
   0.59522    0.61178    0.62153    0.65500    0.71702    0.73010    0.74236    0.75432
 kpt# 615, nband= 48, wtk=  1.00000, kpt=  0.5000  0.5000  0.1000 (reduced coord)
  -2.85352   -2.66494   -1.70773   -1.70556   -1.70544   -1.52298   -1.52072   -1.52056
  -0.76373   -0.76180   -0.75467   -0.75297   -0.15514   -0.14710   -0.12383   -0.10430
  -0.08553   -0.08218   -0.08160   -0.07534   -0.07050   -0.06350   -0.06055   -0.05479
   0.01163    0.01723    0.02869    0.05311    0.07068    0.25182    0.26775    0.26888
   0.26967    0.30083    0.34576    0.34720    0.35840    0.36759    0.57857    0.59102
   0.59331    0.61242    0.61358    0.64706    0.72438    0.72928    0.74860    0.75488
 kpt# 616, nband= 48, wtk=  1.00000, kpt=  0.5000  0.5000  0.1167 (reduced coord)
  -2.85352   -2.66494   -1.70772   -1.70555   -1.70547   -1.52297   -1.52072   -1.52059
  -0.76356   -0.76164   -0.75469   -0.75298   -0.15470   -0.14689   -0.12457   -0.10617
  -0.08407   -0.08383   -0.08019   -0.07628   -0.07009   -0.06432   -0.06054   -0.05462
   0.01229    0.01752    0.02826    0.05367    0.06979    0.25279    0.26856    0.26907
   0.26928    0.29957    0.34689    0.34937    0.36094    0.36877    0.57567    0.58684
   0.59501    0.60333    0.61573    0.63882    0.72833    0.73163    0.75484    0.75656
 kpt# 617, nband= 48, wtk=  1.00000, kpt=  0.5000  0.5000  0.1333 (reduced coord)
  -2.85352   -2.66493   -1.70772   -1.70555   -1.70550   -1.52296   -1.52071   -1.52064
  -0.76337   -0.76146   -0.75472   -0.75298   -0.15421   -0.14667   -0.12530   -0.10799
  -0.08613   -0.08204   -0.07896   -0.07730   -0.06962   -0.06523   -0.06046   -0.05443
   0.01295    0.01784    0.02777    0.05431    0.06881    0.25384    0.26821    0.26885
   0.27056    0.29830    0.34814    0.35182    0.36369    0.37018    0.57232    0.58205
   0.59430    0.59712    0.61822    0.63042    0.72726    0.73867    0.75848    0.76068
 kpt# 618, nband= 48, wtk=  1.00000, kpt=  0.5000  0.5000  0.1500 (reduced coord)
  -2.85352   -2.66493   -1.70771   -1.70555   -1.70553   -1.52296   -1.52071   -1.52068
  -0.76316   -0.76126   -0.75474   -0.75299   -0.15369   -0.14645   -0.12599   -0.10978
  -0.08830   -0.08023   -0.07838   -0.07792   -0.06910   -0.06620   -0.06028   -0.05422
   0.01357    0.01820    0.02722    0.05502    0.06775    0.25494    0.26781    0.26838
   0.27221    0.29704    0.34949    0.35453    0.36659    0.37184    0.56853    0.57686
   0.58536    0.59952    0.62103    0.62194    0.72610    0.74540    0.76030    0.76115
 kpt# 619, nband= 48, wtk=  1.00000, kpt=  0.5000  0.5000  0.1667 (reduced coord)
  -2.85351   -2.66493   -1.70771   -1.70557   -1.70555   -1.52295   -1.52074   -1.52071
  -0.76293   -0.76105   -0.75477   -0.75300   -0.15314   -0.14623   -0.12662   -0.11150
  -0.09054   -0.07950   -0.07847   -0.07711   -0.06853   -0.06717   -0.05998   -0.05399
   0.01414    0.01859    0.02663    0.05580    0.06664    0.25607    0.26739    0.26788
   0.27400    0.29584    0.35094    0.35749    0.36961    0.37377    0.56434    0.57135
   0.57654    0.60218    0.61345    0.62416    0.72485    0.75179    0.75945    0.76315
 kpt# 620, nband= 48, wtk=  1.00000, kpt=  0.5000  0.5000  0.1833 (reduced coord)
  -2.85351   -2.66493   -1.70770   -1.70561   -1.70555   -1.52294   -1.52079   -1.52070
  -0.76269   -0.76082   -0.75480   -0.75300   -0.15258   -0.14602   -0.12718   -0.11316
  -0.09282   -0.08062   -0.07692   -0.07654   -0.06798   -0.06791   -0.05955   -0.05375
   0.01465    0.01900    0.02599    0.05663    0.06549    0.25722    0.26694    0.26736
   0.27591    0.29470    0.35247    0.36066    0.37274    0.37596    0.55978    0.56559
   0.56787    0.60499    0.60509    0.62756    0.72352    0.75782    0.75923    0.76579
 kpt# 621, nband= 48, wtk=  1.00000, kpt=  0.5000  0.5000  0.2000 (reduced coord)
  -2.85351   -2.66492   -1.70770   -1.70564   -1.70554   -1.52292   -1.52085   -1.52070
  -0.76244   -0.76058   -0.75484   -0.75301   -0.15201   -0.14582   -0.12765   -0.11476
  -0.09511   -0.08173   -0.07619   -0.07589   -0.06836   -0.06726   -0.05900   -0.05350
   0.01508    0.01944    0.02531    0.05751    0.06432    0.25837    0.26646    0.26682
   0.27790    0.29365    0.35407    0.36404    0.37595    0.37841    0.55489    0.55936
   0.55963    0.59659    0.60825    0.63123    0.72214    0.75948    0.76346    0.76438
 kpt# 622, nband= 48, wtk=  1.00000, kpt=  0.5000  0.5000  0.2167 (reduced coord)
  -2.85351   -2.66492   -1.70769   -1.70569   -1.70554   -1.52291   -1.52090   -1.52070
  -0.76217   -0.76034   -0.75487   -0.75302   -0.15145   -0.14566   -0.12803   -0.11628
  -0.09736   -0.08280   -0.07605   -0.07574   -0.06795   -0.06657   -0.05833   -0.05324
   0.01542    0.01990    0.02460    0.05843    0.06314    0.25951    0.26597    0.26626
   0.27996    0.29268    0.35576    0.36761    0.37923    0.38112    0.54972    0.55105
   0.55353    0.58828    0.61163    0.63513    0.72072    0.76013    0.76296    0.76878
 kpt# 623, nband= 48, wtk=  1.00000, kpt=  0.5000  0.5000  0.2333 (reduced coord)
  -2.85351   -2.66492   -1.70768   -1.70573   -1.70554   -1.52290   -1.52096   -1.52069
  -0.76191   -0.76008   -0.75491   -0.75303   -0.15092   -0.14552   -0.12831   -0.11773
  -0.09955   -0.08381   -0.07647   -0.07608   -0.06676   -0.06584   -0.05758   -0.05298
   0.01567    0.02037    0.02386    0.05937    0.06197    0.26063    0.26546    0.26570
   0.28204    0.29181    0.35752    0.37134    0.38256    0.38407    0.54294    0.54431
   0.54734    0.58009    0.61523    0.63924    0.71928    0.76117    0.76153    0.77390
 kpt# 624, nband= 48, wtk=  1.00000, kpt=  0.5000  0.5000  0.2500 (reduced coord)
  -2.85350   -2.66492   -1.70767   -1.70577   -1.70554   -1.52289   -1.52102   -1.52069
  -0.76163   -0.75983   -0.75494   -0.75304   -0.15043   -0.14542   -0.12848   -0.11910
  -0.10166   -0.08474   -0.07773   -0.07626   -0.06514   -0.06510   -0.05678   -0.05272
   0.01584    0.02085    0.02309    0.06033    0.06082    0.26173    0.26495    0.26514
   0.28412    0.29104    0.35938    0.37523    0.38593    0.38725    0.53508    0.53870
   0.54111    0.57203    0.61903    0.64352    0.71783    0.76010    0.76257    0.77774
 kpt# 625, nband= 48, wtk=  1.00000, kpt=  0.5000  0.5000  0.2667 (reduced coord)
  -2.85350   -2.66491   -1.70767   -1.70581   -1.70553   -1.52288   -1.52108   -1.52069
  -0.76136   -0.75957   -0.75498   -0.75305   -0.15001   -0.14535   -0.12854   -0.12040
  -0.10367   -0.08558   -0.07927   -0.07656   -0.06434   -0.06336   -0.05596   -0.05247
   0.01592    0.02133    0.02232    0.05970    0.06128    0.26278    0.26444    0.26459
   0.28616    0.29036    0.36133    0.37926    0.38933    0.39062    0.52746    0.53294
   0.53488    0.56411    0.62303    0.64795    0.71638    0.75869    0.76430    0.78039
 kpt# 626, nband= 48, wtk=  1.00000, kpt=  0.5000  0.5000  0.2833 (reduced coord)
  -2.85350   -2.66491   -1.70766   -1.70585   -1.70553   -1.52287   -1.52114   -1.52068
  -0.76109   -0.75932   -0.75501   -0.75305   -0.14966   -0.14530   -0.12850   -0.12161
  -0.10556   -0.08631   -0.08097   -0.07694   -0.06357   -0.06152   -0.05513   -0.05221
   0.01592    0.02154    0.02181    0.05861    0.06222    0.26380    0.26393    0.26405
   0.28814    0.28978    0.36339    0.38341    0.39276    0.39416    0.52013    0.52706
   0.52868    0.55637    0.62721    0.65250    0.71496    0.75731    0.76633    0.78268
 kpt# 627, nband= 48, wtk=  1.00000, kpt=  0.5000  0.5000  0.3000 (reduced coord)
  -2.85350   -2.66491   -1.70766   -1.70589   -1.70553   -1.52286   -1.52120   -1.52068
  -0.76082   -0.75907   -0.75505   -0.75306   -0.14941   -0.14526   -0.12834   -0.12272
  -0.10730   -0.08692   -0.08276   -0.07736   -0.06280   -0.05971   -0.05432   -0.05197
   0.01586    0.02077    0.02229    0.05758    0.06313    0.26343    0.26353    0.26476
   0.28929    0.29003    0.36555    0.38767    0.39621    0.39783    0.51310    0.52109
   0.52255    0.54880    0.63155    0.65713    0.71358    0.75597    0.76860    0.78591
 kpt# 628, nband= 48, wtk=  1.00000, kpt=  0.5000  0.5000  0.3167 (reduced coord)
  -2.85350   -2.66491   -1.70765   -1.70593   -1.70553   -1.52285   -1.52126   -1.52068
  -0.76057   -0.75883   -0.75508   -0.75307   -0.14927   -0.14521   -0.12808   -0.12376
  -0.10890   -0.08742   -0.08460   -0.07782   -0.06204   -0.05794   -0.05355   -0.05174
   0.01574    0.02000    0.02276    0.05661    0.06402    0.26294    0.26303    0.26568
   0.28888    0.29180    0.36782    0.39204    0.39967    0.40160    0.50641    0.51508
   0.51652    0.54144    0.63603    0.66179    0.71225    0.75469    0.77107    0.78499
 kpt# 629, nband= 48, wtk=  1.00000, kpt=  0.5000  0.5000  0.3333 (reduced coord)
  -2.85349   -2.66490   -1.70764   -1.70597   -1.70552   -1.52284   -1.52131   -1.52067
  -0.76032   -0.75860   -0.75511   -0.75308   -0.14925   -0.14515   -0.12774   -0.12471
  -0.11034   -0.08781   -0.08646   -0.07830   -0.06129   -0.05627   -0.05283   -0.05153
   0.01557    0.01926    0.02321    0.05569    0.06486    0.26248    0.26256    0.26654
   0.28855    0.29345    0.37017    0.39650    0.40314    0.40542    0.50010    0.50905
   0.51062    0.53428    0.64062    0.66644    0.71100    0.75349    0.77368    0.78446
 kpt# 630, nband= 48, wtk=  1.00000, kpt=  0.5000  0.5000  0.3500 (reduced coord)
  -2.85349   -2.66490   -1.70764   -1.70600   -1.70552   -1.52283   -1.52136   -1.52067
  -0.76009   -0.75838   -0.75514   -0.75309   -0.14933   -0.14507   -0.12730   -0.12557
  -0.11162   -0.08831   -0.08809   -0.07877   -0.06057   -0.05469   -0.05216   -0.05133
   0.01537    0.01856    0.02363    0.05485    0.06564    0.26204    0.26213    0.26733
   0.28828    0.29495    0.37261    0.40105    0.40661    0.40926    0.49422    0.50303
   0.50489    0.52734    0.64529    0.67104    0.70982    0.75236    0.77639    0.78223
 kpt# 631, nband= 48, wtk=  1.00000, kpt=  0.5000  0.5000  0.3667 (reduced coord)
  -2.85349   -2.66490   -1.70763   -1.70604   -1.70552   -1.52282   -1.52141   -1.52067
  -0.75988   -0.75818   -0.75517   -0.75309   -0.14951   -0.14499   -0.12679   -0.12634
  -0.11275   -0.09013   -0.08828   -0.07922   -0.05988   -0.05324   -0.05156   -0.05116
   0.01514    0.01789    0.02403    0.05408    0.06636    0.26163    0.26173    0.26806
   0.28807    0.29630    0.37509    0.40566    0.41005    0.41303    0.48884    0.49705
   0.49936    0.52064    0.65000    0.67552    0.70873    0.75133    0.77855    0.77917
 kpt# 632, nband= 48, wtk=  1.00000, kpt=  0.5000  0.5000  0.3833 (reduced coord)
  -2.85349   -2.66490   -1.70763   -1.70607   -1.70552   -1.52281   -1.52145   -1.52066
  -0.75968   -0.75800   -0.75519   -0.75310   -0.14974   -0.14490   -0.12702   -0.12623
  -0.11372   -0.09188   -0.08840   -0.07965   -0.05923   -0.05192   -0.05102   -0.05101
   0.01490    0.01727    0.02439    0.05339    0.06701    0.26126    0.26137    0.26871
   0.28791    0.29748    0.37759    0.41033    0.41345    0.41668    0.48404    0.49115
   0.49407    0.51420    0.65470    0.67982    0.70774    0.75040    0.77414    0.78182
 kpt# 633, nband= 48, wtk=  1.00000, kpt=  0.5000  0.5000  0.4000 (reduced coord)
  -2.85349   -2.66490   -1.70762   -1.70609   -1.70552   -1.52280   -1.52149   -1.52066
  -0.75951   -0.75783   -0.75521   -0.75310   -0.15001   -0.14483   -0.12761   -0.12562
  -0.11454   -0.09353   -0.08845   -0.08003   -0.05864   -0.05088   -0.05075   -0.05056
   0.01467    0.01671    0.02472    0.05279    0.06759    0.26093    0.26105    0.26929
   0.28780    0.29851    0.38004    0.41503    0.41678    0.42011    0.47994    0.48534
   0.48908    0.50803    0.65931    0.68386    0.70687    0.74958    0.76929    0.78453
 kpt# 634, nband= 48, wtk=  1.00000, kpt=  0.5000  0.5000  0.4167 (reduced coord)
  -2.85349   -2.66489   -1.70762   -1.70612   -1.70551   -1.52280   -1.52152   -1.52066
  -0.75935   -0.75769   -0.75523   -0.75311   -0.15028   -0.14477   -0.12811   -0.12501
  -0.11521   -0.09504   -0.08845   -0.08037   -0.05812   -0.05078   -0.05016   -0.04974
   0.01445    0.01622    0.02501    0.05227    0.06809    0.26065    0.26078    0.26978
   0.28772    0.29937    0.38238    0.41974    0.41997    0.42319    0.47667    0.47969
   0.48445    0.50218    0.66372    0.68754    0.70612    0.74887    0.76430    0.78692
 kpt# 635, nband= 48, wtk=  1.00000, kpt=  0.5000  0.5000  0.4333 (reduced coord)
  -2.85348   -2.66489   -1.70762   -1.70614   -1.70551   -1.52279   -1.52155   -1.52066
  -0.75923   -0.75758   -0.75525   -0.75311   -0.15053   -0.14472   -0.12851   -0.12442
  -0.11575   -0.09638   -0.08843   -0.08066   -0.05767   -0.05070   -0.04983   -0.04890
   0.01425    0.01581    0.02525    0.05185    0.06850    0.26041    0.26055    0.27020
   0.28766    0.30008    0.38453    0.42295    0.42439    0.42581    0.47425    0.47440
   0.48028    0.49670    0.66781    0.69077    0.70549    0.74829    0.75956    0.78920
 kpt# 636, nband= 48, wtk=  1.00000, kpt=  0.5000  0.5000  0.4500 (reduced coord)
  -2.85348   -2.66489   -1.70761   -1.70615   -1.70551   -1.52279   -1.52157   -1.52066
  -0.75913   -0.75748   -0.75526   -0.75312   -0.15075   -0.14469   -0.12883   -0.12389
  -0.11615   -0.09750   -0.08840   -0.08089   -0.05731   -0.05064   -0.04957   -0.04823
   0.01409    0.01548    0.02544    0.05151    0.06883    0.26022    0.26037    0.27052
   0.28762    0.30062    0.38637    0.42559    0.42784    0.42887    0.46915    0.47325
   0.47670    0.49166    0.67137    0.69344    0.70500    0.74783    0.75536    0.79113
 kpt# 637, nband= 48, wtk=  1.00000, kpt=  0.5000  0.5000  0.4667 (reduced coord)
  -2.85348   -2.66489   -1.70761   -1.70616   -1.70551   -1.52278   -1.52159   -1.52066
  -0.75906   -0.75742   -0.75527   -0.75312   -0.15091   -0.14467   -0.12906   -0.12347
  -0.11644   -0.09834   -0.08836   -0.08105   -0.05704   -0.05060   -0.04939   -0.04775
   0.01397    0.01524    0.02558    0.05127    0.06907    0.26008    0.26024    0.27075
   0.28760    0.30101    0.38780    0.42771    0.42923    0.43294    0.46463    0.47320
   0.47390    0.48723    0.67419    0.69545    0.70465    0.74750    0.75204    0.79276
 kpt# 638, nband= 48, wtk=  1.00000, kpt=  0.5000  0.5000  0.4833 (reduced coord)
  -2.85348   -2.66489   -1.70761   -1.70617   -1.70551   -1.52278   -1.52160   -1.52065
  -0.75901   -0.75738   -0.75528   -0.75312   -0.15101   -0.14465   -0.12919   -0.12320
  -0.11661   -0.09886   -0.08834   -0.08115   -0.05688   -0.05057   -0.04928   -0.04747
   0.01389    0.01510    0.02566    0.05112    0.06921    0.26000    0.26017    0.27089
   0.28759    0.30124    0.38872    0.42912    0.43001    0.43607    0.46123    0.47208
   0.47397    0.48377    0.67602    0.69669    0.70443    0.74730    0.74989    0.79433
 kpt# 639, nband= 48, wtk=  1.00000, kpt=  0.5000  0.5000  0.5000 (reduced coord)
  -2.85348   -2.66489   -1.70761   -1.70617   -1.70551   -1.52278   -1.52160   -1.52065
  -0.75900   -0.75736   -0.75528   -0.75312   -0.15105   -0.14465   -0.12924   -0.12311
  -0.11667   -0.09904   -0.08833   -0.08119   -0.05682   -0.05057   -0.04925   -0.04737
   0.01387    0.01505    0.02569    0.05107    0.06925    0.25997    0.26014    0.27094
   0.28758    0.30131    0.38903    0.42962    0.43026    0.43732    0.45989    0.47145
   0.47457    0.48229    0.67666    0.69711    0.70436    0.74723    0.74914    0.79477
 Eigenvalues (hartree) for nkpt= 639  k points, SPIN DOWN:
 kpt#   1, nband= 48, wtk=  1.00000, kpt=  0.0000  0.0000  0.0000 (reduced coord)
  -2.85353   -2.66494   -1.70774   -1.70557   -1.70537   -1.52299   -1.52072   -1.52044
  -0.77358   -0.75464   -0.75351   -0.75184   -0.16675   -0.13556   -0.11980   -0.11549
  -0.09255   -0.09195   -0.09046   -0.08927   -0.05803   -0.04356   -0.04310   -0.03230
   0.00918    0.01598    0.02452    0.05971    0.07348    0.18941    0.24740    0.26950
   0.27105    0.30281    0.30522    0.37685    0.39425    0.45341    0.49258    0.55509
   0.58098    0.59848    0.60890    0.64362    0.70514    0.72908    0.85830    0.86036
 kpt#   2, nband= 48, wtk=  1.00000, kpt=  0.0000  0.0167  0.0000 (reduced coord)
  -2.85353   -2.66494   -1.70774   -1.70557   -1.70537   -1.52299   -1.52072   -1.52044
  -0.77357   -0.75466   -0.75350   -0.75184   -0.16671   -0.13556   -0.11981   -0.11547
  -0.09257   -0.09195   -0.09045   -0.08926   -0.05805   -0.04362   -0.04315   -0.03232
   0.00919    0.01599    0.02453    0.05974    0.07348    0.18953    0.24741    0.26950
   0.27105    0.30279    0.30522    0.37675    0.39416    0.45354    0.49273    0.55486
   0.58020    0.59931    0.60915    0.64366    0.70514    0.72912    0.85881    0.86259
 kpt#   3, nband= 48, wtk=  1.00000, kpt=  0.0000  0.0333  0.0000 (reduced coord)
  -2.85353   -2.66494   -1.70774   -1.70557   -1.70537   -1.52299   -1.52072   -1.52044
  -0.77354   -0.75473   -0.75348   -0.75185   -0.16659   -0.13554   -0.11981   -0.11540
  -0.09266   -0.09192   -0.09041   -0.08922   -0.05813   -0.04383   -0.04327   -0.03238
   0.00921    0.01600    0.02455    0.05984    0.07350    0.18990    0.24743    0.26949
   0.27103    0.30275    0.30521    0.37645    0.39390    0.45391    0.49317    0.55416
   0.57823    0.60140    0.60995    0.64377    0.70515    0.72924    0.85574    0.85795
 kpt#   4, nband= 48, wtk=  1.00000, kpt=  0.0000  0.0500  0.0000 (reduced coord)
  -2.85353   -2.66494   -1.70774   -1.70557   -1.70537   -1.52299   -1.52072   -1.52044
  -0.77348   -0.75483   -0.75344   -0.75185   -0.16640   -0.13552   -0.11982   -0.11529
  -0.09280   -0.09189   -0.09035   -0.08915   -0.05826   -0.04422   -0.04343   -0.03247
   0.00924    0.01603    0.02458    0.06000    0.07352    0.19051    0.24746    0.26948
   0.27101    0.30268    0.30520    0.37589    0.39355    0.45448    0.49391    0.55304
   0.57563    0.60402    0.61140    0.64396    0.70517    0.72944    0.85119    0.85680
 kpt#   5, nband= 48, wtk=  1.00000, kpt=  0.0000  0.0667  0.0000 (reduced coord)
  -2.85353   -2.66494   -1.70774   -1.70557   -1.70537   -1.52299   -1.52072   -1.52044
  -0.77339   -0.75497   -0.75339   -0.75185   -0.16614   -0.13550   -0.11984   -0.11513
  -0.09301   -0.09184   -0.09026   -0.08906   -0.05844   -0.04481   -0.04360   -0.03261
   0.00929    0.01606    0.02462    0.06021    0.07355    0.19136    0.24750    0.26946
   0.27098    0.30258    0.30519    0.37501    0.39321    0.45520    0.49496    0.55154
   0.57276    0.60661    0.61367    0.64422    0.70520    0.72971    0.84583    0.85602
 kpt#   6, nband= 48, wtk=  1.00000, kpt=  0.0000  0.0833  0.0000 (reduced coord)
  -2.85353   -2.66494   -1.70774   -1.70557   -1.70537   -1.52299   -1.52072   -1.52044
  -0.77329   -0.75513   -0.75334   -0.75186   -0.16580   -0.13546   -0.11986   -0.11492
  -0.09329   -0.09178   -0.09013   -0.08894   -0.05867   -0.04556   -0.04381   -0.03278
   0.00934    0.01611    0.02467    0.06049    0.07359    0.19245    0.24756    0.26944
   0.27095    0.30246    0.30517    0.37375    0.39301    0.45601    0.49633    0.54973
   0.56980    0.60890    0.61678    0.64455    0.70523    0.73007    0.83995    0.85920
 kpt#   7, nband= 48, wtk=  1.00000, kpt=  0.0000  0.1000  0.0000 (reduced coord)
  -2.85353   -2.66494   -1.70774   -1.70557   -1.70537   -1.52299   -1.52072   -1.52044
  -0.77316   -0.75532   -0.75328   -0.75186   -0.16538   -0.13542   -0.11988   -0.11467
  -0.09364   -0.09172   -0.08997   -0.08878   -0.05895   -0.04648   -0.04403   -0.03300
   0.00941    0.01616    0.02473    0.06081    0.07363    0.19376    0.24763    0.26942
   0.27090    0.30231    0.30515    0.37207    0.39302    0.45684    0.49802    0.54766
   0.56682    0.61097    0.62051    0.64494    0.70528    0.73051    0.83398    0.85879
 kpt#   8, nband= 48, wtk=  1.00000, kpt=  0.0000  0.1167  0.0000 (reduced coord)
  -2.85353   -2.66494   -1.70774   -1.70557   -1.70537   -1.52299   -1.52072   -1.52044
  -0.77301   -0.75553   -0.75323   -0.75187   -0.16490   -0.13537   -0.11991   -0.11436
  -0.09405   -0.09164   -0.08978   -0.08860   -0.05927   -0.04755   -0.04429   -0.03325
   0.00949    0.01623    0.02480    0.06119    0.07368    0.19530    0.24771    0.26938
   0.27085    0.30214    0.30512    0.36997    0.39331    0.45764    0.50003    0.54541
   0.56386    0.61298    0.62458    0.64540    0.70532    0.73103    0.82772    0.85599
 kpt#   9, nband= 48, wtk=  1.00000, kpt=  0.0000  0.1333  0.0000 (reduced coord)
  -2.85353   -2.66494   -1.70774   -1.70557   -1.70537   -1.52299   -1.52072   -1.52044
  -0.77283   -0.75576   -0.75318   -0.75188   -0.16435   -0.13532   -0.11994   -0.11401
  -0.09453   -0.09157   -0.08955   -0.08838   -0.05964   -0.04875   -0.04457   -0.03353
   0.00957    0.01629    0.02487    0.06161    0.07374    0.19704    0.24780    0.26935
   0.27080    0.30194    0.30509    0.36749    0.39386    0.45838    0.50235    0.54304
   0.56092    0.61503    0.62882    0.64591    0.70537    0.73163    0.82139    0.84893
 kpt#  10, nband= 48, wtk=  1.00000, kpt=  0.0000  0.1500  0.0000 (reduced coord)
  -2.85353   -2.66494   -1.70774   -1.70557   -1.70537   -1.52299   -1.52072   -1.52044
  -0.77264   -0.75601   -0.75314   -0.75188   -0.16373   -0.13527   -0.11997   -0.11362
  -0.09506   -0.09149   -0.08930   -0.08813   -0.06006   -0.05008   -0.04486   -0.03386
   0.00966    0.01637    0.02495    0.06207    0.07380    0.19900    0.24790    0.26931
   0.27073    0.30173    0.30506    0.36468    0.39468    0.45901    0.50496    0.54061
   0.55801    0.61715    0.63310    0.64648    0.70543    0.73231    0.81514    0.84243
 kpt#  11, nband= 48, wtk=  1.00000, kpt=  0.0000  0.1667  0.0000 (reduced coord)
  -2.85353   -2.66494   -1.70774   -1.70557   -1.70537   -1.52299   -1.52072   -1.52044
  -0.77242   -0.75628   -0.75309   -0.75189   -0.16306   -0.13521   -0.12001   -0.11317
  -0.09566   -0.09141   -0.08902   -0.08785   -0.06052   -0.05152   -0.04517   -0.03422
   0.00976    0.01645    0.02504    0.06256    0.07387    0.20114    0.24801    0.26927
   0.27067    0.30150    0.30503    0.36159    0.39573    0.45952    0.50783    0.53816
   0.55516    0.61937    0.63734    0.64711    0.70549    0.73308    0.80894    0.83344
 kpt#  12, nband= 48, wtk=  1.00000, kpt=  0.0000  0.1833  0.0000 (reduced coord)
  -2.85353   -2.66494   -1.70774   -1.70557   -1.70537   -1.52299   -1.52072   -1.52044
  -0.77218   -0.75657   -0.75305   -0.75190   -0.16232   -0.13515   -0.12005   -0.11267
  -0.09630   -0.09132   -0.08872   -0.08753   -0.06101   -0.05306   -0.04547   -0.03461
   0.00987    0.01654    0.02512    0.06307    0.07394    0.20348    0.24813    0.26923
   0.27060    0.30125    0.30500    0.35827    0.39700    0.45989    0.51090    0.53575
   0.55237    0.62168    0.64145    0.64777    0.70555    0.73393    0.80258    0.82590
 kpt#  13, nband= 48, wtk=  1.00000, kpt=  0.0000  0.2000  0.0000 (reduced coord)
  -2.85353   -2.66494   -1.70774   -1.70557   -1.70537   -1.52299   -1.52072   -1.52044
  -0.77192   -0.75688   -0.75302   -0.75191   -0.16152   -0.13509   -0.12009   -0.11213
  -0.09699   -0.09125   -0.08841   -0.08718   -0.06155   -0.05469   -0.04578   -0.03504
   0.00997    0.01662    0.02521    0.06361    0.07402    0.20598    0.24826    0.26918
   0.27052    0.30098    0.30496    0.35477    0.39845    0.46014    0.51407    0.53344
   0.54969    0.62410    0.64535    0.64847    0.70561    0.73488    0.79644    0.81783
 kpt#  14, nband= 48, wtk=  1.00000, kpt=  0.0000  0.2167  0.0000 (reduced coord)
  -2.85353   -2.66494   -1.70774   -1.70557   -1.70537   -1.52299   -1.52072   -1.52044
  -0.77164   -0.75721   -0.75298   -0.75192   -0.16068   -0.13502   -0.12013   -0.11154
  -0.09772   -0.09117   -0.08809   -0.08680   -0.06211   -0.05639   -0.04609   -0.03549
   0.01008    0.01671    0.02530    0.06416    0.07410    0.20865    0.24839    0.26913
   0.27044    0.30070    0.30492    0.35113    0.40008    0.46025    0.51718    0.53132
   0.54720    0.62662    0.64893    0.64921    0.70567    0.73591    0.79037    0.81118
 kpt#  15, nband= 48, wtk=  1.00000, kpt=  0.0000  0.2333  0.0000 (reduced coord)
  -2.85353   -2.66494   -1.70774   -1.70557   -1.70537   -1.52299   -1.52072   -1.52044
  -0.77135   -0.75755   -0.75295   -0.75193   -0.15979   -0.13496   -0.12017   -0.11091
  -0.09848   -0.09109   -0.08776   -0.08639   -0.06271   -0.05815   -0.04637   -0.03597
   0.01019    0.01681    0.02538    0.06471    0.07418    0.21146    0.24854    0.26908
   0.27036    0.30040    0.30488    0.34738    0.40186    0.46023    0.51988    0.52959
   0.54506    0.62923    0.64996    0.65210    0.70574    0.73703    0.78433    0.80502
 kpt#  16, nband= 48, wtk=  1.00000, kpt=  0.0000  0.2500  0.0000 (reduced coord)
  -2.85353   -2.66494   -1.70774   -1.70557   -1.70537   -1.52299   -1.52072   -1.52044
  -0.77103   -0.75791   -0.75292   -0.75194   -0.15887   -0.13490   -0.12021   -0.11024
  -0.09926   -0.09102   -0.08744   -0.08594   -0.06333   -0.05996   -0.04664   -0.03649
   0.01029    0.01690    0.02547    0.06527    0.07426    0.21442    0.24870    0.26903
   0.27028    0.30007    0.30484    0.34354    0.40377    0.46008    0.52141    0.52872
   0.54357    0.63193    0.65073    0.65475    0.70581    0.73825    0.77829    0.79988
 kpt#  17, nband= 48, wtk=  1.00000, kpt=  0.0000  0.2667  0.0000 (reduced coord)
  -2.85353   -2.66494   -1.70774   -1.70557   -1.70537   -1.52299   -1.52072   -1.52044
  -0.77070   -0.75828   -0.75289   -0.75195   -0.15791   -0.13485   -0.12026   -0.10955
  -0.10003   -0.09095   -0.08712   -0.08547   -0.06398   -0.06180   -0.04687   -0.03702
   0.01040    0.01699    0.02555    0.06582    0.07434    0.21749    0.24887    0.26898
   0.27020    0.29973    0.30481    0.33964    0.40581    0.45981    0.52115    0.52875
   0.54330    0.63472    0.65151    0.65679    0.70587    0.73956    0.77221    0.79577
 kpt#  18, nband= 48, wtk=  1.00000, kpt=  0.0000  0.2833  0.0000 (reduced coord)
  -2.85353   -2.66494   -1.70774   -1.70557   -1.70537   -1.52299   -1.52072   -1.52044
  -0.77035   -0.75867   -0.75287   -0.75196   -0.15694   -0.13479   -0.12030   -0.10885
  -0.10078   -0.09088   -0.08682   -0.08497   -0.06465   -0.06366   -0.04708   -0.03758
   0.01050    0.01708    0.02563    0.06636    0.07442    0.22067    0.24906    0.26893
   0.27012    0.29936    0.30477    0.33571    0.40797    0.45940    0.51983    0.52849
   0.54474    0.63757    0.65229    0.65811    0.70593    0.74097    0.76607    0.79267
 kpt#  19, nband= 48, wtk=  1.00000, kpt=  0.0000  0.3000  0.0000 (reduced coord)
  -2.85353   -2.66494   -1.70774   -1.70557   -1.70537   -1.52299   -1.52072   -1.52044
  -0.76998   -0.75907   -0.75284   -0.75197   -0.15594   -0.13474   -0.12034   -0.10819
  -0.10145   -0.09082   -0.08654   -0.08445   -0.06553   -0.06534   -0.04725   -0.03816
   0.01060    0.01716    0.02570    0.06688    0.07450    0.22393    0.24928    0.26888
   0.27004    0.29895    0.30473    0.33178    0.41022    0.45886    0.51817    0.52742
   0.54771    0.64045    0.65305    0.65870    0.70599    0.74248    0.75991    0.79086
 kpt#  20, nband= 48, wtk=  1.00000, kpt=  0.0000  0.3167  0.0000 (reduced coord)
  -2.85353   -2.66494   -1.70774   -1.70557   -1.70537   -1.52299   -1.52072   -1.52044
  -0.76960   -0.75948   -0.75282   -0.75198   -0.15494   -0.13470   -0.12038   -0.10762
  -0.10197   -0.09076   -0.08629   -0.08390   -0.06738   -0.06605   -0.04737   -0.03875
   0.01070    0.01725    0.02577    0.06739    0.07458    0.22725    0.24953    0.26883
   0.26997    0.29848    0.30469    0.32788    0.41257    0.45819    0.51643    0.52583
   0.55164    0.64328    0.65380    0.65858    0.70605    0.74409    0.75374    0.79017
 kpt#  21, nband= 48, wtk=  1.00000, kpt=  0.0000  0.3333  0.0000 (reduced coord)
  -2.85353   -2.66494   -1.70774   -1.70557   -1.70537   -1.52299   -1.52072   -1.52044
  -0.76921   -0.75991   -0.75280   -0.75199   -0.15395   -0.13466   -0.12041   -0.10728
  -0.10221   -0.09071   -0.08608   -0.08333   -0.06921   -0.06676   -0.04745   -0.03935
   0.01079    0.01733    0.02584    0.06786    0.07465    0.23060    0.24983    0.26879
   0.26990    0.29794    0.30466    0.32405    0.41499    0.45737    0.51471    0.52407
   0.55612    0.64581    0.65452    0.65799    0.70610    0.74580    0.74762    0.79081
 kpt#  22, nband= 48, wtk=  1.00000, kpt=  0.0000  0.3500  0.0000 (reduced coord)
  -2.85353   -2.66494   -1.70774   -1.70557   -1.70537   -1.52299   -1.52072   -1.52044
  -0.76881   -0.76034   -0.75278   -0.75199   -0.15297   -0.13462   -0.12045   -0.10726
  -0.10206   -0.09066   -0.08593   -0.08275   -0.07099   -0.06748   -0.04748   -0.03996
   0.01087    0.01740    0.02590    0.06831    0.07472    0.23392    0.25023    0.26874
   0.26983    0.29726    0.30463    0.32034    0.41748    0.45641    0.51305    0.52230
   0.56095    0.64741    0.65520    0.65762    0.70615    0.74158    0.74762    0.79405
 kpt#  23, nband= 48, wtk=  1.00000, kpt=  0.0000  0.3667  0.0000 (reduced coord)
  -2.85353   -2.66494   -1.70774   -1.70557   -1.70537   -1.52299   -1.52072   -1.52044
  -0.76839   -0.76078   -0.75277   -0.75200   -0.15203   -0.13459   -0.12048   -0.10756
  -0.10153   -0.09062   -0.08586   -0.08216   -0.07269   -0.06820   -0.04746   -0.04058
   0.01094    0.01746    0.02596    0.06872    0.07478    0.23714    0.25079    0.26870
   0.26976    0.29641    0.30460    0.31684    0.42002    0.45530    0.51148    0.52063
   0.56602    0.64706    0.65583    0.65857    0.70619    0.73565    0.74953    0.79570
 kpt#  24, nband= 48, wtk=  1.00000, kpt=  0.0000  0.3833  0.0000 (reduced coord)
  -2.85353   -2.66494   -1.70774   -1.70557   -1.70537   -1.52299   -1.52072   -1.52044
  -0.76797   -0.76123   -0.75275   -0.75201   -0.15114   -0.13457   -0.12051   -0.10804
  -0.10071   -0.09058   -0.08588   -0.08156   -0.07428   -0.06890   -0.04739   -0.04119
   0.01101    0.01753    0.02601    0.06909    0.07484    0.24010    0.25163    0.26866
   0.26971    0.29529    0.30457    0.31365    0.42260    0.45403    0.51002    0.51911
   0.57127    0.64470    0.65642    0.66098    0.70623    0.72986    0.75154    0.79606
 kpt#  25, nband= 48, wtk=  1.00000, kpt=  0.0000  0.4000  0.0000 (reduced coord)
  -2.85353   -2.66494   -1.70774   -1.70557   -1.70537   -1.52299   -1.52072   -1.52044
  -0.76753   -0.76168   -0.75274   -0.75202   -0.15032   -0.13454   -0.12054   -0.10860
  -0.09973   -0.09054   -0.08605   -0.08097   -0.07571   -0.06960   -0.04727   -0.04179
   0.01107    0.01758    0.02605    0.06942    0.07489    0.24259    0.25294    0.26863
   0.26966    0.29380    0.30455    0.31089    0.42520    0.45260    0.50870    0.51778
   0.57665    0.64115    0.65694    0.66416    0.70627    0.72424    0.75365    0.79158
 kpt#  26, nband= 48, wtk=  1.00000, kpt=  0.0000  0.4167  0.0000 (reduced coord)
  -2.85353   -2.66494   -1.70774   -1.70557   -1.70537   -1.52299   -1.52072   -1.52044
  -0.76710   -0.76213   -0.75273   -0.75202   -0.14957   -0.13453   -0.12056   -0.10915
  -0.09864   -0.09051   -0.08638   -0.08040   -0.07695   -0.07026   -0.04709   -0.04237
   0.01112    0.01762    0.02609    0.06970    0.07493    0.24443    0.25487    0.26860
   0.26961    0.29187    0.30453    0.30867    0.42781    0.45102    0.50752    0.51665
   0.58214    0.63688    0.65739    0.66769    0.70630    0.71881    0.75582    0.78819
 kpt#  27, nband= 48, wtk=  1.00000, kpt=  0.0000  0.4333  0.0000 (reduced coord)
  -2.85353   -2.66494   -1.70774   -1.70557   -1.70537   -1.52299   -1.52072   -1.52044
  -0.76666   -0.76258   -0.75272   -0.75203   -0.14893   -0.13451   -0.12058   -0.10966
  -0.09749   -0.09049   -0.08690   -0.07985   -0.07795   -0.07088   -0.04687   -0.04293
   0.01117    0.01766    0.02612    0.06994    0.07497    0.24562    0.25736    0.26857
   0.26957    0.28954    0.30451    0.30702    0.43040    0.44928    0.50653    0.51572
   0.58769    0.63214    0.65777    0.67139    0.70632    0.71363    0.75805    0.78505
 kpt#  28, nband= 48, wtk=  1.00000, kpt=  0.0000  0.4500  0.0000 (reduced coord)
  -2.85353   -2.66494   -1.70774   -1.70557   -1.70537   -1.52299   -1.52072   -1.52044
  -0.76624   -0.76302   -0.75272   -0.75203   -0.14841   -0.13451   -0.12060   -0.11009
  -0.09634   -0.09047   -0.08761   -0.07936   -0.07868   -0.07143   -0.04662   -0.04345
   0.01120    0.01769    0.02614    0.07012    0.07500    0.24632    0.26015    0.26855
   0.26955    0.28695    0.30450    0.30588    0.43296    0.44741    0.50573    0.51500
   0.59329    0.62709    0.65807    0.67511    0.70634    0.70878    0.76027    0.78173
 kpt#  29, nband= 48, wtk=  1.00000, kpt=  0.0000  0.4667  0.0000 (reduced coord)
  -2.85353   -2.66494   -1.70774   -1.70557   -1.70537   -1.52299   -1.52072   -1.52044
  -0.76584   -0.76343   -0.75271   -0.75203   -0.14803   -0.13450   -0.12061   -0.11041
  -0.09525   -0.09045   -0.08841   -0.07916   -0.07896   -0.07187   -0.04635   -0.04392
   0.01123    0.01771    0.02616    0.07026    0.07502    0.24673    0.26287    0.26853
   0.26952    0.28439    0.30449    0.30515    0.43542    0.44543    0.50515    0.51449
   0.59888    0.62186    0.65829    0.67863    0.70446    0.70636    0.76235    0.77906
 kpt#  30, nband= 48, wtk=  1.00000, kpt=  0.0000  0.4833  0.0000 (reduced coord)
  -2.85353   -2.66494   -1.70775   -1.70557   -1.70537   -1.52299   -1.52072   -1.52044
  -0.76551   -0.76376   -0.75271   -0.75203   -0.14779   -0.13450   -0.12061   -0.11061
  -0.09437   -0.09044   -0.08914   -0.07944   -0.07869   -0.07216   -0.04612   -0.04427
   0.01124    0.01773    0.02617    0.07034    0.07504    0.24694    0.26502    0.26851
   0.26951    0.28233    0.30448    0.30475    0.43767    0.44348    0.50480    0.51419
   0.60430    0.61662    0.65842    0.68148    0.70114    0.70636    0.76400    0.77705
 kpt#  31, nband= 48, wtk=  1.00000, kpt=  0.0000  0.5000  0.0000 (reduced coord)
  -2.85353   -2.66494   -1.70774   -1.70557   -1.70537   -1.52299   -1.52072   -1.52044
  -0.76536   -0.76391   -0.75271   -0.75203   -0.14771   -0.13449   -0.12061   -0.11068
  -0.09400   -0.09044   -0.08946   -0.07952   -0.07859   -0.07226   -0.04601   -0.04441
   0.01124    0.01773    0.02617    0.07037    0.07504    0.24700    0.26590    0.26850
   0.26951    0.28150    0.30448    0.30462    0.43894    0.44230    0.50468    0.51409
   0.60799    0.61300    0.65847    0.68268    0.69979    0.70637    0.76468    0.77626
 kpt#  32, nband= 48, wtk=  1.00000, kpt=  0.0056  0.4944  0.0083 (reduced coord)
  -2.85353   -2.66494   -1.70774   -1.70557   -1.70537   -1.52299   -1.52072   -1.52044
  -0.76537   -0.76389   -0.75271   -0.75204   -0.14769   -0.13453   -0.12060   -0.11065
  -0.09402   -0.09046   -0.08950   -0.07962   -0.07845   -0.07228   -0.04603   -0.04439
   0.01126    0.01774    0.02617    0.07035    0.07501    0.24702    0.26579    0.26850
   0.26950    0.28169    0.30449    0.30463    0.43859    0.44269    0.50468    0.51419
   0.60731    0.61354    0.65809    0.68290    0.69813    0.70808    0.76449    0.77618
 kpt#  33, nband= 48, wtk=  1.00000, kpt=  0.0111  0.4889  0.0167 (reduced coord)
  -2.85353   -2.66494   -1.70774   -1.70557   -1.70538   -1.52299   -1.52072   -1.52044
  -0.76540   -0.76383   -0.75271   -0.75204   -0.14766   -0.13462   -0.12058   -0.11055
  -0.09410   -0.09051   -0.08963   -0.07980   -0.07815   -0.07230   -0.04610   -0.04432
   0.01131    0.01775    0.02615    0.07031    0.07492    0.24705    0.26550    0.26849
   0.26949    0.28225    0.30453    0.30469    0.43780    0.44358    0.50469    0.51448
   0.60578    0.61465    0.65702    0.68339    0.69525    0.71120    0.76396    0.77595
 kpt#  34, nband= 48, wtk=  1.00000, kpt=  0.0167  0.4833  0.0250 (reduced coord)
  -2.85353   -2.66494   -1.70774   -1.70557   -1.70538   -1.52299   -1.52072   -1.52045
  -0.76545   -0.76374   -0.75272   -0.75205   -0.14759   -0.13478   -0.12053   -0.11040
  -0.09422   -0.09060   -0.08982   -0.07998   -0.07779   -0.07233   -0.04619   -0.04422
   0.01139    0.01777    0.02613    0.07024    0.07477    0.24712    0.26506    0.26846
   0.26945    0.28313    0.30458    0.30479    0.43687    0.44466    0.50471    0.51496
   0.60389    0.61583    0.65542    0.68361    0.69285    0.71441    0.76316    0.77557
 kpt#  35, nband= 48, wtk=  1.00000, kpt=  0.0222  0.4778  0.0333 (reduced coord)
  -2.85353   -2.66494   -1.70774   -1.70557   -1.70538   -1.52299   -1.52072   -1.52045
  -0.76551   -0.76363   -0.75272   -0.75205   -0.14750   -0.13498   -0.12048   -0.11020
  -0.09439   -0.09074   -0.09005   -0.08012   -0.07744   -0.07233   -0.04631   -0.04409
   0.01151    0.01779    0.02610    0.07015    0.07457    0.24720    0.26455    0.26843
   0.26940    0.28425    0.30464    0.30497    0.43592    0.44584    0.50476    0.51562
   0.60182    0.61686    0.65343    0.68268    0.69192    0.71735    0.76221    0.77506
 kpt#  36, nband= 48, wtk=  1.00000, kpt=  0.0278  0.4722  0.0417 (reduced coord)
  -2.85353   -2.66494   -1.70774   -1.70557   -1.70539   -1.52299   -1.52072   -1.52046
  -0.76557   -0.76349   -0.75273   -0.75206   -0.14739   -0.13524   -0.12041   -0.10995
  -0.09461   -0.09096   -0.09028   -0.08022   -0.07715   -0.07228   -0.04644   -0.04396
   0.01165    0.01783    0.02606    0.07003    0.07430    0.24732    0.26401    0.26838
   0.26934    0.28556    0.30470    0.30524    0.43498    0.44707    0.50483    0.51644
   0.59963    0.61764    0.65117    0.68058    0.69250    0.71978    0.76126    0.77445
 kpt#  37, nband= 48, wtk=  1.00000, kpt=  0.0333  0.4667  0.0500 (reduced coord)
  -2.85353   -2.66494   -1.70774   -1.70557   -1.70539   -1.52299   -1.52072   -1.52047
  -0.76563   -0.76334   -0.75275   -0.75208   -0.14725   -0.13553   -0.12034   -0.10966
  -0.09488   -0.09126   -0.09049   -0.08029   -0.07697   -0.07212   -0.04659   -0.04381
   0.01182    0.01787    0.02600    0.06988    0.07399    0.24745    0.26349    0.26832
   0.26925    0.28697    0.30478    0.30562    0.43407    0.44832    0.50496    0.51740
   0.59735    0.61811    0.64872    0.67809    0.69378    0.72154    0.76047    0.77379
 kpt#  38, nband= 48, wtk=  1.00000, kpt=  0.0389  0.4611  0.0583 (reduced coord)
  -2.85353   -2.66493   -1.70774   -1.70557   -1.70540   -1.52298   -1.52072   -1.52048
  -0.76568   -0.76318   -0.75276   -0.75209   -0.14710   -0.13585   -0.12026   -0.10934
  -0.09520   -0.09163   -0.09068   -0.08032   -0.07691   -0.07185   -0.04675   -0.04367
   0.01202    0.01792    0.02594    0.06970    0.07363    0.24762    0.26301    0.26825
   0.26915    0.28843    0.30486    0.30613    0.43320    0.44959    0.50513    0.51850
   0.59500    0.61821    0.64611    0.67575    0.69522    0.72250    0.75996    0.77311
 kpt#  39, nband= 48, wtk=  1.00000, kpt=  0.0444  0.4556  0.0667 (reduced coord)
  -2.85353   -2.66493   -1.70774   -1.70557   -1.70541   -1.52298   -1.52072   -1.52049
  -0.76574   -0.76300   -0.75278   -0.75211   -0.14692   -0.13619   -0.12018   -0.10901
  -0.09555   -0.09204   -0.09087   -0.08032   -0.07698   -0.07145   -0.04691   -0.04353
   0.01224    0.01798    0.02587    0.06949    0.07322    0.24781    0.26260    0.26816
   0.26904    0.28988    0.30495    0.30681    0.43238    0.45088    0.50536    0.51971
   0.59260    0.61793    0.64332    0.67380    0.69657    0.72261    0.75974    0.77248
 kpt#  40, nband= 48, wtk=  1.00000, kpt=  0.0500  0.4500  0.0750 (reduced coord)
  -2.85353   -2.66493   -1.70774   -1.70556   -1.70542   -1.52298   -1.52072   -1.52050
  -0.76578   -0.76282   -0.75280   -0.75212   -0.14672   -0.13654   -0.12011   -0.10868
  -0.09594   -0.09248   -0.09105   -0.08030   -0.07715   -0.07094   -0.04708   -0.04340
   0.01248    0.01805    0.02580    0.06925    0.07278    0.24803    0.26228    0.26806
   0.26891    0.29124    0.30505    0.30771    0.43161    0.45217    0.50565    0.52102
   0.59015    0.61727    0.64036    0.67236    0.69765    0.72196    0.75976    0.77194
 kpt#  41, nband= 48, wtk=  1.00000, kpt=  0.0556  0.4444  0.0833 (reduced coord)
  -2.85353   -2.66493   -1.70774   -1.70556   -1.70543   -1.52298   -1.52071   -1.52052
  -0.76582   -0.76262   -0.75282   -0.75214   -0.14652   -0.13689   -0.12003   -0.10836
  -0.09635   -0.09294   -0.09123   -0.08026   -0.07741   -0.07035   -0.04727   -0.04328
   0.01273    0.01813    0.02571    0.06898    0.07230    0.24829    0.26204    0.26796
   0.26876    0.29247    0.30517    0.30887    0.43089    0.45346    0.50599    0.52241
   0.58765    0.61626    0.63720    0.67145    0.69833    0.72073    0.75987    0.77152
 kpt#  42, nband= 48, wtk=  1.00000, kpt=  0.0611  0.4389  0.0917 (reduced coord)
  -2.85353   -2.66493   -1.70773   -1.70556   -1.70544   -1.52297   -1.52071   -1.52053
  -0.76585   -0.76243   -0.75284   -0.75217   -0.14630   -0.13724   -0.11996   -0.10809
  -0.09676   -0.09342   -0.09139   -0.08021   -0.07771   -0.06971   -0.04746   -0.04317
   0.01300    0.01822    0.02562    0.06866    0.07180    0.24857    0.26191    0.26784
   0.26860    0.29352    0.30528    0.31031    0.43023    0.45475    0.50640    0.52387
   0.58513    0.61495    0.63388    0.67104    0.69846    0.71914    0.75993    0.77126
 kpt#  43, nband= 48, wtk=  1.00000, kpt=  0.0667  0.4333  0.1000 (reduced coord)
  -2.85353   -2.66493   -1.70773   -1.70556   -1.70545   -1.52297   -1.52071   -1.52055
  -0.76587   -0.76223   -0.75287   -0.75219   -0.14609   -0.13756   -0.11989   -0.10788
  -0.09717   -0.09392   -0.09153   -0.08015   -0.07803   -0.06903   -0.04766   -0.04307
   0.01327    0.01832    0.02552    0.06830    0.07129    0.24889    0.26188    0.26771
   0.26843    0.29437    0.30541    0.31205    0.42962    0.45604    0.50687    0.52536
   0.58260    0.61341    0.63041    0.67106    0.69794    0.71744    0.75984    0.77106
 kpt#  44, nband= 48, wtk=  1.00000, kpt=  0.0722  0.4278  0.1083 (reduced coord)
  -2.85353   -2.66493   -1.70773   -1.70556   -1.70546   -1.52297   -1.52071   -1.52057
  -0.76587   -0.76202   -0.75289   -0.75221   -0.14587   -0.13786   -0.11982   -0.10776
  -0.09758   -0.09444   -0.09163   -0.08009   -0.07836   -0.06833   -0.04788   -0.04299
   0.01355    0.01843    0.02542    0.06789    0.07078    0.24925    0.26195    0.26757
   0.26824    0.29503    0.30554    0.31407    0.42906    0.45732    0.50739    0.52686
   0.58008    0.61171    0.62683    0.67140    0.69673    0.71577    0.75952    0.77104
 kpt#  45, nband= 48, wtk=  1.00000, kpt=  0.0778  0.4222  0.1167 (reduced coord)
  -2.85353   -2.66493   -1.70773   -1.70556   -1.70548   -1.52296   -1.52071   -1.52059
  -0.76587   -0.76181   -0.75292   -0.75224   -0.14567   -0.13811   -0.11976   -0.10773
  -0.09799   -0.09496   -0.09168   -0.08004   -0.07867   -0.06761   -0.04811   -0.04292
   0.01384    0.01855    0.02531    0.06743    0.07028    0.24965    0.26213    0.26742
   0.26805    0.29553    0.30567    0.31635    0.42856    0.45860    0.50795    0.52834
   0.57760    0.60990    0.62318    0.67194    0.69485    0.71424    0.75890    0.77121
 kpt#  46, nband= 48, wtk=  1.00000, kpt=  0.0833  0.4167  0.1250 (reduced coord)
  -2.85352   -2.66493   -1.70773   -1.70556   -1.70549   -1.52296   -1.52071   -1.52061
  -0.76586   -0.76161   -0.75296   -0.75226   -0.14549   -0.13832   -0.11969   -0.10781
  -0.09844   -0.09545   -0.09167   -0.07999   -0.07896   -0.06689   -0.04836   -0.04287
   0.01413    0.01867    0.02519    0.06691    0.06979    0.25008    0.26242    0.26727
   0.26784    0.29588    0.30581    0.31885    0.42811    0.45986    0.50856    0.52975
   0.57521    0.60804    0.61950    0.67255    0.69244    0.71283    0.75792    0.77165
 kpt#  47, nband= 48, wtk=  1.00000, kpt=  0.0889  0.4111  0.1333 (reduced coord)
  -2.85352   -2.66493   -1.70772   -1.70556   -1.70551   -1.52296   -1.52071   -1.52063
  -0.76584   -0.76140   -0.75299   -0.75229   -0.14534   -0.13846   -0.11963   -0.10800
  -0.09894   -0.09589   -0.09159   -0.07996   -0.07920   -0.06618   -0.04862   -0.04284
   0.01441    0.01880    0.02508    0.06633    0.06932    0.25055    0.26280    0.26711
   0.26763    0.29613    0.30594    0.32153    0.42772    0.46112    0.50918    0.53103
   0.57295    0.60616    0.61582    0.67309    0.68969    0.71154    0.75656    0.77243
 kpt#  48, nband= 48, wtk=  1.00000, kpt=  0.0944  0.4056  0.1417 (reduced coord)
  -2.85352   -2.66493   -1.70772   -1.70556   -1.70552   -1.52295   -1.52071   -1.52066
  -0.76580   -0.76119   -0.75303   -0.75231   -0.14522   -0.13852   -0.11957   -0.10830
  -0.09955   -0.09626   -0.09143   -0.07995   -0.07940   -0.06548   -0.04889   -0.04282
   0.01469    0.01894    0.02496    0.06570    0.06889    0.25106    0.26329    0.26694
   0.26742    0.29628    0.30608    0.32437    0.42738    0.46236    0.50981    0.53212
   0.57089    0.60430    0.61217    0.67338    0.68680    0.71035    0.75482    0.77355
 kpt#  49, nband= 48, wtk=  1.00000, kpt=  0.1000  0.4000  0.1500 (reduced coord)
  -2.85352   -2.66493   -1.70772   -1.70556   -1.70554   -1.52295   -1.52070   -1.52068
  -0.76576   -0.76098   -0.75307   -0.75234   -0.14516   -0.13851   -0.11951   -0.10869
  -0.10027   -0.09655   -0.09119   -0.08000   -0.07952   -0.06479   -0.04918   -0.04281
   0.01495    0.01908    0.02484    0.06503    0.06847    0.25161    0.26387    0.26676
   0.26720    0.29637    0.30621    0.32734    0.42708    0.46359    0.51041    0.53295
   0.56912    0.60247    0.60858    0.67319    0.68402    0.70930    0.75276    0.77501
 kpt#  50, nband= 48, wtk=  1.00000, kpt=  0.1056  0.3944  0.1583 (reduced coord)
  -2.85352   -2.66492   -1.70771   -1.70556   -1.70556   -1.52294   -1.52070   -1.52070
  -0.76570   -0.76077   -0.75311   -0.75236   -0.14514   -0.13841   -0.11945   -0.10916
  -0.10110   -0.09678   -0.09085   -0.08009   -0.07957   -0.06413   -0.04949   -0.04282
   0.01521    0.01923    0.02472    0.06431    0.06807    0.25218    0.26452    0.26659
   0.26701    0.29641    0.30634    0.33043    0.42684    0.46482    0.51096    0.53346
   0.56770    0.60070    0.60506    0.67224    0.68160    0.70847    0.75043    0.77674
 kpt#  51, nband= 48, wtk=  1.00000, kpt=  0.1111  0.3889  0.1667 (reduced coord)
  -2.85352   -2.66492   -1.70771   -1.70558   -1.70555   -1.52294   -1.52073   -1.52070
  -0.76563   -0.76057   -0.75316   -0.75239   -0.14516   -0.13823   -0.11939   -0.10968
  -0.10201   -0.09698   -0.09044   -0.08018   -0.07959   -0.06349   -0.04981   -0.04284
   0.01546    0.01937    0.02461    0.06357    0.06770    0.25279    0.26518    0.26642
   0.26690    0.29640    0.30647    0.33363    0.42664    0.46603    0.51140    0.53361
   0.56671    0.59895    0.60169    0.67042    0.67963    0.70792    0.74789    0.77870
 kpt#  52, nband= 48, wtk=  1.00000, kpt=  0.1167  0.3833  0.1750 (reduced coord)
  -2.85352   -2.66492   -1.70771   -1.70559   -1.70555   -1.52293   -1.52076   -1.52070
  -0.76555   -0.76036   -0.75321   -0.75241   -0.14523   -0.13797   -0.11933   -0.11024
  -0.10299   -0.09717   -0.08996   -0.08027   -0.07960   -0.06287   -0.05013   -0.04287
   0.01569    0.01952    0.02450    0.06281    0.06734    0.25341    0.26562    0.26624
   0.26710    0.29636    0.30660    0.33691    0.42649    0.46723    0.51167    0.53341
   0.56614    0.59698    0.59874    0.66792    0.67792    0.70771    0.74520    0.78083
 kpt#  53, nband= 48, wtk=  1.00000, kpt=  0.1222  0.3778  0.1833 (reduced coord)
  -2.85352   -2.66492   -1.70771   -1.70561   -1.70555   -1.52293   -1.52078   -1.52070
  -0.76546   -0.76016   -0.75326   -0.75244   -0.14533   -0.13764   -0.11928   -0.11084
  -0.10401   -0.09736   -0.08942   -0.08033   -0.07962   -0.06229   -0.05047   -0.04292
   0.01590    0.01965    0.02441    0.06204    0.06699    0.25405    0.26567    0.26604
   0.26784    0.29630    0.30672    0.34027    0.42639    0.46842    0.51169    0.53294
   0.56598    0.59426    0.59677    0.66509    0.67615    0.70785    0.74239    0.78309
 kpt#  54, nband= 48, wtk=  1.00000, kpt=  0.1278  0.3722  0.1917 (reduced coord)
  -2.85352   -2.66492   -1.70770   -1.70563   -1.70555   -1.52292   -1.52081   -1.52070
  -0.76536   -0.75997   -0.75331   -0.75246   -0.14545   -0.13726   -0.11923   -0.11145
  -0.10506   -0.09757   -0.08883   -0.08036   -0.07964   -0.06175   -0.05081   -0.04297
   0.01610    0.01978    0.02432    0.06127    0.06665    0.25471    0.26553    0.26581
   0.26889    0.29622    0.30684    0.34370    0.42632    0.46960    0.51135    0.53233
   0.56613    0.59117    0.59544    0.66217    0.67414    0.70833    0.73950    0.78544
 kpt#  55, nband= 48, wtk=  1.00000, kpt=  0.1333  0.3667  0.2000 (reduced coord)
  -2.85352   -2.66492   -1.70770   -1.70565   -1.70555   -1.52292   -1.52084   -1.52069
  -0.76525   -0.75978   -0.75337   -0.75248   -0.14558   -0.13683   -0.11920   -0.11207
  -0.10612   -0.09778   -0.08822   -0.08038   -0.07967   -0.06124   -0.05116   -0.04304
   0.01628    0.01989    0.02426    0.06050    0.06633    0.25537    0.26533    0.26558
   0.27011    0.29613    0.30696    0.34720    0.42629    0.47075    0.51058    0.53174
   0.56650    0.58804    0.59443    0.65933    0.67186    0.70906    0.73658    0.78784
 kpt#  56, nband= 48, wtk=  1.00000, kpt=  0.1389  0.3611  0.2083 (reduced coord)
  -2.85352   -2.66492   -1.70770   -1.70567   -1.70555   -1.52291   -1.52087   -1.52069
  -0.76513   -0.75960   -0.75343   -0.75250   -0.14571   -0.13637   -0.11918   -0.11269
  -0.10718   -0.09801   -0.08758   -0.08037   -0.07971   -0.06077   -0.05150   -0.04312
   0.01643    0.01999    0.02421    0.05973    0.06603    0.25603    0.26510    0.26534
   0.27146    0.29604    0.30707    0.35075    0.42631    0.47189    0.50932    0.53128
   0.56697    0.58496    0.59369    0.65665    0.66930    0.70998    0.73365    0.79022
 kpt#  57, nband= 48, wtk=  1.00000, kpt=  0.1444  0.3556  0.2167 (reduced coord)
  -2.85351   -2.66492   -1.70769   -1.70569   -1.70555   -1.52290   -1.52090   -1.52069
  -0.76500   -0.75942   -0.75349   -0.75252   -0.14585   -0.13587   -0.11918   -0.11331
  -0.10823   -0.09825   -0.08693   -0.08037   -0.07973   -0.06035   -0.05184   -0.04321
   0.01657    0.02006    0.02419    0.05898    0.06574    0.25668    0.26486    0.26510
   0.27292    0.29594    0.30718    0.35435    0.42636    0.47300    0.50757    0.53100
   0.56745    0.58192    0.59322    0.65423    0.66652    0.71099    0.73075    0.79257
 kpt#  58, nband= 48, wtk=  1.00000, kpt=  0.1500  0.3500  0.2250 (reduced coord)
  -2.85351   -2.66491   -1.70769   -1.70571   -1.70555   -1.52290   -1.52093   -1.52069
  -0.76485   -0.75924   -0.75355   -0.75253   -0.14598   -0.13535   -0.11921   -0.11392
  -0.10924   -0.09851   -0.08628   -0.08039   -0.07972   -0.05998   -0.05217   -0.04331
   0.01668    0.02011    0.02420    0.05824    0.06547    0.25733    0.26461    0.26487
   0.27449    0.29585    0.30729    0.35800    0.42644    0.47407    0.50539    0.53089
   0.56790    0.57892    0.59301    0.65211    0.66355    0.71198    0.72796    0.79483
 kpt#  59, nband= 48, wtk=  1.00000, kpt=  0.1556  0.3444  0.2333 (reduced coord)
  -2.85351   -2.66491   -1.70769   -1.70573   -1.70554   -1.52289   -1.52096   -1.52069
  -0.76470   -0.75908   -0.75362   -0.75255   -0.14610   -0.13482   -0.11929   -0.11451
  -0.11020   -0.09878   -0.08564   -0.08045   -0.07966   -0.05965   -0.05248   -0.04343
   0.01677    0.02013    0.02423    0.05752    0.06521    0.25797    0.26435    0.26463
   0.27615    0.29578    0.30739    0.36169    0.42656    0.47508    0.50287    0.53089
   0.56827    0.57596    0.59303    0.65034    0.66045    0.71280    0.72537    0.79698
 kpt#  60, nband= 48, wtk=  1.00000, kpt=  0.1611  0.3389  0.2417 (reduced coord)
  -2.85351   -2.66491   -1.70768   -1.70576   -1.70554   -1.52289   -1.52099   -1.52069
  -0.76454   -0.75892   -0.75369   -0.75256   -0.14620   -0.13428   -0.11943   -0.11509
  -0.11110   -0.09906   -0.08501   -0.08056   -0.07954   -0.05938   -0.05278   -0.04355
   0.01683    0.02012    0.02430    0.05682    0.06497    0.25859    0.26409    0.26440
   0.27789    0.29572    0.30751    0.36542    0.42672    0.47601    0.50013    0.53094
   0.56850    0.57312    0.59322    0.64897    0.65724    0.71321    0.72320    0.79896
 kpt#  61, nband= 48, wtk=  1.00000, kpt=  0.1667  0.3333  0.2500 (reduced coord)
  -2.85351   -2.66491   -1.70768   -1.70578   -1.70554   -1.52288   -1.52102   -1.52068
  -0.76438   -0.75876   -0.75376   -0.75257   -0.14629   -0.13374   -0.11964   -0.11564
  -0.11190   -0.09935   -0.08439   -0.08072   -0.07937   -0.05916   -0.05305   -0.04369
   0.01688    0.02009    0.02439    0.05615    0.06476    0.25920    0.26384    0.26416
   0.27970    0.29571    0.30762    0.36918    0.42691    0.47679    0.49727    0.53095
   0.56810    0.57093    0.59353    0.64802    0.65397    0.71285    0.72179    0.80071
 kpt#  62, nband= 48, wtk=  1.00000, kpt=  0.3333 -0.1667  0.2500 (reduced coord)
  -2.85351   -2.66491   -1.70768   -1.70578   -1.70554   -1.52288   -1.52102   -1.52068
  -0.76470   -0.75782   -0.75412   -0.75285   -0.14461   -0.12778   -0.12385   -0.11377
  -0.10755   -0.10455   -0.09016   -0.08271   -0.07991   -0.05834   -0.05257   -0.04495
   0.01598    0.02050    0.02209    0.05968    0.07065    0.26007    0.26415    0.26527
   0.26722    0.30077    0.31153    0.36960    0.42745    0.46922    0.50009    0.53235
   0.56718    0.57483    0.59702    0.63652    0.64550    0.70904    0.74047    0.79830
 kpt#  63, nband= 48, wtk=  1.00000, kpt=  0.3389 -0.1611  0.2417 (reduced coord)
  -2.85351   -2.66491   -1.70768   -1.70576   -1.70554   -1.52289   -1.52099   -1.52069
  -0.76486   -0.75802   -0.75406   -0.75279   -0.14487   -0.12797   -0.12348   -0.11349
  -0.10702   -0.10404   -0.09070   -0.08252   -0.07994   -0.05851   -0.05219   -0.04488
   0.01597    0.02084    0.02183    0.06018    0.07056    0.25946    0.26440    0.26549
   0.26646    0.30067    0.31039    0.36594    0.42768    0.46855    0.50262    0.53195
   0.56783    0.57652    0.59748    0.63726    0.64900    0.71052    0.73991    0.79796
 kpt#  64, nband= 48, wtk=  1.00000, kpt=  0.3444 -0.1556  0.2333 (reduced coord)
  -2.85351   -2.66491   -1.70769   -1.70573   -1.70555   -1.52289   -1.52096   -1.52069
  -0.76501   -0.75822   -0.75399   -0.75274   -0.14514   -0.12819   -0.12309   -0.11325
  -0.10655   -0.10342   -0.09122   -0.08235   -0.07995   -0.05873   -0.05180   -0.04480
   0.01594    0.02117    0.02158    0.06070    0.07047    0.25885    0.26464    0.26558
   0.26587    0.30051    0.30935    0.36232    0.42793    0.46769    0.50518    0.53147
   0.56866    0.57766    0.59832    0.63853    0.65247    0.71180    0.73946    0.79747
 kpt#  65, nband= 48, wtk=  1.00000, kpt=  0.3500 -0.1500  0.2250 (reduced coord)
  -2.85351   -2.66491   -1.70769   -1.70571   -1.70555   -1.52290   -1.52093   -1.52069
  -0.76516   -0.75843   -0.75392   -0.75268   -0.14539   -0.12842   -0.12269   -0.11303
  -0.10614   -0.10269   -0.09172   -0.08220   -0.07994   -0.05901   -0.05141   -0.04470
   0.01590    0.02130    0.02154    0.06124    0.07039    0.25824    0.26480    0.26509
   0.26599    0.30030    0.30843    0.35875    0.42820    0.46670    0.50766    0.53097
   0.56956    0.57829    0.59963    0.64025    0.65590    0.71286    0.73916    0.79684
 kpt#  66, nband= 48, wtk=  1.00000, kpt=  0.3556 -0.1444  0.2167 (reduced coord)
  -2.85351   -2.66492   -1.70769   -1.70569   -1.70555   -1.52290   -1.52090   -1.52069
  -0.76529   -0.75864   -0.75386   -0.75263   -0.14564   -0.12867   -0.12228   -0.11283
  -0.10577   -0.10188   -0.09218   -0.08207   -0.07991   -0.05935   -0.05102   -0.04460
   0.01583    0.02108    0.02186    0.06179    0.07032    0.25762    0.26434    0.26516
   0.26620    0.30001    0.30762    0.35524    0.42850    0.46560    0.50998    0.53047
   0.57043    0.57862    0.60139    0.64234    0.65927    0.71369    0.73906    0.79609
 kpt#  67, nband= 48, wtk=  1.00000, kpt=  0.3611 -0.1389  0.2083 (reduced coord)
  -2.85352   -2.66492   -1.70770   -1.70567   -1.70555   -1.52291   -1.52087   -1.52069
  -0.76542   -0.75886   -0.75379   -0.75259   -0.14587   -0.12893   -0.12189   -0.11266
  -0.10542   -0.10101   -0.09260   -0.08196   -0.07985   -0.05976   -0.05064   -0.04449
   0.01575    0.02084    0.02218    0.06236    0.07026    0.25700    0.26378    0.26539
   0.26641    0.29965    0.30694    0.35179    0.42881    0.46444    0.51206    0.53002
   0.57111    0.57896    0.60354    0.64470    0.66255    0.71432    0.73918    0.79523
 kpt#  68, nband= 48, wtk=  1.00000, kpt=  0.3667 -0.1333  0.2000 (reduced coord)
  -2.85352   -2.66492   -1.70770   -1.70565   -1.70555   -1.52292   -1.52084   -1.52069
  -0.76553   -0.75909   -0.75372   -0.75254   -0.14610   -0.12919   -0.12151   -0.11250
  -0.10509   -0.10010   -0.09297   -0.08188   -0.07977   -0.06024   -0.05026   -0.04438
   0.01564    0.02062    0.02250    0.06294    0.07021    0.25638    0.26326    0.26561
   0.26663    0.29920    0.30637    0.34840    0.42915    0.46324    0.51380    0.52967
   0.57147    0.57961    0.60598    0.64723    0.66576    0.71477    0.73951    0.79427
 kpt#  69, nband= 48, wtk=  1.00000, kpt=  0.3722 -0.1278  0.1917 (reduced coord)
  -2.85352   -2.66492   -1.70770   -1.70563   -1.70555   -1.52292   -1.52081   -1.52070
  -0.76564   -0.75932   -0.75366   -0.75250   -0.14631   -0.12946   -0.12115   -0.11236
  -0.10476   -0.09917   -0.09329   -0.08181   -0.07966   -0.06078   -0.04989   -0.04426
   0.01552    0.02040    0.02280    0.06354    0.07017    0.25576    0.26280    0.26583
   0.26684    0.29869    0.30591    0.34508    0.42950    0.46200    0.51514    0.52941
   0.57153    0.58072    0.60865    0.64980    0.66887    0.71514    0.74004    0.79326
 kpt#  70, nband= 48, wtk=  1.00000, kpt=  0.3778 -0.1222  0.1833 (reduced coord)
  -2.85352   -2.66492   -1.70771   -1.70561   -1.70555   -1.52293   -1.52078   -1.52070
  -0.76573   -0.75955   -0.75359   -0.75245   -0.14650   -0.12973   -0.12082   -0.11223
  -0.10443   -0.09824   -0.09354   -0.08176   -0.07952   -0.06137   -0.04952   -0.04415
   0.01538    0.02018    0.02310    0.06416    0.07014    0.25515    0.26239    0.26605
   0.26705    0.29810    0.30556    0.34184    0.42987    0.46075    0.51606    0.52922
   0.57150    0.58221    0.61150    0.65231    0.67190    0.71547    0.74073    0.79211
 kpt#  71, nband= 48, wtk=  1.00000, kpt=  0.3833 -0.1167  0.1750 (reduced coord)
  -2.85352   -2.66492   -1.70771   -1.70559   -1.70555   -1.52293   -1.52076   -1.52070
  -0.76581   -0.75979   -0.75352   -0.75241   -0.14669   -0.13000   -0.12052   -0.11211
  -0.10408   -0.09732   -0.09372   -0.08173   -0.07935   -0.06202   -0.04917   -0.04405
   0.01522    0.01998    0.02338    0.06479    0.07012    0.25454    0.26205    0.26626
   0.26725    0.29747    0.30528    0.33868    0.43025    0.45949    0.51658    0.52902
   0.57156    0.58401    0.61451    0.65461    0.67489    0.71586    0.74154    0.79088
 kpt#  72, nband= 48, wtk=  1.00000, kpt=  0.3889 -0.1111  0.1667 (reduced coord)
  -2.85352   -2.66492   -1.70771   -1.70558   -1.70555   -1.52294   -1.52073   -1.52070
  -0.76588   -0.76003   -0.75346   -0.75238   -0.14685   -0.13029   -0.12026   -0.11201
  -0.10371   -0.09641   -0.09384   -0.08171   -0.07916   -0.06272   -0.04883   -0.04396
   0.01504    0.01978    0.02366    0.06542    0.07011    0.25394    0.26177    0.26646
   0.26745    0.29679    0.30507    0.33562    0.43066    0.45824    0.51676    0.52873
   0.57187    0.58601    0.61764    0.65660    0.67788    0.71634    0.74244    0.78961
 kpt#  73, nband= 48, wtk=  1.00000, kpt=  0.3944 -0.1056  0.1583 (reduced coord)
  -2.85352   -2.66492   -1.70771   -1.70556   -1.70556   -1.52294   -1.52070   -1.52070
  -0.76594   -0.76027   -0.75339   -0.75234   -0.14701   -0.13057   -0.12004   -0.11191
  -0.10333   -0.09553   -0.09389   -0.08169   -0.07894   -0.06346   -0.04851   -0.04388
   0.01484    0.01960    0.02391    0.06606    0.07012    0.25336    0.26154    0.26666
   0.26764    0.29608    0.30491    0.33265    0.43107    0.45701    0.51668    0.52826
   0.57251    0.58818    0.62090    0.65816    0.68090    0.71693    0.74344    0.78826
 kpt#  74, nband= 48, wtk=  1.00000, kpt=  0.4000 -0.1000  0.1500 (reduced coord)
  -2.85352   -2.66493   -1.70772   -1.70556   -1.70554   -1.52295   -1.52070   -1.52068
  -0.76599   -0.76052   -0.75333   -0.75231   -0.14714   -0.13085   -0.11986   -0.11182
  -0.10291   -0.09470   -0.09387   -0.08167   -0.07870   -0.06423   -0.04820   -0.04382
   0.01463    0.01942    0.02415    0.06670    0.07015    0.25278    0.26139    0.26684
   0.26782    0.29535    0.30479    0.32980    0.43150    0.45579    0.51643    0.52756
   0.57350    0.59048    0.62425    0.65925    0.68397    0.71760    0.74453    0.78683
 kpt#  75, nband= 48, wtk=  1.00000, kpt=  0.4056 -0.0944  0.1417 (reduced coord)
  -2.85352   -2.66493   -1.70772   -1.70556   -1.70552   -1.52295   -1.52071   -1.52066
  -0.76603   -0.76076   -0.75327   -0.75228   -0.14726   -0.13114   -0.11973   -0.11173
  -0.10248   -0.09397   -0.09372   -0.08164   -0.07844   -0.06504   -0.04790   -0.04378
   0.01440    0.01925    0.02438    0.06734    0.07019    0.25223    0.26129    0.26702
   0.26800    0.29459    0.30470    0.32705    0.43195    0.45460    0.51604    0.52663
   0.57482    0.59290    0.62768    0.65987    0.68708    0.71831    0.74573    0.78529
 kpt#  76, nband= 48, wtk=  1.00000, kpt=  0.4111 -0.0889  0.1333 (reduced coord)
  -2.85352   -2.66493   -1.70772   -1.70556   -1.70551   -1.52296   -1.52071   -1.52063
  -0.76605   -0.76100   -0.75321   -0.75225   -0.14737   -0.13143   -0.11965   -0.11164
  -0.10201   -0.09372   -0.09309   -0.08162   -0.07817   -0.06586   -0.04762   -0.04376
   0.01417    0.01908    0.02460    0.06795    0.07026    0.25169    0.26126    0.26719
   0.26817    0.29381    0.30463    0.32444    0.43241    0.45345    0.51557    0.52550
   0.57641    0.59541    0.63117    0.66008    0.69016    0.71901    0.74708    0.78362
 kpt#  77, nband= 48, wtk=  1.00000, kpt=  0.4167 -0.0833  0.1250 (reduced coord)
  -2.85352   -2.66493   -1.70773   -1.70556   -1.70549   -1.52296   -1.52071   -1.52061
  -0.76606   -0.76124   -0.75316   -0.75222   -0.14746   -0.13171   -0.11961   -0.11156
  -0.10152   -0.09353   -0.09239   -0.08158   -0.07788   -0.06670   -0.04736   -0.04376
   0.01392    0.01893    0.02480    0.06852    0.07037    0.25117    0.26130    0.26735
   0.26833    0.29301    0.30459    0.32196    0.43287    0.45233    0.51504    0.52423
   0.57822    0.59799    0.63468    0.65998    0.69311    0.71964    0.74861    0.78181
 kpt#  78, nband= 48, wtk=  1.00000, kpt=  0.4222 -0.0778  0.1167 (reduced coord)
  -2.85353   -2.66493   -1.70773   -1.70556   -1.70548   -1.52296   -1.52071   -1.52059
  -0.76607   -0.76149   -0.75310   -0.75220   -0.14754   -0.13200   -0.11960   -0.11147
  -0.10100   -0.09331   -0.09176   -0.08154   -0.07758   -0.06754   -0.04711   -0.04379
   0.01366    0.01878    0.02498    0.06902    0.07056    0.25067    0.26140    0.26750
   0.26848    0.29219    0.30455    0.31962    0.43335    0.45126    0.51445    0.52287
   0.58020    0.60063    0.63815    0.65972    0.69580    0.72019    0.75033    0.77985
 kpt#  79, nband= 48, wtk=  1.00000, kpt=  0.4278 -0.0722  0.1083 (reduced coord)
  -2.85353   -2.66493   -1.70773   -1.70556   -1.70546   -1.52297   -1.52071   -1.52057
  -0.76606   -0.76172   -0.75305   -0.75217   -0.14760   -0.13228   -0.11963   -0.11139
  -0.10046   -0.09307   -0.09118   -0.08148   -0.07728   -0.06838   -0.04689   -0.04383
   0.01341    0.01864    0.02515    0.06941    0.07084    0.25020    0.26155    0.26764
   0.26863    0.29134    0.30452    0.31744    0.43383    0.45023    0.51381    0.52150
   0.58228    0.60327    0.64147    0.65949    0.69806    0.72069    0.75223    0.77776
 kpt#  80, nband= 48, wtk=  1.00000, kpt=  0.4333 -0.0667  0.1000 (reduced coord)
  -2.85353   -2.66493   -1.70773   -1.70556   -1.70545   -1.52297   -1.52071   -1.52055
  -0.76603   -0.76196   -0.75300   -0.75215   -0.14765   -0.13255   -0.11969   -0.11130
  -0.09989   -0.09280   -0.09068   -0.08141   -0.07699   -0.06919   -0.04669   -0.04389
   0.01315    0.01851    0.02530    0.06967    0.07124    0.24975    0.26177    0.26777
   0.26876    0.29046    0.30451    0.31543    0.43432    0.44925    0.51310    0.52018
   0.58445    0.60588    0.64447    0.65955    0.69972    0.72122    0.75427    0.77562
 kpt#  81, nband= 48, wtk=  1.00000, kpt=  0.4389 -0.0611  0.0917 (reduced coord)
  -2.85353   -2.66493   -1.70773   -1.70556   -1.70544   -1.52297   -1.52071   -1.52053
  -0.76600   -0.76219   -0.75296   -0.75213   -0.14769   -0.13282   -0.11977   -0.11122
  -0.09930   -0.09251   -0.09025   -0.08132   -0.07672   -0.06998   -0.04651   -0.04396
   0.01289    0.01839    0.02545    0.06984    0.07170    0.24934    0.26204    0.26789
   0.26889    0.28955    0.30450    0.31358    0.43482    0.44832    0.51231    0.51896
   0.58666    0.60840    0.64687    0.66029    0.70064    0.72181    0.75636    0.77349
 kpt#  82, nband= 48, wtk=  1.00000, kpt=  0.4444 -0.0556  0.0833 (reduced coord)
  -2.85353   -2.66493   -1.70774   -1.70556   -1.70543   -1.52298   -1.52071   -1.52052
  -0.76596   -0.76241   -0.75292   -0.75212   -0.14771   -0.13307   -0.11987   -0.11113
  -0.09870   -0.09222   -0.08989   -0.08122   -0.07648   -0.07070   -0.04636   -0.04403
   0.01265    0.01828    0.02558    0.06995    0.07219    0.24895    0.26237    0.26800
   0.26900    0.28861    0.30449    0.31192    0.43531    0.44745    0.51144    0.51789
   0.58889    0.61074    0.64845    0.66201    0.70078    0.72242    0.75841    0.77159
 kpt#  83, nband= 48, wtk=  1.00000, kpt=  0.4500 -0.0500  0.0750 (reduced coord)
  -2.85353   -2.66493   -1.70774   -1.70556   -1.70542   -1.52298   -1.52072   -1.52050
  -0.76591   -0.76263   -0.75288   -0.75210   -0.14773   -0.13332   -0.11997   -0.11106
  -0.09808   -0.09193   -0.08962   -0.08111   -0.07631   -0.07134   -0.04623   -0.04411
   0.01241    0.01818    0.02569    0.07004    0.07267    0.24859    0.26274    0.26810
   0.26910    0.28765    0.30449    0.31044    0.43579    0.44663    0.51051    0.51699
   0.59113    0.61281    0.64933    0.66466    0.70018    0.72289    0.76020    0.77019
 kpt#  84, nband= 48, wtk=  1.00000, kpt=  0.4556 -0.0444  0.0667 (reduced coord)
  -2.85353   -2.66493   -1.70774   -1.70557   -1.70541   -1.52298   -1.52072   -1.52049
  -0.76585   -0.76284   -0.75284   -0.75209   -0.14774   -0.13354   -0.12008   -0.11098
  -0.09746   -0.09165   -0.08941   -0.08098   -0.07625   -0.07185   -0.04613   -0.04419
   0.01219    0.01809    0.02579    0.07011    0.07313    0.24827    0.26315    0.26819
   0.26919    0.28669    0.30449    0.30914    0.43627    0.44587    0.50953    0.51625
   0.59337    0.61450    0.64992    0.66795    0.69899    0.72301    0.76150    0.76960
 kpt#  85, nband= 48, wtk=  1.00000, kpt=  0.4611 -0.0389  0.0583 (reduced coord)
  -2.85353   -2.66494   -1.70774   -1.70557   -1.70540   -1.52298   -1.52072   -1.52048
  -0.76578   -0.76305   -0.75281   -0.75207   -0.14774   -0.13375   -0.12019   -0.11091
  -0.09685   -0.09139   -0.08927   -0.08084   -0.07633   -0.07221   -0.04606   -0.04426
   0.01198    0.01801    0.02588    0.07017    0.07355    0.24798    0.26360    0.26826
   0.26927    0.28572    0.30449    0.30802    0.43674    0.44516    0.50855    0.51566
   0.59559    0.61573    0.65057    0.67158    0.69740    0.72257    0.76218    0.77000
 kpt#  86, nband= 48, wtk=  1.00000, kpt=  0.4667 -0.0333  0.0500 (reduced coord)
  -2.85353   -2.66494   -1.70774   -1.70557   -1.70539   -1.52299   -1.52072   -1.52047
  -0.76571   -0.76324   -0.75278   -0.75206   -0.14774   -0.13394   -0.12029   -0.11085
  -0.09624   -0.09114   -0.08921   -0.08067   -0.07656   -0.07240   -0.04601   -0.04431
   0.01179    0.01794    0.02596    0.07022    0.07393    0.24772    0.26405    0.26833
   0.26934    0.28479    0.30449    0.30707    0.43720    0.44452    0.50763    0.51519
   0.59778    0.61642    0.65147    0.67531    0.69559    0.72144    0.76252    0.77108
 kpt#  87, nband= 48, wtk=  1.00000, kpt=  0.4722 -0.0278  0.0417 (reduced coord)
  -2.85353   -2.66494   -1.70774   -1.70557   -1.70539   -1.52299   -1.52072   -1.52046
  -0.76563   -0.76341   -0.75276   -0.75205   -0.14773   -0.13410   -0.12038   -0.11080
  -0.09567   -0.09093   -0.08920   -0.08049   -0.07690   -0.07246   -0.04599   -0.04435
   0.01163    0.01787    0.02603    0.07027    0.07426    0.24750    0.26451    0.26839
   0.26940    0.28391    0.30450    0.30629    0.43763    0.44393    0.50678    0.51483
   0.59994    0.61657    0.65267    0.67893    0.69383    0.71963    0.76286    0.77240
 kpt#  88, nband= 48, wtk=  1.00000, kpt=  0.4778 -0.0222  0.0333 (reduced coord)
  -2.85353   -2.66494   -1.70774   -1.70557   -1.70538   -1.52299   -1.52072   -1.52045
  -0.76555   -0.76357   -0.75274   -0.75205   -0.14773   -0.13424   -0.12046   -0.11076
  -0.09514   -0.09075   -0.08923   -0.08029   -0.07731   -0.07244   -0.04598   -0.04438
   0.01150    0.01782    0.02608    0.07030    0.07454    0.24733    0.26494    0.26843
   0.26944    0.28312    0.30450    0.30567    0.43803    0.44341    0.50605    0.51455
   0.60203    0.61623    0.65412    0.68200    0.69263    0.71721    0.76330    0.77368
 kpt#  89, nband= 48, wtk=  1.00000, kpt=  0.4833 -0.0167  0.0250 (reduced coord)
  -2.85353   -2.66494   -1.70774   -1.70557   -1.70538   -1.52299   -1.52072   -1.52045
  -0.76548   -0.76371   -0.75273   -0.75204   -0.14772   -0.13435   -0.12053   -0.11072
  -0.09468   -0.09062   -0.08930   -0.08007   -0.07773   -0.07239   -0.04599   -0.04440
   0.01139    0.01778    0.02612    0.07033    0.07475    0.24719    0.26532    0.26846
   0.26947    0.28245    0.30450    0.30519    0.43838    0.44297    0.50546    0.51434
   0.60403    0.61549    0.65567    0.68362    0.69297    0.71433    0.76380    0.77477
 kpt#  90, nband= 48, wtk=  1.00000, kpt=  0.4889 -0.0111  0.0167 (reduced coord)
  -2.85353   -2.66494   -1.70774   -1.70557   -1.70538   -1.52299   -1.52072   -1.52044
  -0.76542   -0.76382   -0.75272   -0.75204   -0.14771   -0.13443   -0.12058   -0.11070
  -0.09432   -0.09052   -0.08938   -0.07984   -0.07813   -0.07233   -0.04600   -0.04441
   0.01131    0.01776    0.02615    0.07035    0.07491    0.24708    0.26563    0.26849
   0.26949    0.28193    0.30450    0.30486    0.43867    0.44262    0.50503    0.51420
   0.60586    0.61449    0.65708    0.68356    0.69519    0.71116    0.76425    0.77558
 kpt#  91, nband= 48, wtk=  1.00000, kpt=  0.4944 -0.0056  0.0083 (reduced coord)
  -2.85353   -2.66494   -1.70774   -1.70557   -1.70537   -1.52299   -1.52072   -1.52044
  -0.76538   -0.76388   -0.75271   -0.75204   -0.14771   -0.13448   -0.12060   -0.11068
  -0.09408   -0.09046   -0.08944   -0.07963   -0.07845   -0.07228   -0.04601   -0.04441
   0.01126    0.01774    0.02617    0.07036    0.07501    0.24702    0.26583    0.26850
   0.26950    0.28161    0.30449    0.30467    0.43887    0.44239    0.50476    0.51412
   0.60734    0.61349    0.65809    0.68296    0.69810    0.70807    0.76457    0.77609
 kpt#  92, nband= 48, wtk=  1.00000, kpt=  0.5000  0.0000  0.0000 (reduced coord)
  -2.85353   -2.66494   -1.70774   -1.70557   -1.70537   -1.52299   -1.52072   -1.52044
  -0.76536   -0.76391   -0.75271   -0.75203   -0.14771   -0.13449   -0.12061   -0.11068
  -0.09400   -0.09044   -0.08946   -0.07952   -0.07859   -0.07226   -0.04601   -0.04441
   0.01124    0.01773    0.02617    0.07037    0.07504    0.24700    0.26590    0.26850
   0.26951    0.28150    0.30448    0.30462    0.43894    0.44230    0.50468    0.51409
   0.60799    0.61300    0.65847    0.68268    0.69979    0.70637    0.76468    0.77626
 kpt#  93, nband= 48, wtk=  1.00000, kpt=  0.5000 -0.0167  0.0000 (reduced coord)
  -2.85353   -2.66494   -1.70775   -1.70557   -1.70537   -1.52299   -1.52072   -1.52044
  -0.76536   -0.76391   -0.75271   -0.75204   -0.14773   -0.13458   -0.12061   -0.11058
  -0.09403   -0.09045   -0.08939   -0.07948   -0.07858   -0.07227   -0.04605   -0.04444
   0.01124    0.01773    0.02619    0.07031    0.07504    0.24701    0.26588    0.26851
   0.26951    0.28161    0.30448    0.30467    0.43823    0.44250    0.50481    0.51449
   0.60791    0.61298    0.65848    0.68278    0.69985    0.70639    0.76463    0.77625
 kpt#  94, nband= 48, wtk=  1.00000, kpt=  0.5000 -0.0333  0.0000 (reduced coord)
  -2.85353   -2.66494   -1.70775   -1.70557   -1.70537   -1.52299   -1.52072   -1.52044
  -0.76535   -0.76389   -0.75273   -0.75204   -0.14778   -0.13484   -0.12062   -0.11030
  -0.09413   -0.09046   -0.08917   -0.07935   -0.07854   -0.07229   -0.04615   -0.04452
   0.01123    0.01772    0.02622    0.07017    0.07502    0.24703    0.26581    0.26852
   0.26952    0.28194    0.30449    0.30483    0.43653    0.44266    0.50527    0.51566
   0.60766    0.61291    0.65850    0.68308    0.70002    0.70646    0.76451    0.77629
 kpt#  95, nband= 48, wtk=  1.00000, kpt=  0.5000 -0.0500  0.0000 (reduced coord)
  -2.85353   -2.66494   -1.70775   -1.70557   -1.70537   -1.52299   -1.52072   -1.52044
  -0.76534   -0.76388   -0.75275   -0.75205   -0.14787   -0.13524   -0.12062   -0.10984
  -0.09427   -0.09048   -0.08883   -0.07912   -0.07846   -0.07231   -0.04632   -0.04464
   0.01121    0.01770    0.02629    0.06992    0.07500    0.24705    0.26572    0.26854
   0.26954    0.28249    0.30450    0.30508    0.43428    0.44240    0.50612    0.51747
   0.60727    0.61280    0.65855    0.68357    0.70032    0.70657    0.76426    0.77623
 kpt#  96, nband= 48, wtk=  1.00000, kpt=  0.5000 -0.0667  0.0000 (reduced coord)
  -2.85353   -2.66494   -1.70775   -1.70557   -1.70537   -1.52299   -1.52072   -1.52044
  -0.76532   -0.76385   -0.75278   -0.75207   -0.14800   -0.13578   -0.12063   -0.10925
  -0.09443   -0.09051   -0.08840   -0.07881   -0.07837   -0.07235   -0.04656   -0.04481
   0.01118    0.01768    0.02637    0.06958    0.07496    0.24709    0.26559    0.26857
   0.26957    0.28324    0.30452    0.30544    0.43167    0.44161    0.50743    0.51977
   0.60674    0.61265    0.65861    0.68423    0.70072    0.70673    0.76393    0.77618
 kpt#  97, nband= 48, wtk=  1.00000, kpt=  0.5000 -0.0833  0.0000 (reduced coord)
  -2.85353   -2.66494   -1.70775   -1.70557   -1.70537   -1.52299   -1.52072   -1.52044
  -0.76529   -0.76382   -0.75282   -0.75209   -0.14816   -0.13641   -0.12064   -0.10853
  -0.09458   -0.09055   -0.08789   -0.07843   -0.07825   -0.07240   -0.04688   -0.04501
   0.01114    0.01765    0.02648    0.06915    0.07492    0.24714    0.26545    0.26861
   0.26960    0.28418    0.30454    0.30591    0.42879    0.44029    0.50921    0.52245
   0.60608    0.61245    0.65869    0.68504    0.70122    0.70693    0.76354    0.77613
 kpt#  98, nband= 48, wtk=  1.00000, kpt=  0.5000 -0.1000  0.0000 (reduced coord)
  -2.85353   -2.66494   -1.70775   -1.70557   -1.70537   -1.52299   -1.52072   -1.52044
  -0.76526   -0.76378   -0.75287   -0.75211   -0.14836   -0.13712   -0.12065   -0.10773
  -0.09472   -0.09059   -0.08730   -0.07811   -0.07796   -0.07246   -0.04728   -0.04525
   0.01109    0.01761    0.02661    0.06864    0.07488    0.24719    0.26530    0.26865
   0.26963    0.28531    0.30457    0.30647    0.42572    0.43849    0.51143    0.52542
   0.60531    0.61222    0.65878    0.68595    0.70182    0.70717    0.76307    0.77606
 kpt#  99, nband= 48, wtk=  1.00000, kpt=  0.5000 -0.1167  0.0000 (reduced coord)
  -2.85353   -2.66494   -1.70775   -1.70557   -1.70537   -1.52299   -1.52072   -1.52044
  -0.76523   -0.76373   -0.75293   -0.75213   -0.14860   -0.13788   -0.12066   -0.10686
  -0.09482   -0.09063   -0.08666   -0.07795   -0.07742   -0.07252   -0.04776   -0.04551
   0.01104    0.01757    0.02676    0.06804    0.07482    0.24726    0.26515    0.26869
   0.26968    0.28661    0.30460    0.30714    0.42250    0.43627    0.51405    0.52863
   0.60445    0.61195    0.65889    0.68694    0.70249    0.70745    0.76253    0.77596
 kpt# 100, nband= 48, wtk=  1.00000, kpt=  0.5000 -0.1333  0.0000 (reduced coord)
  -2.85353   -2.66494   -1.70775   -1.70557   -1.70537   -1.52299   -1.52072   -1.52044
  -0.76519   -0.76368   -0.75299   -0.75216   -0.14887   -0.13867   -0.12067   -0.10597
  -0.09489   -0.09068   -0.08597   -0.07778   -0.07681   -0.07259   -0.04830   -0.04580
   0.01097    0.01752    0.02692    0.06737    0.07476    0.24733    0.26500    0.26874
   0.26973    0.28808    0.30464    0.30790    0.41918    0.43371    0.51702    0.53202
   0.60351    0.61165    0.65902    0.68796    0.70322    0.70777    0.76195    0.77583
 kpt# 101, nband= 48, wtk=  1.00000, kpt=  0.5000 -0.1500  0.0000 (reduced coord)
  -2.85353   -2.66494   -1.70775   -1.70557   -1.70537   -1.52299   -1.52072   -1.52044
  -0.76514   -0.76362   -0.75306   -0.75220   -0.14918   -0.13946   -0.12069   -0.10506
  -0.09493   -0.09072   -0.08522   -0.07760   -0.07614   -0.07267   -0.04892   -0.04611
   0.01090    0.01747    0.02709    0.06663    0.07469    0.24741    0.26485    0.26879
   0.26978    0.28970    0.30468    0.30876    0.41578    0.43086    0.52026    0.53556
   0.60252    0.61132    0.65916    0.68897    0.70400    0.70812    0.76132    0.77568
 kpt# 102, nband= 48, wtk=  1.00000, kpt=  0.5000 -0.1667  0.0000 (reduced coord)
  -2.85353   -2.66494   -1.70775   -1.70557   -1.70537   -1.52299   -1.52072   -1.52044
  -0.76509   -0.76355   -0.75314   -0.75223   -0.14952   -0.14025   -0.12070   -0.10415
  -0.09491   -0.09077   -0.08442   -0.07741   -0.07541   -0.07274   -0.04958   -0.04643
   0.01083    0.01741    0.02728    0.06583    0.07461    0.24749    0.26472    0.26885
   0.26984    0.29146    0.30472    0.30972    0.41232    0.42778    0.52373    0.53921
   0.60148    0.61097    0.65931    0.68992    0.70482    0.70851    0.76065    0.77585
 kpt# 103, nband= 48, wtk=  1.00000, kpt=  0.5000 -0.1833  0.0000 (reduced coord)
  -2.85353   -2.66494   -1.70775   -1.70557   -1.70537   -1.52299   -1.52072   -1.52044
  -0.76504   -0.76348   -0.75322   -0.75227   -0.14990   -0.14101   -0.12072   -0.10326
  -0.09486   -0.09081   -0.08358   -0.07721   -0.07464   -0.07282   -0.05031   -0.04679
   0.01074    0.01735    0.02747    0.06497    0.07454    0.24758    0.26460    0.26891
   0.26990    0.29337    0.30477    0.31078    0.40884    0.42452    0.52739    0.54297
   0.60041    0.61060    0.65947    0.69077    0.70564    0.70893    0.75996    0.77528
 kpt# 104, nband= 48, wtk=  1.00000, kpt=  0.5000 -0.2000  0.0000 (reduced coord)
  -2.85353   -2.66494   -1.70775   -1.70557   -1.70537   -1.52299   -1.52072   -1.52044
  -0.76499   -0.76341   -0.75331   -0.75232   -0.15030   -0.14175   -0.12074   -0.10239
  -0.09477   -0.09085   -0.08270   -0.07702   -0.07383   -0.07289   -0.05107   -0.04717
   0.01065    0.01729    0.02767    0.06407    0.07445    0.24767    0.26449    0.26897
   0.26997    0.29540    0.30481    0.31193    0.40533    0.42112    0.53120    0.54680
   0.59933    0.61022    0.65964    0.69146    0.70645    0.70937    0.75925    0.77515
 kpt# 105, nband= 48, wtk=  1.00000, kpt=  0.5000 -0.2167  0.0000 (reduced coord)
  -2.85353   -2.66494   -1.70775   -1.70557   -1.70537   -1.52299   -1.52072   -1.52044
  -0.76493   -0.76333   -0.75340   -0.75236   -0.15074   -0.14245   -0.12075   -0.10156
  -0.09464   -0.09089   -0.08178   -0.07684   -0.07298   -0.07296   -0.05187   -0.04757
   0.01056    0.01722    0.02787    0.06314    0.07437    0.24777    0.26440    0.26904
   0.27003    0.29756    0.30486    0.31317    0.40183    0.41761    0.53511    0.55070
   0.59824    0.60984    0.65981    0.69195    0.70722    0.70983    0.75854    0.77496
 kpt# 106, nband= 48, wtk=  1.00000, kpt=  0.5000 -0.2333  0.0000 (reduced coord)
  -2.85353   -2.66494   -1.70775   -1.70557   -1.70537   -1.52299   -1.52072   -1.52044
  -0.76488   -0.76325   -0.75350   -0.75241   -0.15119   -0.14310   -0.12077   -0.10077
  -0.09447   -0.09092   -0.08084   -0.07667   -0.07301   -0.07212   -0.05269   -0.04799
   0.01046    0.01715    0.02807    0.06218    0.07428    0.24786    0.26432    0.26910
   0.27010    0.29983    0.30491    0.31451    0.39833    0.41401    0.53911    0.55465
   0.59716    0.60946    0.66000    0.69219    0.70793    0.71031    0.75788    0.78210
 kpt# 107, nband= 48, wtk=  1.00000, kpt=  0.5000 -0.2500  0.0000 (reduced coord)
  -2.85353   -2.66494   -1.70775   -1.70557   -1.70537   -1.52299   -1.52072   -1.52044
  -0.76482   -0.76317   -0.75359   -0.75246   -0.15166   -0.14370   -0.12079   -0.10002
  -0.09428   -0.09095   -0.07987   -0.07651   -0.07306   -0.07123   -0.05352   -0.04843
   0.01036    0.01708    0.02826    0.06120    0.07420    0.24795    0.26425    0.26917
   0.27017    0.30221    0.30497    0.31593    0.39484    0.41035    0.54316    0.55864
   0.59610    0.60908    0.66018    0.69214    0.70855    0.71081    0.75707    0.77430
 kpt# 108, nband= 48, wtk=  1.00000, kpt=  0.5000 -0.2667  0.0000 (reduced coord)
  -2.85353   -2.66494   -1.70774   -1.70557   -1.70537   -1.52299   -1.52072   -1.52044
  -0.76476   -0.76308   -0.75369   -0.75250   -0.15214   -0.14426   -0.12081   -0.09930
  -0.09406   -0.09097   -0.07890   -0.07637   -0.07308   -0.07034   -0.05436   -0.04889
   0.01026    0.01701    0.02845    0.06022    0.07411    0.24805    0.26419    0.26924
   0.27024    0.30470    0.30502    0.31744    0.39138    0.40665    0.54725    0.56266
   0.59507    0.60871    0.66037    0.69175    0.70905    0.71131    0.75636    0.77358
 kpt# 109, nband= 48, wtk=  1.00000, kpt=  0.5000 -0.2833  0.0000 (reduced coord)
  -2.85353   -2.66494   -1.70774   -1.70557   -1.70537   -1.52299   -1.52072   -1.52044
  -0.76470   -0.76299   -0.75379   -0.75255   -0.15263   -0.14477   -0.12083   -0.09862
  -0.09383   -0.09099   -0.07794   -0.07626   -0.07309   -0.06944   -0.05518   -0.04937
   0.01015    0.01694    0.02864    0.05924    0.07402    0.24814    0.26414    0.26930
   0.27030    0.30507    0.30728    0.31904    0.38794    0.40293    0.55133    0.56670
   0.59408    0.60836    0.66055    0.69101    0.70941    0.71182    0.75566    0.76868
 kpt# 110, nband= 48, wtk=  1.00000, kpt=  0.5000 -0.3000  0.0000 (reduced coord)
  -2.85353   -2.66494   -1.70774   -1.70557   -1.70537   -1.52299   -1.52072   -1.52044
  -0.76464   -0.76291   -0.75389   -0.75260   -0.15311   -0.14524   -0.12085   -0.09798
  -0.09358   -0.09100   -0.07700   -0.07618   -0.07308   -0.06855   -0.05599   -0.04987
   0.01005    0.01687    0.02882    0.05828    0.07394    0.24822    0.26411    0.26936
   0.27037    0.30512    0.30995    0.32072    0.38454    0.39920    0.55539    0.57073
   0.59314    0.60802    0.66074    0.68990    0.70959    0.71232    0.75500    0.76299
 kpt# 111, nband= 48, wtk=  1.00000, kpt=  0.5000 -0.3167  0.0000 (reduced coord)
  -2.85353   -2.66494   -1.70775   -1.70557   -1.70537   -1.52299   -1.52072   -1.52044
  -0.76458   -0.76282   -0.75398   -0.75265   -0.15358   -0.14566   -0.12087   -0.09737
  -0.09332   -0.09101   -0.07613   -0.07610   -0.07305   -0.06767   -0.05676   -0.05038
   0.00994    0.01680    0.02898    0.05735    0.07386    0.24831    0.26408    0.26943
   0.27043    0.30517    0.31270    0.32248    0.38118    0.39547    0.55939    0.57475
   0.59225    0.60771    0.66092    0.68842    0.70956    0.71282    0.75440    0.75674
 kpt# 112, nband= 48, wtk=  1.00000, kpt=  0.5000 -0.3333  0.0000 (reduced coord)
  -2.85353   -2.66494   -1.70775   -1.70557   -1.70537   -1.52299   -1.52072   -1.52044
  -0.76453   -0.76274   -0.75408   -0.75270   -0.15403   -0.14604   -0.12089   -0.09680
  -0.09307   -0.09102   -0.07610   -0.07525   -0.07300   -0.06680   -0.05749   -0.05091
   0.00984    0.01674    0.02914    0.05645    0.07378    0.24839    0.26406    0.26948
   0.27049    0.30521    0.31552    0.32430    0.37786    0.39177    0.56330    0.57872
   0.59142    0.60743    0.66109    0.68660    0.70928    0.71330    0.75193    0.75371
 kpt# 113, nband= 48, wtk=  1.00000, kpt=  0.5000 -0.3500  0.0000 (reduced coord)
  -2.85353   -2.66494   -1.70775   -1.70557   -1.70537   -1.52299   -1.52072   -1.52044
  -0.76448   -0.76266   -0.75417   -0.75274   -0.15446   -0.14637   -0.12091   -0.09627
  -0.09280   -0.09102   -0.07609   -0.07448   -0.07294   -0.06596   -0.05815   -0.05145
   0.00974    0.01668    0.02928    0.05560    0.07371    0.24846    0.26404    0.26954
   0.27055    0.30526    0.31841    0.32620    0.37459    0.38811    0.56709    0.58261
   0.59068    0.60719    0.66125    0.68447    0.70873    0.71376    0.74755    0.75315
 kpt# 114, nband= 48, wtk=  1.00000, kpt=  0.5000 -0.3667  0.0000 (reduced coord)
  -2.85353   -2.66494   -1.70775   -1.70557   -1.70537   -1.52299   -1.52072   -1.52044
  -0.76443   -0.76258   -0.75425   -0.75278   -0.15485   -0.14667   -0.12093   -0.09578
  -0.09254   -0.09101   -0.07609   -0.07379   -0.07286   -0.06515   -0.05873   -0.05199
   0.00965    0.01662    0.02941    0.05481    0.07364    0.24853    0.26403    0.26959
   0.27060    0.30529    0.32135    0.32816    0.37137    0.38450    0.57070    0.58632
   0.59010    0.60698    0.66140    0.68211    0.70789    0.71419    0.74375    0.75260
 kpt# 115, nband= 48, wtk=  1.00000, kpt=  0.5000 -0.3833  0.0000 (reduced coord)
  -2.85353   -2.66494   -1.70774   -1.70557   -1.70537   -1.52299   -1.52072   -1.52044
  -0.76438   -0.76251   -0.75433   -0.75282   -0.15521   -0.14693   -0.12094   -0.09535
  -0.09228   -0.09101   -0.07611   -0.07320   -0.07279   -0.06437   -0.05923   -0.05254
   0.00957    0.01657    0.02953    0.05408    0.07358    0.24859    0.26403    0.26964
   0.27065    0.30533    0.32432    0.33016    0.36820    0.38098    0.57410    0.58871
   0.59076    0.60682    0.66154    0.67957    0.70675    0.71460    0.74053    0.75214
 kpt# 116, nband= 48, wtk=  1.00000, kpt=  0.5000 -0.4000  0.0000 (reduced coord)
  -2.85353   -2.66494   -1.70774   -1.70557   -1.70537   -1.52299   -1.52072   -1.52044
  -0.76435   -0.76245   -0.75440   -0.75285   -0.15553   -0.14715   -0.12095   -0.09496
  -0.09203   -0.09100   -0.07614   -0.07271   -0.07271   -0.06364   -0.05963   -0.05308
   0.00949    0.01652    0.02963    0.05343    0.07352    0.24864    0.26403    0.26968
   0.27069    0.30536    0.32732    0.33219    0.36509    0.37758    0.57722    0.58854
   0.59386    0.60672    0.66167    0.67697    0.70538    0.71496    0.73792    0.75170
 kpt# 117, nband= 48, wtk=  1.00000, kpt=  0.5000 -0.4167  0.0000 (reduced coord)
  -2.85353   -2.66494   -1.70774   -1.70557   -1.70537   -1.52299   -1.52072   -1.52044
  -0.76431   -0.76239   -0.75446   -0.75288   -0.15580   -0.14734   -0.12097   -0.09464
  -0.09180   -0.09100   -0.07617   -0.07264   -0.07234   -0.06296   -0.05993   -0.05362
   0.00942    0.01648    0.02972    0.05287    0.07348    0.24869    0.26403    0.26972
   0.27073    0.30539    0.33033    0.33422    0.36204    0.37435    0.57999    0.58814
   0.59697    0.60669    0.66178    0.67441    0.70386    0.71528    0.73589    0.75137
 kpt# 118, nband= 48, wtk=  1.00000, kpt=  0.5000 -0.4333  0.0000 (reduced coord)
  -2.85353   -2.66494   -1.70774   -1.70557   -1.70537   -1.52299   -1.52072   -1.52044
  -0.76428   -0.76235   -0.75451   -0.75291   -0.15603   -0.14749   -0.12098   -0.09437
  -0.09159   -0.09099   -0.07619   -0.07258   -0.07207   -0.06235   -0.06014   -0.05412
   0.00936    0.01645    0.02979    0.05239    0.07344    0.24872    0.26403    0.26975
   0.27076    0.30542    0.33330    0.33619    0.35906    0.37134    0.58235    0.58780
   0.59973    0.60676    0.66187    0.67201    0.70234    0.71554    0.73437    0.75104
 kpt# 119, nband= 48, wtk=  1.00000, kpt=  0.5000 -0.4500  0.0000 (reduced coord)
  -2.85353   -2.66494   -1.70774   -1.70557   -1.70537   -1.52299   -1.52072   -1.52044
  -0.76426   -0.76231   -0.75455   -0.75293   -0.15621   -0.14761   -0.12098   -0.09416
  -0.09141   -0.09098   -0.07622   -0.07253   -0.07188   -0.06182   -0.06026   -0.05457
   0.00932    0.01642    0.02985    0.05202    0.07341    0.24875    0.26403    0.26977
   0.27078    0.30544    0.33621    0.33802    0.35618    0.36869    0.58421    0.58758
   0.60193    0.60696    0.66194    0.66993    0.70096    0.71576    0.73329    0.75079
 kpt# 120, nband= 48, wtk=  1.00000, kpt=  0.5000 -0.4667  0.0000 (reduced coord)
  -2.85353   -2.66494   -1.70774   -1.70557   -1.70537   -1.52299   -1.52072   -1.52044
  -0.76424   -0.76228   -0.75458   -0.75294   -0.15634   -0.14769   -0.12099   -0.09401
  -0.09127   -0.09098   -0.07624   -0.07249   -0.07176   -0.06143   -0.06030   -0.05495
   0.00929    0.01640    0.02989    0.05175    0.07339    0.24878    0.26403    0.26979
   0.27080    0.30545    0.33891    0.33961    0.35348    0.36653    0.58547    0.58753
   0.60342    0.60733    0.66199    0.66829    0.69985    0.71591    0.73258    0.75061
 kpt# 121, nband= 48, wtk=  1.00000, kpt=  0.5000 -0.4833  0.0000 (reduced coord)
  -2.85353   -2.66494   -1.70774   -1.70557   -1.70537   -1.52299   -1.52072   -1.52044
  -0.76423   -0.76226   -0.75460   -0.75295   -0.15642   -0.14774   -0.12099   -0.09393
  -0.09119   -0.09098   -0.07625   -0.07246   -0.07170   -0.06120   -0.06029   -0.05520
   0.00926    0.01639    0.02991    0.05158    0.07337    0.24879    0.26403    0.26980
   0.27081    0.30546    0.34054    0.34136    0.35121    0.36508    0.58607    0.58767
   0.60419    0.60775    0.66202    0.66724    0.69914    0.71601    0.73217    0.75051
 kpt# 122, nband= 48, wtk=  1.00000, kpt=  0.5000 -0.5000  0.0000 (reduced coord)
  -2.85353   -2.66494   -1.70774   -1.70557   -1.70537   -1.52299   -1.52072   -1.52044
  -0.76423   -0.76226   -0.75461   -0.75295   -0.15645   -0.14776   -0.12099   -0.09390
  -0.09116   -0.09097   -0.07625   -0.07245   -0.07168   -0.06112   -0.06027   -0.05529
   0.00926    0.01639    0.02992    0.05153    0.07337    0.24879    0.26403    0.26980
   0.27081    0.30546    0.34095    0.34239    0.35016    0.36457    0.58622    0.58778
   0.60441    0.60793    0.66203    0.66688    0.69890    0.71604    0.73204    0.75048
 kpt# 123, nband= 48, wtk=  1.00000, kpt=  0.4944 -0.4889  0.0083 (reduced coord)
  -2.85353   -2.66494   -1.70774   -1.70557   -1.70537   -1.52299   -1.52072   -1.52044
  -0.76423   -0.76225   -0.75461   -0.75295   -0.15643   -0.14773   -0.12102   -0.09421
  -0.09115   -0.09068   -0.07629   -0.07249   -0.07165   -0.06118   -0.06032   -0.05523
   0.00928    0.01640    0.02990    0.05158    0.07335    0.24882    0.26406    0.26979
   0.27080    0.30542    0.34096    0.34135    0.35124    0.36473    0.58610    0.58773
   0.60412    0.60793    0.66011    0.66854    0.69880    0.71664    0.73208    0.75066
 kpt# 124, nband= 48, wtk=  1.00000, kpt=  0.4889 -0.4778  0.0167 (reduced coord)
  -2.85353   -2.66494   -1.70774   -1.70557   -1.70538   -1.52299   -1.52072   -1.52044
  -0.76424   -0.76224   -0.75461   -0.75295   -0.15637   -0.14765   -0.12109   -0.09493
  -0.09114   -0.09003   -0.07639   -0.07259   -0.07156   -0.06136   -0.06044   -0.05505
   0.00935    0.01643    0.02986    0.05174    0.07329    0.24889    0.26414    0.26977
   0.27078    0.30529    0.33909    0.34104    0.35352    0.36526    0.58575    0.58762
   0.60325    0.60792    0.65684    0.67095    0.69873    0.71830    0.73217    0.75079
 kpt# 125, nband= 48, wtk=  1.00000, kpt=  0.4833 -0.4667  0.0250 (reduced coord)
  -2.85353   -2.66494   -1.70774   -1.70557   -1.70538   -1.52299   -1.52072   -1.52045
  -0.76425   -0.76221   -0.75460   -0.75293   -0.15627   -0.14751   -0.12121   -0.09580
  -0.09112   -0.08928   -0.07656   -0.07276   -0.07142   -0.06164   -0.06063   -0.05479
   0.00947    0.01648    0.02979    0.05200    0.07319    0.24901    0.26426    0.26973
   0.27074    0.30507    0.33655    0.34114    0.35606    0.36622    0.58512    0.58746
   0.60181    0.60792    0.65346    0.67265    0.69910    0.72075    0.73227    0.75121
 kpt# 126, nband= 48, wtk=  1.00000, kpt=  0.4778 -0.4556  0.0333 (reduced coord)
  -2.85353   -2.66494   -1.70774   -1.70557   -1.70538   -1.52299   -1.52072   -1.52045
  -0.76427   -0.76217   -0.75459   -0.75292   -0.15613   -0.14732   -0.12138   -0.09674
  -0.09109   -0.08852   -0.07680   -0.07300   -0.07125   -0.06199   -0.06084   -0.05446
   0.00963    0.01654    0.02970    0.05236    0.07306    0.24918    0.26444    0.26967
   0.27068    0.30475    0.33399    0.34129    0.35846    0.36776    0.58421    0.58728
   0.59980    0.60795    0.65024    0.67325    0.70025    0.72373    0.73230    0.75182
 kpt# 127, nband= 48, wtk=  1.00000, kpt=  0.4722 -0.4444  0.0417 (reduced coord)
  -2.85353   -2.66494   -1.70774   -1.70557   -1.70539   -1.52299   -1.52072   -1.52046
  -0.76429   -0.76211   -0.75459   -0.75290   -0.15596   -0.14707   -0.12158   -0.09769
  -0.09105   -0.08781   -0.07710   -0.07330   -0.07105   -0.06239   -0.06103   -0.05410
   0.00982    0.01663    0.02957    0.05282    0.07289    0.24939    0.26466    0.26960
   0.27060    0.30435    0.33151    0.34147    0.36051    0.36996    0.58302    0.58706
   0.59729    0.60800    0.64724    0.67274    0.70214    0.72705    0.73217    0.75268
 kpt# 128, nband= 48, wtk=  1.00000, kpt=  0.4667 -0.4333  0.0500 (reduced coord)
  -2.85353   -2.66494   -1.70774   -1.70557   -1.70539   -1.52299   -1.52072   -1.52047
  -0.76432   -0.76205   -0.75458   -0.75288   -0.15576   -0.14676   -0.12181   -0.09865
  -0.09100   -0.08718   -0.07746   -0.07367   -0.07088   -0.06284   -0.06118   -0.05372
   0.01006    0.01673    0.02942    0.05337    0.07268    0.24964    0.26492    0.26952
   0.27051    0.30383    0.32917    0.34169    0.36223    0.37277    0.58158    0.58677
   0.59438    0.60807    0.64448    0.67138    0.70446    0.73039    0.73193    0.75383
 kpt# 129, nband= 48, wtk=  1.00000, kpt=  0.4611 -0.4222  0.0583 (reduced coord)
  -2.85353   -2.66493   -1.70774   -1.70557   -1.70540   -1.52298   -1.52072   -1.52048
  -0.76435   -0.76197   -0.75457   -0.75286   -0.15552   -0.14640   -0.12208   -0.09959
  -0.09095   -0.08667   -0.07789   -0.07410   -0.07073   -0.06329   -0.06121   -0.05333
   0.01032    0.01685    0.02924    0.05400    0.07243    0.24993    0.26522    0.26941
   0.27040    0.30322    0.32700    0.34196    0.36375    0.37604    0.57987    0.58629
   0.59126    0.60814    0.64196    0.66946    0.70685    0.73073    0.73439    0.75532
 kpt# 130, nband= 48, wtk=  1.00000, kpt=  0.4556 -0.4111  0.0667 (reduced coord)
  -2.85353   -2.66493   -1.70774   -1.70557   -1.70541   -1.52298   -1.52072   -1.52049
  -0.76439   -0.76187   -0.75455   -0.75283   -0.15525   -0.14597   -0.12236   -0.10052
  -0.09089   -0.08629   -0.07839   -0.07459   -0.07066   -0.06374   -0.06111   -0.05295
   0.01061    0.01698    0.02903    0.05471    0.07215    0.25025    0.26554    0.26930
   0.27028    0.30250    0.32503    0.34226    0.36521    0.37963    0.57790    0.58515
   0.58852    0.60821    0.63963    0.66720    0.70899    0.72956    0.73784    0.75715
 kpt# 131, nband= 48, wtk=  1.00000, kpt=  0.4500 -0.4000  0.0750 (reduced coord)
  -2.85353   -2.66493   -1.70774   -1.70557   -1.70542   -1.52298   -1.52072   -1.52050
  -0.76443   -0.76177   -0.75454   -0.75281   -0.15495   -0.14549   -0.12267   -0.10144
  -0.09083   -0.08607   -0.07897   -0.07512   -0.07066   -0.06414   -0.06086   -0.05258
   0.01091    0.01711    0.02880    0.05548    0.07184    0.25059    0.26588    0.26916
   0.27015    0.30170    0.32327    0.34260    0.36670    0.38343    0.57563    0.58250
   0.58713    0.60827    0.63746    0.66477    0.71063    0.72799    0.74104    0.75980
 kpt# 132, nband= 48, wtk=  1.00000, kpt=  0.4444 -0.3889  0.0833 (reduced coord)
  -2.85353   -2.66493   -1.70774   -1.70556   -1.70543   -1.52298   -1.52071   -1.52052
  -0.76448   -0.76165   -0.75452   -0.75278   -0.15463   -0.14495   -0.12298   -0.10232
  -0.09078   -0.08602   -0.07965   -0.07568   -0.07076   -0.06446   -0.06046   -0.05223
   0.01124    0.01726    0.02854    0.05631    0.07150    0.25096    0.26623    0.26902
   0.27000    0.30082    0.32172    0.34299    0.36826    0.38740    0.57295    0.57913
   0.58648    0.60829    0.63538    0.66227    0.71154    0.72619    0.74383    0.76198
 kpt# 133, nband= 48, wtk=  1.00000, kpt=  0.4389 -0.3778  0.0917 (reduced coord)
  -2.85353   -2.66493   -1.70773   -1.70556   -1.70544   -1.52297   -1.52071   -1.52053
  -0.76452   -0.76152   -0.75451   -0.75275   -0.15428   -0.14434   -0.12330   -0.10319
  -0.09073   -0.08613   -0.08045   -0.07624   -0.07096   -0.06467   -0.05992   -0.05189
   0.01157    0.01742    0.02826    0.05718    0.07112    0.25135    0.26656    0.26886
   0.26984    0.29991    0.32036    0.34343    0.36993    0.39148    0.56977    0.57583
   0.58599    0.60825    0.63338    0.65978    0.71153    0.72437    0.74615    0.76496
 kpt# 134, nband= 48, wtk=  1.00000, kpt=  0.4333 -0.3667  0.1000 (reduced coord)
  -2.85353   -2.66493   -1.70773   -1.70556   -1.70545   -1.52297   -1.52071   -1.52055
  -0.76457   -0.76138   -0.75449   -0.75273   -0.15391   -0.14368   -0.12361   -0.10403
  -0.09070   -0.08641   -0.08139   -0.07678   -0.07127   -0.06473   -0.05927   -0.05158
   0.01191    0.01758    0.02795    0.05809    0.07071    0.25176    0.26687    0.26868
   0.26967    0.29899    0.31919    0.34391    0.37173    0.39567    0.56606    0.57282
   0.58551    0.60813    0.63140    0.65735    0.71046    0.72274    0.74806    0.76827
 kpt# 135, nband= 48, wtk=  1.00000, kpt=  0.4278 -0.3556  0.1083 (reduced coord)
  -2.85353   -2.66493   -1.70773   -1.70556   -1.70546   -1.52297   -1.52071   -1.52057
  -0.76462   -0.76123   -0.75447   -0.75270   -0.15353   -0.14296   -0.12392   -0.10484
  -0.09070   -0.08682   -0.08245   -0.07729   -0.07167   -0.06464   -0.05854   -0.05128
   0.01225    0.01775    0.02762    0.05902    0.07028    0.25219    0.26714    0.26850
   0.26949    0.29811    0.31819    0.34445    0.37366    0.39994    0.56196    0.57005
   0.58502    0.60788    0.62942    0.65506    0.70838    0.72139    0.74966    0.77155
 kpt# 136, nband= 48, wtk=  1.00000, kpt=  0.4222 -0.3444  0.1167 (reduced coord)
  -2.85353   -2.66493   -1.70773   -1.70556   -1.70548   -1.52296   -1.52071   -1.52059
  -0.76467   -0.76107   -0.75445   -0.75268   -0.15312   -0.14218   -0.12421   -0.10562
  -0.09074   -0.08733   -0.08364   -0.07777   -0.07216   -0.06442   -0.05775   -0.05100
   0.01259    0.01793    0.02727    0.05997    0.06982    0.25262    0.26734    0.26830
   0.26930    0.29732    0.31732    0.34506    0.37574    0.40428    0.55764    0.56742
   0.58449    0.60746    0.62745    0.65292    0.70552    0.72020    0.75103    0.78155
 kpt# 137, nband= 48, wtk=  1.00000, kpt=  0.4167 -0.3333  0.1250 (reduced coord)
  -2.85352   -2.66493   -1.70773   -1.70556   -1.70549   -1.52296   -1.52071   -1.52061
  -0.76472   -0.76089   -0.75443   -0.75266   -0.15269   -0.14135   -0.12449   -0.10638
  -0.09088   -0.08789   -0.08493   -0.07822   -0.07271   -0.06407   -0.05693   -0.05073
   0.01292    0.01811    0.02690    0.06091    0.06935    0.25307    0.26745    0.26809
   0.26911    0.29664    0.31658    0.34573    0.37796    0.40869    0.55322    0.56486
   0.58394    0.60684    0.62546    0.65099    0.70213    0.71905    0.75220    0.77769
 kpt# 138, nband= 48, wtk=  1.00000, kpt=  0.4111 -0.3222  0.1333 (reduced coord)
  -2.85352   -2.66493   -1.70772   -1.70556   -1.70551   -1.52296   -1.52071   -1.52063
  -0.76477   -0.76071   -0.75441   -0.75264   -0.15225   -0.14047   -0.12474   -0.10711
  -0.09116   -0.08843   -0.08629   -0.07864   -0.07331   -0.06364   -0.05611   -0.05046
   0.01325    0.01830    0.02651    0.06184    0.06886    0.25352    0.26748    0.26787
   0.26891    0.29612    0.31593    0.34648    0.38033    0.41315    0.54876    0.56233
   0.58336    0.60596    0.62348    0.64928    0.69839    0.71789    0.75320    0.78061
 kpt# 139, nband= 48, wtk=  1.00000, kpt=  0.4056 -0.3111  0.1417 (reduced coord)
  -2.85352   -2.66493   -1.70772   -1.70556   -1.70552   -1.52295   -1.52071   -1.52066
  -0.76481   -0.76052   -0.75438   -0.75263   -0.15179   -0.13954   -0.12496   -0.10782
  -0.09165   -0.08891   -0.08766   -0.07904   -0.07394   -0.06314   -0.05531   -0.05020
   0.01356    0.01850    0.02610    0.06273    0.06837    0.25399    0.26740    0.26764
   0.26870    0.29578    0.31536    0.34732    0.38284    0.41766    0.54431    0.55984
   0.58274    0.60477    0.62151    0.64782    0.69443    0.71669    0.75403    0.78378
 kpt# 140, nband= 48, wtk=  1.00000, kpt=  0.4000 -0.3000  0.1500 (reduced coord)
  -2.85352   -2.66493   -1.70772   -1.70556   -1.70554   -1.52295   -1.52070   -1.52068
  -0.76485   -0.76033   -0.75436   -0.75262   -0.15132   -0.13857   -0.12514   -0.10849
  -0.09238   -0.08960   -0.08872   -0.07942   -0.07458   -0.06261   -0.05456   -0.04991
   0.01386    0.01871    0.02568    0.06356    0.06789    0.25446    0.26724    0.26741
   0.26849    0.29561    0.31485    0.34825    0.38550    0.42220    0.53990    0.55737
   0.58209    0.60326    0.61957    0.64661    0.69032    0.71548    0.75466    0.78701
 kpt# 141, nband= 48, wtk=  1.00000, kpt=  0.3944 -0.2889  0.1583 (reduced coord)
  -2.85352   -2.66492   -1.70771   -1.70556   -1.70556   -1.52294   -1.52070   -1.52070
  -0.76489   -0.76013   -0.75434   -0.75261   -0.15083   -0.13756   -0.12529   -0.10915
  -0.09330   -0.09091   -0.08909   -0.07976   -0.07522   -0.06205   -0.05388   -0.04960
   0.01415    0.01892    0.02525    0.06428    0.06747    0.25493    0.26702    0.26716
   0.26827    0.29561    0.31440    0.34929    0.38831    0.42677    0.53556    0.55492
   0.58142    0.60142    0.61767    0.64563    0.68612    0.71428    0.75510    0.78958
 kpt# 142, nband= 48, wtk=  1.00000, kpt=  0.3889 -0.2778  0.1667 (reduced coord)
  -2.85352   -2.66492   -1.70771   -1.70558   -1.70556   -1.52294   -1.52073   -1.52070
  -0.76491   -0.75992   -0.75431   -0.75261   -0.15033   -0.13653   -0.12540   -0.10978
  -0.09437   -0.09234   -0.08925   -0.08008   -0.07586   -0.06151   -0.05331   -0.04923
   0.01442    0.01914    0.02481    0.06477    0.06722    0.25541    0.26675    0.26691
   0.26804    0.29578    0.31399    0.35045    0.39126    0.43135    0.53130    0.55251
   0.58072    0.59926    0.61579    0.64489    0.68184    0.71315    0.75530    0.79217
 kpt# 143, nband= 48, wtk=  1.00000, kpt=  0.3833 -0.2667  0.1750 (reduced coord)
  -2.85352   -2.66492   -1.70771   -1.70559   -1.70555   -1.52293   -1.52076   -1.52070
  -0.76493   -0.75971   -0.75429   -0.75261   -0.14981   -0.13548   -0.12546   -0.11038
  -0.09557   -0.09377   -0.08936   -0.08036   -0.07648   -0.06097   -0.05285   -0.04881
   0.01467    0.01938    0.02436    0.06486    0.06730    0.25589    0.26646    0.26664
   0.26780    0.29607    0.31362    0.35172    0.39434    0.43593    0.52714    0.55013
   0.57999    0.59683    0.61392    0.64435    0.67752    0.71211    0.75526    0.79464
 kpt# 144, nband= 48, wtk=  1.00000, kpt=  0.3778 -0.2556  0.1833 (reduced coord)
  -2.85352   -2.66492   -1.70771   -1.70561   -1.70555   -1.52293   -1.52078   -1.52070
  -0.76495   -0.75950   -0.75427   -0.75262   -0.14928   -0.13443   -0.12547   -0.11095
  -0.09687   -0.09515   -0.08945   -0.08062   -0.07709   -0.06047   -0.05252   -0.04834
   0.01490    0.01963    0.02390    0.06457    0.06770    0.25638    0.26618    0.26638
   0.26754    0.29648    0.31328    0.35313    0.39756    0.44049    0.52310    0.54780
   0.57923    0.59417    0.61206    0.64398    0.67316    0.71118    0.75493    0.79652
 kpt# 145, nband= 48, wtk=  1.00000, kpt=  0.3722 -0.2444  0.1917 (reduced coord)
  -2.85352   -2.66492   -1.70770   -1.70563   -1.70555   -1.52292   -1.52081   -1.52070
  -0.76495   -0.75928   -0.75424   -0.75263   -0.14874   -0.13339   -0.12543   -0.11149
  -0.09824   -0.09647   -0.08953   -0.08084   -0.07766   -0.06000   -0.05229   -0.04784
   0.01511    0.01989    0.02345    0.06409    0.06821    0.25686    0.26594    0.26611
   0.26728    0.29697    0.31297    0.35467    0.40091    0.44500    0.51919    0.54552
   0.57845    0.59133    0.61018    0.64375    0.66880    0.71040    0.75430    0.79814
 kpt# 146, nband= 48, wtk=  1.00000, kpt=  0.3667 -0.2333  0.2000 (reduced coord)
  -2.85352   -2.66492   -1.70770   -1.70565   -1.70555   -1.52292   -1.52084   -1.52069
  -0.76495   -0.75907   -0.75422   -0.75265   -0.14818   -0.13237   -0.12533   -0.11200
  -0.09966   -0.09775   -0.08962   -0.08106   -0.07820   -0.05958   -0.05215   -0.04732
   0.01530    0.02016    0.02300    0.06352    0.06874    0.25735    0.26577    0.26583
   0.26702    0.29752    0.31268    0.35636    0.40439    0.44942    0.51544    0.54330
   0.57761    0.58838    0.60828    0.64363    0.66443    0.70977    0.75335    0.79949
 kpt# 147, nband= 48, wtk=  1.00000, kpt=  0.3611 -0.2222  0.2083 (reduced coord)
  -2.85352   -2.66492   -1.70770   -1.70567   -1.70555   -1.52291   -1.52087   -1.52069
  -0.76493   -0.75885   -0.75420   -0.75267   -0.14761   -0.13139   -0.12518   -0.11246
  -0.10108   -0.09899   -0.08971   -0.08127   -0.07868   -0.05922   -0.05209   -0.04682
   0.01546    0.02044    0.02255    0.06291    0.06922    0.25783    0.26555    0.26568
   0.26675    0.29809    0.31241    0.35819    0.40799    0.45370    0.51189    0.54116
   0.57670    0.58539    0.60638    0.64355    0.66008    0.70931    0.75205    0.80013
 kpt# 148, nband= 48, wtk=  1.00000, kpt=  0.3556 -0.2111  0.2167 (reduced coord)
  -2.85351   -2.66492   -1.70769   -1.70569   -1.70555   -1.52290   -1.52090   -1.52069
  -0.76491   -0.75864   -0.75418   -0.75270   -0.14702   -0.13048   -0.12496   -0.11287
  -0.10248   -0.10020   -0.08980   -0.08149   -0.07909   -0.05892   -0.05209   -0.04634
   0.01561    0.02074    0.02211    0.06228    0.06964    0.25830    0.26527    0.26568
   0.26650    0.29867    0.31217    0.36018    0.41170    0.45778    0.50859    0.53911
   0.57565    0.58246    0.60446    0.64347    0.65578    0.70900    0.75039    0.80050
 kpt# 149, nband= 48, wtk=  1.00000, kpt=  0.3500 -0.2000  0.2250 (reduced coord)
  -2.85351   -2.66491   -1.70769   -1.70571   -1.70555   -1.52290   -1.52093   -1.52069
  -0.76487   -0.75843   -0.75416   -0.75273   -0.14643   -0.12966   -0.12470   -0.11322
  -0.10385   -0.10138   -0.08989   -0.08175   -0.07942   -0.05868   -0.05215   -0.04591
   0.01573    0.02105    0.02169    0.06164    0.07000    0.25876    0.26499    0.26577
   0.26628    0.29925    0.31196    0.36231    0.41551    0.46154    0.50563    0.53718
   0.57432    0.57976    0.60256    0.64327    0.65166    0.70885    0.74839    0.80040
 kpt# 150, nband= 48, wtk=  1.00000, kpt=  0.3444 -0.1889  0.2333 (reduced coord)
  -2.85351   -2.66491   -1.70769   -1.70573   -1.70555   -1.52289   -1.52096   -1.52069
  -0.76483   -0.75822   -0.75414   -0.75277   -0.14583   -0.12893   -0.12440   -0.11349
  -0.10515   -0.10251   -0.08999   -0.08204   -0.07966   -0.05850   -0.05225   -0.04553
   0.01584    0.02124    0.02142    0.06099    0.07029    0.25920    0.26471    0.26575
   0.26630    0.29980    0.31177    0.36460    0.41941    0.46484    0.50312    0.53538
   0.57246    0.57757    0.60067    0.64251    0.64810    0.70882    0.74604    0.80000
 kpt# 151, nband= 48, wtk=  1.00000, kpt=  0.3389 -0.1778  0.2417 (reduced coord)
  -2.85351   -2.66491   -1.70768   -1.70576   -1.70554   -1.52289   -1.52099   -1.52069
  -0.76477   -0.75802   -0.75413   -0.75281   -0.14522   -0.12830   -0.12411   -0.11367
  -0.10639   -0.10357   -0.09007   -0.08236   -0.07982   -0.05839   -0.05239   -0.04521
   0.01592    0.02087    0.02174    0.06034    0.07051    0.25964    0.26443    0.26554
   0.26666    0.30031    0.31163    0.36703    0.42340    0.46748    0.50121    0.53375
   0.57000    0.57599    0.59883    0.64021    0.64610    0.70890    0.74339    0.79929
 kpt# 152, nband= 48, wtk=  1.00000, kpt=  0.3333 -0.1667  0.2500 (reduced coord)
  -2.85351   -2.66491   -1.70768   -1.70578   -1.70554   -1.52288   -1.52102   -1.52068
  -0.76470   -0.75782   -0.75412   -0.75285   -0.14461   -0.12778   -0.12385   -0.11377
  -0.10755   -0.10455   -0.09016   -0.08271   -0.07991   -0.05834   -0.05257   -0.04495
   0.01598    0.02050    0.02209    0.05968    0.07065    0.26007    0.26415    0.26527
   0.26722    0.30077    0.31153    0.36960    0.42745    0.46922    0.50009    0.53235
   0.56718    0.57483    0.59702    0.63652    0.64550    0.70904    0.74047    0.79830
 kpt# 153, nband= 48, wtk=  1.00000, kpt=  0.1667  0.3333  0.2500 (reduced coord)
  -2.85351   -2.66491   -1.70768   -1.70578   -1.70554   -1.52288   -1.52102   -1.52068
  -0.76438   -0.75876   -0.75376   -0.75257   -0.14629   -0.13374   -0.11964   -0.11564
  -0.11190   -0.09935   -0.08439   -0.08072   -0.07937   -0.05916   -0.05305   -0.04369
   0.01688    0.02009    0.02439    0.05615    0.06476    0.25920    0.26384    0.26416
   0.27970    0.29571    0.30762    0.36918    0.42691    0.47679    0.49727    0.53095
   0.56810    0.57093    0.59353    0.64802    0.65397    0.71285    0.72179    0.80071
 kpt# 154, nband= 48, wtk=  1.00000, kpt=  0.1778  0.3389  0.2417 (reduced coord)
  -2.85351   -2.66491   -1.70768   -1.70576   -1.70554   -1.52289   -1.52099   -1.52069
  -0.76442   -0.75900   -0.75372   -0.75257   -0.14665   -0.13479   -0.11993   -0.11505
  -0.11087   -0.09857   -0.08403   -0.08021   -0.07932   -0.05936   -0.05315   -0.04370
   0.01684    0.02009    0.02437    0.05663    0.06472    0.25872    0.26408    0.26442
   0.27895    0.29532    0.30805    0.36642    0.42301    0.47434    0.49904    0.53253
   0.57060    0.57215    0.59564    0.65101    0.65523    0.71244    0.72531    0.80020
 kpt# 155, nband= 48, wtk=  1.00000, kpt=  0.1889  0.3444  0.2333 (reduced coord)
  -2.85351   -2.66491   -1.70769   -1.70573   -1.70554   -1.52289   -1.52096   -1.52069
  -0.76444   -0.75924   -0.75368   -0.75258   -0.14698   -0.13586   -0.12025   -0.11457
  -0.10962   -0.09776   -0.08367   -0.07974   -0.07922   -0.05964   -0.05330   -0.04376
   0.01676    0.02005    0.02441    0.05707    0.06473    0.25823    0.26434    0.26468
   0.27818    0.29506    0.30851    0.36377    0.41915    0.47083    0.50177    0.53437
   0.57254    0.57383    0.59786    0.65147    0.65906    0.71211    0.72866    0.79912
 kpt# 156, nband= 48, wtk=  1.00000, kpt=  0.2000  0.3500  0.2250 (reduced coord)
  -2.85351   -2.66491   -1.70769   -1.70571   -1.70555   -1.52290   -1.52093   -1.52069
  -0.76446   -0.75948   -0.75365   -0.75259   -0.14729   -0.13693   -0.12059   -0.11415
  -0.10822   -0.09691   -0.08329   -0.07949   -0.07889   -0.06000   -0.05347   -0.04388
   0.01666    0.01997    0.02449    0.05747    0.06479    0.25774    0.26461    0.26494
   0.27740    0.29493    0.30898    0.36125    0.41536    0.46673    0.50503    0.53645
   0.57391    0.57598    0.60014    0.65122    0.66363    0.71191    0.73177    0.79745
 kpt# 157, nband= 48, wtk=  1.00000, kpt=  0.2111  0.3556  0.2167 (reduced coord)
  -2.85351   -2.66492   -1.70769   -1.70569   -1.70555   -1.52290   -1.52090   -1.52069
  -0.76446   -0.75972   -0.75363   -0.75260   -0.14757   -0.13800   -0.12093   -0.11376
  -0.10671   -0.09603   -0.08291   -0.07942   -0.07837   -0.06043   -0.05368   -0.04405
   0.01652    0.01985    0.02462    0.05780    0.06493    0.25725    0.26489    0.26521
   0.27662    0.29490    0.30948    0.35886    0.41163    0.46231    0.50860    0.53872
   0.57513    0.57818    0.60244    0.65091    0.66836    0.71187    0.73458    0.79522
 kpt# 158, nband= 48, wtk=  1.00000, kpt=  0.2222  0.3611  0.2083 (reduced coord)
  -2.85352   -2.66492   -1.70770   -1.70567   -1.70555   -1.52291   -1.52087   -1.52069
  -0.76446   -0.75996   -0.75362   -0.75261   -0.14783   -0.13905   -0.12126   -0.11335
  -0.10513   -0.09514   -0.08252   -0.07940   -0.07781   -0.06093   -0.05391   -0.04428
   0.01635    0.01970    0.02479    0.05804    0.06515    0.25675    0.26518    0.26547
   0.27585    0.29498    0.31001    0.35660    0.40797    0.45772    0.51233    0.54118
   0.57632    0.58031    0.60468    0.65067    0.67313    0.71201    0.73708    0.79248
 kpt# 159, nband= 48, wtk=  1.00000, kpt=  0.2333  0.3667  0.2000 (reduced coord)
  -2.85352   -2.66492   -1.70770   -1.70565   -1.70555   -1.52292   -1.52084   -1.52070
  -0.76444   -0.76020   -0.75362   -0.75262   -0.14808   -0.14009   -0.12158   -0.11293
  -0.10351   -0.09423   -0.08212   -0.07940   -0.07724   -0.06149   -0.05417   -0.04455
   0.01615    0.01953    0.02499    0.05818    0.06545    0.25626    0.26547    0.26574
   0.27509    0.29513    0.31057    0.35447    0.40439    0.45303    0.51619    0.54380
   0.57749    0.58238    0.60682    0.65058    0.67792    0.71233    0.73922    0.78928
 kpt# 160, nband= 48, wtk=  1.00000, kpt=  0.2444  0.3722  0.1917 (reduced coord)
  -2.85352   -2.66492   -1.70770   -1.70563   -1.70555   -1.52292   -1.52081   -1.52070
  -0.76441   -0.76044   -0.75362   -0.75264   -0.14831   -0.14110   -0.12188   -0.11247
  -0.10186   -0.09333   -0.08174   -0.07939   -0.07666   -0.06210   -0.05444   -0.04488
   0.01592    0.01935    0.02522    0.05823    0.06582    0.25577    0.26578    0.26601
   0.27435    0.29536    0.31118    0.35250    0.40090    0.44830    0.52011    0.54656
   0.57863    0.58438    0.60880    0.65069    0.68270    0.71282    0.74103    0.78570
 kpt# 161, nband= 48, wtk=  1.00000, kpt=  0.2556  0.3778  0.1833 (reduced coord)
  -2.85352   -2.66492   -1.70771   -1.70561   -1.70555   -1.52293   -1.52078   -1.52070
  -0.76437   -0.76067   -0.75363   -0.75265   -0.14854   -0.14208   -0.12215   -0.11197
  -0.10019   -0.09244   -0.08139   -0.07937   -0.07610   -0.06275   -0.05473   -0.04525
   0.01566    0.01915    0.02547    0.05818    0.06625    0.25528    0.26609    0.26627
   0.27362    0.29566    0.31183    0.35067    0.39749    0.44356    0.52408    0.54946
   0.57975    0.58634    0.61056    0.65105    0.68746    0.71349    0.74248    0.78180
 kpt# 162, nband= 48, wtk=  1.00000, kpt=  0.2667  0.3833  0.1750 (reduced coord)
  -2.85352   -2.66492   -1.70771   -1.70559   -1.70555   -1.52293   -1.52076   -1.52070
  -0.76432   -0.76090   -0.75365   -0.75267   -0.14877   -0.14301   -0.12240   -0.11144
  -0.09852   -0.09156   -0.08110   -0.07931   -0.07554   -0.06342   -0.05503   -0.04566
   0.01538    0.01895    0.02574    0.05806    0.06673    0.25480    0.26640    0.26654
   0.27292    0.29602    0.31253    0.34899    0.39418    0.43883    0.52808    0.55247
   0.58083    0.58826    0.61209    0.65167    0.69219    0.71433    0.74361    0.77765
 kpt# 163, nband= 48, wtk=  1.00000, kpt=  0.2778  0.3889  0.1667 (reduced coord)
  -2.85352   -2.66492   -1.70771   -1.70558   -1.70555   -1.52294   -1.52073   -1.52070
  -0.76427   -0.76112   -0.75367   -0.75269   -0.14901   -0.14388   -0.12261   -0.11086
  -0.09686   -0.09070   -0.08092   -0.07915   -0.07502   -0.06409   -0.05534   -0.04611
   0.01507    0.01874    0.02602    0.05787    0.06724    0.25433    0.26671    0.26682
   0.27223    0.29642    0.31329    0.34746    0.39095    0.43413    0.53210    0.55559
   0.58186    0.59014    0.61339    0.65257    0.69687    0.71531    0.74444    0.77328
 kpt# 164, nband= 48, wtk=  1.00000, kpt=  0.2889  0.3944  0.1583 (reduced coord)
  -2.85352   -2.66492   -1.70772   -1.70556   -1.70556   -1.52294   -1.52070   -1.52070
  -0.76421   -0.76134   -0.75370   -0.75271   -0.14929   -0.14467   -0.12278   -0.11023
  -0.09523   -0.08987   -0.08088   -0.07889   -0.07454   -0.06473   -0.05566   -0.04660
   0.01474    0.01853    0.02631    0.05762    0.06776    0.25387    0.26699    0.26711
   0.27157    0.29688    0.31412    0.34608    0.38782    0.42947    0.53612    0.55879
   0.58284    0.59197    0.61449    0.65373    0.70149    0.71642    0.74498    0.76884
 kpt# 165, nband= 48, wtk=  1.00000, kpt=  0.3000  0.4000  0.1500 (reduced coord)
  -2.85352   -2.66493   -1.70772   -1.70556   -1.70554   -1.52295   -1.52071   -1.52068
  -0.76414   -0.76154   -0.75374   -0.75272   -0.14961   -0.14537   -0.12292   -0.10957
  -0.09364   -0.08908   -0.08095   -0.07854   -0.07411   -0.06530   -0.05598   -0.04711
   0.01438    0.01833    0.02660    0.05732    0.06828    0.25342    0.26725    0.26741
   0.27092    0.29737    0.31503    0.34485    0.38478    0.42486    0.54014    0.56204
   0.58377    0.59374    0.61544    0.65513    0.70602    0.71762    0.74528    0.76424
 kpt# 166, nband= 48, wtk=  1.00000, kpt=  0.3111  0.4056  0.1417 (reduced coord)
  -2.85352   -2.66493   -1.70772   -1.70556   -1.70552   -1.52295   -1.52071   -1.52066
  -0.76408   -0.76174   -0.75378   -0.75274   -0.15000   -0.14595   -0.12302   -0.10886
  -0.09214   -0.08831   -0.08112   -0.07812   -0.07376   -0.06577   -0.05631   -0.04766
   0.01402    0.01813    0.02689    0.05698    0.06880    0.25298    0.26750    0.26772
   0.27030    0.29790    0.31602    0.34377    0.38183    0.42032    0.54413    0.56534
   0.58463    0.59542    0.61635    0.65671    0.71044    0.71886    0.74537    0.75968
 kpt# 167, nband= 48, wtk=  1.00000, kpt=  0.3222  0.4111  0.1333 (reduced coord)
  -2.85352   -2.66493   -1.70772   -1.70556   -1.70551   -1.52296   -1.52071   -1.52063
  -0.76401   -0.76192   -0.75383   -0.75276   -0.15046   -0.14642   -0.12307   -0.10811
  -0.09076   -0.08756   -0.08136   -0.07767   -0.07350   -0.06611   -0.05665   -0.04822
   0.01364    0.01794    0.02718    0.05661    0.06931    0.25255    0.26774    0.26802
   0.26969    0.29845    0.31709    0.34284    0.37899    0.41584    0.54809    0.56865
   0.58543    0.59698    0.61731    0.65843    0.71471    0.72007    0.74529    0.75517
 kpt# 168, nband= 48, wtk=  1.00000, kpt=  0.3333  0.4167  0.1250 (reduced coord)
  -2.85352   -2.66493   -1.70773   -1.70556   -1.70549   -1.52296   -1.52071   -1.52061
  -0.76395   -0.76208   -0.75389   -0.75278   -0.15097   -0.14678   -0.12309   -0.10732
  -0.08958   -0.08676   -0.08166   -0.07719   -0.07335   -0.06627   -0.05698   -0.04880
   0.01325    0.01776    0.02746    0.05621    0.06979    0.25214    0.26796    0.26830
   0.26913    0.29903    0.31825    0.34204    0.37623    0.41144    0.55200    0.57194
   0.58618    0.59838    0.61841    0.66024    0.71880    0.72116    0.74506    0.75083
 kpt# 169, nband= 48, wtk=  1.00000, kpt=  0.3444  0.4222  0.1167 (reduced coord)
  -2.85353   -2.66493   -1.70773   -1.70556   -1.70548   -1.52296   -1.52071   -1.52059
  -0.76389   -0.76222   -0.75395   -0.75280   -0.15152   -0.14704   -0.12306   -0.10649
  -0.08871   -0.08587   -0.08200   -0.07670   -0.07329   -0.06626   -0.05731   -0.04939
   0.01286    0.01759    0.02774    0.05579    0.07025    0.25175    0.26818    0.26838
   0.26877    0.29962    0.31951    0.34139    0.37358    0.40713    0.55585    0.57516
   0.58688    0.59958    0.61976    0.66211    0.72185    0.72275    0.74466    0.74686
 kpt# 170, nband= 48, wtk=  1.00000, kpt=  0.3556  0.4278  0.1083 (reduced coord)
  -2.85353   -2.66493   -1.70773   -1.70556   -1.70546   -1.52297   -1.52071   -1.52057
  -0.76385   -0.76234   -0.75401   -0.75282   -0.15209   -0.14723   -0.12299   -0.10562
  -0.08816   -0.08490   -0.08235   -0.07620   -0.07329   -0.06608   -0.05764   -0.04999
   0.01246    0.01742    0.02801    0.05536    0.07068    0.25137    0.26792    0.26839
   0.26895    0.30022    0.32087    0.34087    0.37103    0.40290    0.55961    0.57826
   0.58755    0.60059    0.62142    0.66399    0.72216    0.72625    0.74285    0.74474
 kpt# 171, nband= 48, wtk=  1.00000, kpt=  0.3667  0.4333  0.1000 (reduced coord)
  -2.85353   -2.66493   -1.70773   -1.70556   -1.70545   -1.52297   -1.52071   -1.52055
  -0.76383   -0.76243   -0.75407   -0.75284   -0.15266   -0.14737   -0.12288   -0.10472
  -0.08790   -0.08404   -0.08258   -0.07569   -0.07332   -0.06576   -0.05796   -0.05059
   0.01207    0.01727    0.02827    0.05493    0.07108    0.25102    0.26741    0.26859
   0.26920    0.30083    0.32232    0.34048    0.36858    0.39877    0.56325    0.58116
   0.58827    0.60142    0.62343    0.66585    0.72162    0.72935    0.74009    0.74437
 kpt# 172, nband= 48, wtk=  1.00000, kpt=  0.3778  0.4389  0.0917 (reduced coord)
  -2.85353   -2.66493   -1.70773   -1.70556   -1.70544   -1.52297   -1.52071   -1.52053
  -0.76383   -0.76249   -0.75414   -0.75285   -0.15321   -0.14747   -0.12275   -0.10379
  -0.08787   -0.08388   -0.08217   -0.07519   -0.07333   -0.06535   -0.05827   -0.05118
   0.01169    0.01713    0.02851    0.05449    0.07145    0.25068    0.26692    0.26877
   0.26944    0.30143    0.32388    0.34021    0.36624    0.39475    0.56674    0.58367
   0.58917    0.60210    0.62578    0.66767    0.72005    0.73178    0.73813    0.74431
 kpt# 173, nband= 48, wtk=  1.00000, kpt=  0.3889  0.4444  0.0833 (reduced coord)
  -2.85353   -2.66493   -1.70774   -1.70556   -1.70543   -1.52298   -1.52072   -1.52052
  -0.76384   -0.76251   -0.75420   -0.75287   -0.15374   -0.14755   -0.12258   -0.10283
  -0.08801   -0.08428   -0.08129   -0.07470   -0.07331   -0.06488   -0.05857   -0.05176
   0.01132    0.01700    0.02874    0.05406    0.07179    0.25037    0.26646    0.26894
   0.26967    0.30202    0.32552    0.34006    0.36400    0.39083    0.57005    0.58551
   0.59052    0.60269    0.62845    0.66941    0.71753    0.73326    0.73690    0.74470
 kpt# 174, nband= 48, wtk=  1.00000, kpt=  0.4000  0.4500  0.0750 (reduced coord)
  -2.85353   -2.66493   -1.70774   -1.70556   -1.70542   -1.52298   -1.52072   -1.52050
  -0.76388   -0.76251   -0.75427   -0.75289   -0.15423   -0.14760   -0.12239   -0.10185
  -0.08829   -0.08484   -0.08038   -0.07423   -0.07325   -0.06436   -0.05886   -0.05232
   0.01097    0.01689    0.02896    0.05365    0.07209    0.25008    0.26602    0.26910
   0.26988    0.30258    0.32725    0.34003    0.36187    0.38704    0.57313    0.58657
   0.59241    0.60322    0.63142    0.67104    0.71439    0.73370    0.73598    0.74564
 kpt# 175, nband= 48, wtk=  1.00000, kpt=  0.4111  0.4556  0.0667 (reduced coord)
  -2.85353   -2.66493   -1.70774   -1.70556   -1.70541   -1.52298   -1.52072   -1.52049
  -0.76393   -0.76249   -0.75433   -0.75290   -0.15468   -0.14765   -0.12218   -0.10085
  -0.08866   -0.08547   -0.07953   -0.07379   -0.07314   -0.06383   -0.05913   -0.05286
   0.01064    0.01678    0.02915    0.05325    0.07236    0.24982    0.26563    0.26924
   0.27007    0.30312    0.32906    0.34010    0.35986    0.38339    0.57594    0.58713
   0.59455    0.60375    0.63464    0.67251    0.71097    0.73315    0.73510    0.74692
 kpt# 176, nband= 48, wtk=  1.00000, kpt=  0.4222  0.4611  0.0583 (reduced coord)
  -2.85353   -2.66493   -1.70774   -1.70557   -1.70540   -1.52298   -1.52072   -1.52048
  -0.76399   -0.76246   -0.75439   -0.75291   -0.15509   -0.14768   -0.12197   -0.09984
  -0.08908   -0.08615   -0.07877   -0.07339   -0.07299   -0.06330   -0.05938   -0.05336
   0.01034    0.01669    0.02933    0.05288    0.07260    0.24959    0.26527    0.26937
   0.27024    0.30363    0.33092    0.34028    0.35797    0.37990    0.57845    0.58741
   0.59670    0.60431    0.63807    0.67374    0.70757    0.73154    0.73444    0.74821
 kpt# 177, nband= 48, wtk=  1.00000, kpt=  0.4333  0.4667  0.0500 (reduced coord)
  -2.85353   -2.66494   -1.70774   -1.70557   -1.70539   -1.52299   -1.52072   -1.52047
  -0.76404   -0.76242   -0.75444   -0.75292   -0.15544   -0.14770   -0.12175   -0.09883
  -0.08953   -0.08688   -0.07810   -0.07309   -0.07277   -0.06280   -0.05960   -0.05382
   0.01007    0.01661    0.02948    0.05254    0.07280    0.24938    0.26495    0.26948
   0.27039    0.30408    0.33281    0.34054    0.35621    0.37659    0.58062    0.58756
   0.59870    0.60490    0.64167    0.67460    0.70443    0.72916    0.73393    0.74926
 kpt# 178, nband= 48, wtk=  1.00000, kpt=  0.4444  0.4722  0.0417 (reduced coord)
  -2.85353   -2.66494   -1.70774   -1.70557   -1.70539   -1.52299   -1.52072   -1.52046
  -0.76409   -0.76238   -0.75449   -0.75293   -0.15575   -0.14772   -0.12155   -0.09781
  -0.08997   -0.08764   -0.07754   -0.07288   -0.07249   -0.06233   -0.05981   -0.05423
   0.00983    0.01654    0.02961    0.05224    0.07298    0.24920    0.26467    0.26958
   0.27052    0.30448    0.33469    0.34089    0.35461    0.37350    0.58243    0.58763
   0.60047    0.60553    0.64538    0.67491    0.70182    0.72638    0.73345    0.74997
 kpt# 179, nband= 48, wtk=  1.00000, kpt=  0.4556  0.4778  0.0333 (reduced coord)
  -2.85353   -2.66494   -1.70774   -1.70557   -1.70538   -1.52299   -1.52072   -1.52045
  -0.76414   -0.76234   -0.75453   -0.75294   -0.15600   -0.14774   -0.12137   -0.09681
  -0.09036   -0.08844   -0.07708   -0.07274   -0.07222   -0.06192   -0.05998   -0.05459
   0.00963    0.01649    0.02972    0.05199    0.07312    0.24906    0.26445    0.26966
   0.27062    0.30483    0.33651    0.34129    0.35317    0.37068    0.58387    0.58767
   0.60194    0.60619    0.64916    0.67447    0.69996    0.72346    0.73300    0.75036
 kpt# 180, nband= 48, wtk=  1.00000, kpt=  0.4667  0.4833  0.0250 (reduced coord)
  -2.85353   -2.66494   -1.70774   -1.70557   -1.70538   -1.52299   -1.52072   -1.52045
  -0.76418   -0.76231   -0.75456   -0.75295   -0.15619   -0.14775   -0.12121   -0.09585
  -0.09070   -0.08924   -0.07672   -0.07262   -0.07199   -0.06158   -0.06011   -0.05489
   0.00947    0.01644    0.02981    0.05179    0.07323    0.24894    0.26427    0.26972
   0.27071    0.30510    0.33819    0.34171    0.35195    0.36824    0.58495    0.58769
   0.60306    0.60684    0.65296    0.67316    0.69897    0.72067    0.73261    0.75051
 kpt# 181, nband= 48, wtk=  1.00000, kpt=  0.4778  0.4889  0.0167 (reduced coord)
  -2.85353   -2.66494   -1.70774   -1.70557   -1.70538   -1.52299   -1.52072   -1.52044
  -0.76421   -0.76228   -0.75459   -0.75295   -0.15633   -0.14775   -0.12109   -0.09495
  -0.09095   -0.09002   -0.07646   -0.07253   -0.07182   -0.06133   -0.06020   -0.05511
   0.00935    0.01641    0.02987    0.05164    0.07331    0.24886    0.26414    0.26977
   0.27077    0.30530    0.33959    0.34208    0.35099    0.36630    0.58568    0.58772
   0.60382    0.60740    0.65667    0.67107    0.69870    0.71829    0.73230    0.75052
 kpt# 182, nband= 48, wtk=  1.00000, kpt=  0.4889  0.4944  0.0083 (reduced coord)
  -2.85353   -2.66494   -1.70774   -1.70557   -1.70537   -1.52299   -1.52072   -1.52044
  -0.76422   -0.76226   -0.75460   -0.75295   -0.15642   -0.14776   -0.12102   -0.09421
  -0.09110   -0.09068   -0.07630   -0.07247   -0.07172   -0.06117   -0.06026   -0.05524
   0.00928    0.01639    0.02991    0.05156    0.07335    0.24881    0.26406    0.26979
   0.27080    0.30542    0.34058    0.34232    0.35038    0.36502    0.58609    0.58776
   0.60426    0.60779    0.66009    0.66854    0.69881    0.71664    0.73211    0.75049
 kpt# 183, nband= 48, wtk=  1.00000, kpt=  0.5000  0.5000  0.0000 (reduced coord)
  -2.85353   -2.66494   -1.70774   -1.70557   -1.70537   -1.52299   -1.52072   -1.52044
  -0.76423   -0.76226   -0.75461   -0.75295   -0.15645   -0.14776   -0.12099   -0.09390
  -0.09116   -0.09097   -0.07625   -0.07245   -0.07168   -0.06112   -0.06027   -0.05529
   0.00926    0.01639    0.02992    0.05153    0.07337    0.24879    0.26403    0.26980
   0.27081    0.30546    0.34095    0.34239    0.35016    0.36457    0.58622    0.58778
   0.60441    0.60793    0.66203    0.66688    0.69890    0.71604    0.73204    0.75062
 kpt# 184, nband= 48, wtk=  1.00000, kpt=  0.4833  0.4833  0.0000 (reduced coord)
  -2.85353   -2.66494   -1.70774   -1.70557   -1.70537   -1.52299   -1.52072   -1.52044
  -0.76422   -0.76230   -0.75459   -0.75295   -0.15638   -0.14779   -0.12099   -0.09397
  -0.09111   -0.09097   -0.07628   -0.07244   -0.07187   -0.06124   -0.06017   -0.05514
   0.00927    0.01639    0.02991    0.05158    0.07339    0.24877    0.26403    0.26979
   0.27080    0.30546    0.33943    0.34248    0.35025    0.36618    0.58593    0.58759
   0.60431    0.60725    0.66201    0.66755    0.69940    0.71598    0.73237    0.75041
 kpt# 185, nband= 48, wtk=  1.00000, kpt=  0.4667  0.4667  0.0000 (reduced coord)
  -2.85353   -2.66494   -1.70774   -1.70557   -1.70537   -1.52299   -1.52072   -1.52044
  -0.76419   -0.76240   -0.75452   -0.75294   -0.15616   -0.14786   -0.12099   -0.09417
  -0.09096   -0.09096   -0.07638   -0.07239   -0.07237   -0.06158   -0.05990   -0.05471
   0.00931    0.01638    0.02987    0.05175    0.07344    0.24868    0.26402    0.26977
   0.27076    0.30546    0.33589    0.34252    0.35052    0.37019    0.58504    0.58700
   0.60403    0.60538    0.66195    0.66940    0.70089    0.71580    0.73335    0.75022
 kpt# 186, nband= 48, wtk=  1.00000, kpt=  0.4500  0.4500  0.0000 (reduced coord)
  -2.85353   -2.66494   -1.70774   -1.70557   -1.70537   -1.52299   -1.52072   -1.52044
  -0.76415   -0.76255   -0.75443   -0.75293   -0.15581   -0.14798   -0.12098   -0.09452
  -0.09094   -0.09071   -0.07654   -0.07318   -0.07226   -0.06214   -0.05949   -0.05403
   0.00937    0.01638    0.02980    0.05203    0.07352    0.24854    0.26398    0.26972
   0.27069    0.30546    0.33151    0.34254    0.35096    0.37546    0.58342    0.58599
   0.60277    0.60362    0.66183    0.67211    0.70336    0.71550    0.73495    0.74992
 kpt# 187, nband= 48, wtk=  1.00000, kpt=  0.4333  0.4333  0.0000 (reduced coord)
  -2.85353   -2.66494   -1.70775   -1.70557   -1.70537   -1.52299   -1.52072   -1.52044
  -0.76413   -0.76271   -0.75430   -0.75291   -0.15534   -0.14816   -0.12097   -0.09499
  -0.09090   -0.09038   -0.07679   -0.07417   -0.07209   -0.06287   -0.05899   -0.05315
   0.00945    0.01637    0.02972    0.05240    0.07363    0.24833    0.26386    0.26966
   0.27059    0.30545    0.32693    0.34256    0.35158    0.38135    0.58093    0.58452
   0.59994    0.60315    0.66167    0.67530    0.70675    0.71509    0.73715    0.74949
 kpt# 188, nband= 48, wtk=  1.00000, kpt=  0.4167  0.4167  0.0000 (reduced coord)
  -2.85353   -2.66494   -1.70775   -1.70557   -1.70537   -1.52299   -1.52072   -1.52044
  -0.76419   -0.76282   -0.75415   -0.75288   -0.15475   -0.14837   -0.12096   -0.09558
  -0.09086   -0.08996   -0.07712   -0.07527   -0.07184   -0.06374   -0.05842   -0.05211
   0.00955    0.01636    0.02961    0.05286    0.07377    0.24803    0.26361    0.26959
   0.27048    0.30544    0.32246    0.34260    0.35237    0.38759    0.57746    0.58256
   0.59734    0.60266    0.66146    0.67869    0.71097    0.71460    0.73991    0.74894
 kpt# 189, nband= 48, wtk=  1.00000, kpt=  0.4000  0.4000  0.0000 (reduced coord)
  -2.85353   -2.66494   -1.70775   -1.70557   -1.70537   -1.52299   -1.52072   -1.52044
  -0.76438   -0.76282   -0.75399   -0.75285   -0.15406   -0.14863   -0.12094   -0.09628
  -0.09082   -0.08949   -0.07754   -0.07644   -0.07152   -0.06470   -0.05779   -0.05097
   0.00966    0.01635    0.02947    0.05338    0.07392    0.24763    0.26316    0.26951
   0.27036    0.30544    0.31830    0.34268    0.35332    0.39404    0.57309    0.58012
   0.59516    0.60222    0.66118    0.68205    0.71403    0.71589    0.74318    0.74830
 kpt# 190, nband= 48, wtk=  1.00000, kpt=  0.3833  0.3833  0.0000 (reduced coord)
  -2.85353   -2.66494   -1.70775   -1.70557   -1.70537   -1.52299   -1.52072   -1.52044
  -0.76470   -0.76270   -0.75382   -0.75281   -0.15332   -0.14890   -0.12092   -0.09707
  -0.09076   -0.08898   -0.07804   -0.07764   -0.07113   -0.06568   -0.05711   -0.04975
   0.00977    0.01634    0.02932    0.05395    0.07409    0.24710    0.26246    0.26943
   0.27022    0.30543    0.31459    0.34282    0.35444    0.40063    0.56802    0.57721
   0.59336    0.60183    0.66084    0.68523    0.71341    0.72138    0.74690    0.74756
 kpt# 191, nband= 48, wtk=  1.00000, kpt=  0.3667  0.3667  0.0000 (reduced coord)
  -2.85353   -2.66494   -1.70775   -1.70557   -1.70537   -1.52299   -1.52072   -1.52044
  -0.76511   -0.76249   -0.75365   -0.75277   -0.15259   -0.14913   -0.12090   -0.09796
  -0.09069   -0.08848   -0.07884   -0.07862   -0.07066   -0.06661   -0.05639   -0.04851
   0.00989    0.01632    0.02914    0.05454    0.07426    0.24639    0.26146    0.26934
   0.27009    0.30542    0.31143    0.34305    0.35571    0.40731    0.56251    0.57386
   0.59187    0.60152    0.66043    0.68811    0.71274    0.72729    0.74673    0.75101
 kpt# 192, nband= 48, wtk=  1.00000, kpt=  0.3500  0.3500  0.0000 (reduced coord)
  -2.85353   -2.66494   -1.70775   -1.70557   -1.70537   -1.52299   -1.52072   -1.52044
  -0.76558   -0.76221   -0.75349   -0.75273   -0.15205   -0.14917   -0.12087   -0.09891
  -0.09062   -0.08801   -0.08002   -0.07926   -0.07013   -0.06740   -0.05563   -0.04726
   0.01000    0.01630    0.02895    0.05515    0.07443    0.24543    0.26016    0.26925
   0.26995    0.30541    0.30888    0.34339    0.35713    0.41403    0.55676    0.57014
   0.59058    0.60126    0.65994    0.69053    0.71206    0.73350    0.74583    0.75542
 kpt# 193, nband= 48, wtk=  1.00000, kpt=  0.3333  0.3333  0.0000 (reduced coord)
  -2.85353   -2.66494   -1.70775   -1.70557   -1.70537   -1.52299   -1.52072   -1.52044
  -0.76609   -0.76190   -0.75334   -0.75268   -0.15194   -0.14881   -0.12083   -0.09993
  -0.09055   -0.08764   -0.08117   -0.07996   -0.06954   -0.06797   -0.05485   -0.04601
   0.01011    0.01629    0.02873    0.05576    0.07458    0.24414    0.25864    0.26916
   0.26983    0.30540    0.30693    0.34386    0.35868    0.42075    0.55091    0.56610
   0.58943    0.60105    0.65937    0.69234    0.71137    0.73995    0.74486    0.76003
 kpt# 194, nband= 48, wtk=  1.00000, kpt=  0.3167  0.3167  0.0000 (reduced coord)
  -2.85353   -2.66494   -1.70775   -1.70557   -1.70537   -1.52299   -1.52072   -1.52044
  -0.76662   -0.76154   -0.75319   -0.75263   -0.15227   -0.14804   -0.12080   -0.10100
  -0.09047   -0.08742   -0.08228   -0.08071   -0.06890   -0.06824   -0.05404   -0.04479
   0.01021    0.01627    0.02850    0.05635    0.07472    0.24240    0.25703    0.26908
   0.26972    0.30539    0.30555    0.34450    0.36037    0.42744    0.54510    0.56179
   0.58840    0.60087    0.65872    0.69334    0.71068    0.74384    0.74659    0.76468
 kpt# 195, nband= 48, wtk=  1.00000, kpt=  0.3000  0.3000  0.0000 (reduced coord)
  -2.85353   -2.66494   -1.70775   -1.70557   -1.70537   -1.52299   -1.52072   -1.52044
  -0.76717   -0.76116   -0.75306   -0.75257   -0.15285   -0.14706   -0.12075   -0.10210
  -0.09039   -0.08736   -0.08334   -0.08150   -0.06821   -0.06814   -0.05322   -0.04359
   0.01029    0.01625    0.02825    0.05691    0.07484    0.24014    0.25551    0.26901
   0.26964    0.30465    0.30538    0.34533    0.36218    0.43407    0.53941    0.55727
   0.58746    0.60071    0.65798    0.69337    0.71002    0.74278    0.75341    0.76931
 kpt# 196, nband= 48, wtk=  1.00000, kpt=  0.2833  0.2833  0.0000 (reduced coord)
  -2.85353   -2.66494   -1.70775   -1.70557   -1.70537   -1.52299   -1.52072   -1.52044
  -0.76772   -0.76076   -0.75295   -0.75252   -0.15358   -0.14600   -0.12071   -0.10322
  -0.09030   -0.08748   -0.08435   -0.08232   -0.06765   -0.06749   -0.05240   -0.04244
   0.01035    0.01623    0.02799    0.05744    0.07493    0.23733    0.25417    0.26896
   0.26958    0.30410    0.30536    0.34637    0.36410    0.44056    0.53394    0.55259
   0.58660    0.60056    0.65717    0.69231    0.70938    0.74169    0.76044    0.77357
 kpt# 197, nband= 48, wtk=  1.00000, kpt=  0.2667  0.2667  0.0000 (reduced coord)
  -2.85353   -2.66494   -1.70775   -1.70557   -1.70537   -1.52299   -1.52072   -1.52044
  -0.76827   -0.76035   -0.75285   -0.75246   -0.15442   -0.14491   -0.12065   -0.10434
  -0.09021   -0.08776   -0.08530   -0.08315   -0.06678   -0.06674   -0.05157   -0.04133
   0.01039    0.01621    0.02773    0.05792    0.07499    0.23404    0.25306    0.26892
   0.26954    0.30381    0.30535    0.34763    0.36612    0.44684    0.52880    0.54780
   0.58581    0.60041    0.65628    0.69012    0.70879    0.74058    0.76770    0.77777
 kpt# 198, nband= 48, wtk=  1.00000, kpt=  0.2500  0.2500  0.0000 (reduced coord)
  -2.85353   -2.66494   -1.70775   -1.70557   -1.70537   -1.52299   -1.52072   -1.52044
  -0.76882   -0.75991   -0.75277   -0.75240   -0.15535   -0.14382   -0.12060   -0.10547
  -0.09012   -0.08814   -0.08619   -0.08399   -0.06597   -0.06558   -0.05076   -0.04027
   0.01041    0.01618    0.02745    0.05835    0.07501    0.23040    0.25214    0.26889
   0.26954    0.30367    0.30534    0.34913    0.36822    0.45279    0.52412    0.54293
   0.58508    0.60027    0.65532    0.68687    0.70824    0.73947    0.77523    0.78195
 kpt# 199, nband= 48, wtk=  1.00000, kpt=  0.2333  0.2333  0.0000 (reduced coord)
  -2.85353   -2.66494   -1.70774   -1.70557   -1.70537   -1.52299   -1.52072   -1.52044
  -0.76935   -0.75947   -0.75271   -0.75234   -0.15633   -0.14277   -0.12054   -0.10658
  -0.09003   -0.08857   -0.08702   -0.08483   -0.06519   -0.06409   -0.04997   -0.03927
   0.01041    0.01616    0.02717    0.05873    0.07500    0.22652    0.25139    0.26888
   0.26957    0.30363    0.30533    0.35085    0.37040    0.45824    0.52009    0.53804
   0.58442    0.60012    0.65431    0.68267    0.70774    0.73837    0.78306    0.78582
 kpt# 200, nband= 48, wtk=  1.00000, kpt=  0.2167  0.2167  0.0000 (reduced coord)
  -2.85353   -2.66494   -1.70774   -1.70557   -1.70537   -1.52299   -1.52072   -1.52044
  -0.76987   -0.75903   -0.75267   -0.75228   -0.15736   -0.14177   -0.12047   -0.10766
  -0.08994   -0.08900   -0.08779   -0.08565   -0.06440   -0.06238   -0.04919   -0.03833
   0.01038    0.01614    0.02689    0.05905    0.07496    0.22252    0.25076    0.26889
   0.26962    0.30362    0.30531    0.35278    0.37264    0.46293    0.51697    0.53317
   0.58383    0.59997    0.65326    0.67770    0.70729    0.73728    0.79005    0.79121
 kpt# 201, nband= 48, wtk=  1.00000, kpt=  0.2000  0.2000  0.0000 (reduced coord)
  -2.85353   -2.66494   -1.70774   -1.70557   -1.70537   -1.52299   -1.52072   -1.52044
  -0.77037   -0.75858   -0.75264   -0.75223   -0.15841   -0.14083   -0.12040   -0.10870
  -0.08986   -0.08941   -0.08850   -0.08646   -0.06363   -0.06051   -0.04845   -0.03745
   0.01033    0.01612    0.02660    0.05932    0.07489    0.21850    0.25021    0.26892
   0.26971    0.30361    0.30530    0.35489    0.37491    0.46654    0.51509    0.52836
   0.58329    0.59981    0.65218    0.67212    0.70690    0.73622    0.79624    0.80018
 kpt# 202, nband= 48, wtk=  1.00000, kpt=  0.1833  0.1833  0.0000 (reduced coord)
  -2.85353   -2.66494   -1.70774   -1.70557   -1.70537   -1.52299   -1.52072   -1.52044
  -0.77084   -0.75814   -0.75264   -0.75217   -0.15947   -0.13996   -0.12033   -0.10970
  -0.08977   -0.08975   -0.08916   -0.08724   -0.06287   -0.05854   -0.04774   -0.03664
   0.01025    0.01610    0.02633    0.05953    0.07478    0.21454    0.24974    0.26895
   0.26981    0.30358    0.30529    0.35715    0.37720    0.46873    0.51480    0.52365
   0.58281    0.59965    0.65109    0.66610    0.70655    0.73520    0.79930    0.80845
 kpt# 203, nband= 48, wtk=  1.00000, kpt=  0.1667  0.1667  0.0000 (reduced coord)
  -2.85353   -2.66494   -1.70774   -1.70557   -1.70537   -1.52299   -1.52072   -1.52044
  -0.77129   -0.75771   -0.75265   -0.75212   -0.16053   -0.13917   -0.12026   -0.11064
  -0.09004   -0.08975   -0.08969   -0.08798   -0.06213   -0.05650   -0.04707   -0.03589
   0.01016    0.01608    0.02606    0.05968    0.07465    0.21071    0.24932    0.26900
   0.26994    0.30353    0.30528    0.35953    0.37949    0.46936    0.51622    0.51909
   0.58239    0.59949    0.65001    0.65979    0.70626    0.73423    0.80435    0.81763
 kpt# 204, nband= 48, wtk=  1.00000, kpt=  0.1500  0.1500  0.0000 (reduced coord)
  -2.85353   -2.66494   -1.70774   -1.70557   -1.70537   -1.52299   -1.52072   -1.52044
  -0.77170   -0.75728   -0.75268   -0.75207   -0.16155   -0.13845   -0.12019   -0.11151
  -0.09029   -0.09025   -0.08962   -0.08868   -0.06143   -0.05445   -0.04644   -0.03521
   0.01005    0.01607    0.02580    0.05979    0.07450    0.20705    0.24895    0.26906
   0.27009    0.30346    0.30527    0.36196    0.38174    0.46865    0.51472    0.51917
   0.58202    0.59933    0.64896    0.65330    0.70600    0.73332    0.80973    0.82685
 kpt# 205, nband= 48, wtk=  1.00000, kpt=  0.1333  0.1333  0.0000 (reduced coord)
  -2.85353   -2.66494   -1.70774   -1.70557   -1.70537   -1.52299   -1.52072   -1.52044
  -0.77208   -0.75687   -0.75273   -0.75203   -0.16253   -0.13782   -0.12012   -0.11231
  -0.09076   -0.09039   -0.08955   -0.08932   -0.06077   -0.05244   -0.04587   -0.03460
   0.00992    0.01605    0.02555    0.05985    0.07435    0.20364    0.24862    0.26913
   0.27024    0.30338    0.30526    0.36441    0.38393    0.46699    0.51059    0.52323
   0.58170    0.59917    0.64674    0.64796    0.70579    0.73248    0.81536    0.83637
 kpt# 206, nband= 48, wtk=  1.00000, kpt=  0.1167  0.1167  0.0000 (reduced coord)
  -2.85353   -2.66494   -1.70774   -1.70557   -1.70537   -1.52299   -1.52072   -1.52044
  -0.77242   -0.75647   -0.75280   -0.75199   -0.16344   -0.13728   -0.12006   -0.11303
  -0.09118   -0.09048   -0.08991   -0.08949   -0.06017   -0.05051   -0.04535   -0.03406
   0.00979    0.01603    0.02533    0.05988    0.07419    0.20050    0.24834    0.26920
   0.27039    0.30328    0.30525    0.36682    0.38602    0.46479    0.50676    0.52800
   0.58144    0.59903    0.64022    0.64703    0.70562    0.73172    0.82129    0.84632
 kpt# 207, nband= 48, wtk=  1.00000, kpt=  0.1000  0.1000  0.0000 (reduced coord)
  -2.85353   -2.66494   -1.70774   -1.70557   -1.70537   -1.52299   -1.52072   -1.52044
  -0.77272   -0.75609   -0.75289   -0.75195   -0.16427   -0.13681   -0.12000   -0.11367
  -0.09155   -0.09053   -0.09043   -0.08943   -0.05962   -0.04872   -0.04489   -0.03360
   0.00966    0.01602    0.02513    0.05988    0.07403    0.19769    0.24809    0.26927
   0.27055    0.30318    0.30524    0.36912    0.38797    0.46238    0.50326    0.53312
   0.58122    0.59889    0.63383    0.64618    0.70548    0.73104    0.82748    0.85812
 kpt# 208, nband= 48, wtk=  1.00000, kpt=  0.0833  0.0833  0.0000 (reduced coord)
  -2.85353   -2.66494   -1.70774   -1.70557   -1.70537   -1.52299   -1.52072   -1.52044
  -0.77298   -0.75574   -0.75300   -0.75192   -0.16500   -0.13642   -0.11994   -0.11422
  -0.09185   -0.09089   -0.09054   -0.08938   -0.05915   -0.04711   -0.04449   -0.03320
   0.00953    0.01601    0.02495    0.05985    0.07388    0.19523    0.24788    0.26933
   0.27069    0.30308    0.30523    0.37124    0.38974    0.46000    0.50017    0.53831
   0.58106    0.59877    0.62769    0.64543    0.70537    0.73046    0.83415    0.86275
 kpt# 209, nband= 48, wtk=  1.00000, kpt=  0.0667  0.0667  0.0000 (reduced coord)
  -2.85353   -2.66494   -1.70774   -1.70557   -1.70537   -1.52299   -1.52072   -1.52044
  -0.77320   -0.75541   -0.75312   -0.75189   -0.16561   -0.13611   -0.11989   -0.11467
  -0.09210   -0.09126   -0.09052   -0.08934   -0.05875   -0.04572   -0.04416   -0.03288
   0.00942    0.01600    0.02480    0.05982    0.07375    0.19318    0.24771    0.26939
   0.27081    0.30299    0.30523    0.37312    0.39128    0.45782    0.49754    0.54334
   0.58096    0.59867    0.62196    0.64480    0.70528    0.72997    0.84051    0.86211
 kpt# 210, nband= 48, wtk=  1.00000, kpt=  0.0500  0.0500  0.0000 (reduced coord)
  -2.85353   -2.66494   -1.70774   -1.70557   -1.70537   -1.52299   -1.52072   -1.52044
  -0.77337   -0.75512   -0.75324   -0.75187   -0.16610   -0.13587   -0.11985   -0.11503
  -0.09230   -0.09156   -0.09050   -0.08931   -0.05844   -0.04461   -0.04390   -0.03263
   0.00932    0.01599    0.02468    0.05978    0.07363    0.19155    0.24757    0.26944
   0.27091    0.30291    0.30522    0.37469    0.39254    0.45598    0.49542    0.54790
   0.58091    0.59859    0.61685    0.64429    0.70522    0.72958    0.84686    0.85935
 kpt# 211, nband= 48, wtk=  1.00000, kpt=  0.0333  0.0333  0.0000 (reduced coord)
  -2.85353   -2.66494   -1.70774   -1.70557   -1.70537   -1.52299   -1.52072   -1.52044
  -0.77349   -0.75488   -0.75337   -0.75186   -0.16645   -0.13570   -0.11983   -0.11529
  -0.09243   -0.09177   -0.09048   -0.08929   -0.05821   -0.04377   -0.04371   -0.03244
   0.00924    0.01599    0.02459    0.05974    0.07355    0.19037    0.24748    0.26947
   0.27099    0.30286    0.30522    0.37587    0.39348    0.45459    0.49386    0.55166
   0.58092    0.59853    0.61269    0.64392    0.70517    0.72931    0.85308    0.85883
 kpt# 212, nband= 48, wtk=  1.00000, kpt=  0.0167  0.0167  0.0000 (reduced coord)
  -2.85353   -2.66494   -1.70774   -1.70557   -1.70537   -1.52299   -1.52072   -1.52044
  -0.77356   -0.75470   -0.75347   -0.75185   -0.16667   -0.13559   -0.11981   -0.11544
  -0.09252   -0.09191   -0.09046   -0.08927   -0.05808   -0.04360   -0.04327   -0.03234
   0.00920    0.01598    0.02454    0.05972    0.07350    0.18965    0.24742    0.26950
   0.27103    0.30282    0.30522    0.37660    0.39406    0.45371    0.49290    0.55419
   0.58096    0.59850    0.60990    0.64370    0.70514    0.72914    0.85796    0.86055
 kpt# 213, nband= 48, wtk=  1.00000, kpt=  0.0000  0.0000  0.0000 (reduced coord)
  -2.85353   -2.66494   -1.70774   -1.70557   -1.70537   -1.52299   -1.52072   -1.52044
  -0.77358   -0.75464   -0.75351   -0.75184   -0.16675   -0.13556   -0.11980   -0.11549
  -0.09255   -0.09195   -0.09046   -0.08927   -0.05803   -0.04356   -0.04310   -0.03230
   0.00918    0.01598    0.02452    0.05971    0.07348    0.18941    0.24740    0.26950
   0.27105    0.30281    0.30522    0.37685    0.39425    0.45341    0.49258    0.55509
   0.58098    0.59848    0.60890    0.64362    0.70514    0.72908    0.85830    0.86036
 kpt# 214, nband= 48, wtk=  1.00000, kpt=  0.0056  0.0111  0.0083 (reduced coord)
  -2.85353   -2.66494   -1.70774   -1.70557   -1.70538   -1.52299   -1.52072   -1.52044
  -0.77357   -0.75466   -0.75350   -0.75184   -0.16671   -0.13556   -0.11981   -0.11546
  -0.09262   -0.09197   -0.09044   -0.08920   -0.05809   -0.04359   -0.04316   -0.03232
   0.00920    0.01600    0.02452    0.05971    0.07346    0.18955    0.24742    0.26949
   0.27104    0.30281    0.30519    0.37686    0.39427    0.45351    0.49268    0.55484
   0.58081    0.59858    0.60916    0.64359    0.70515    0.72884    0.85877    0.86041
 kpt# 215, nband= 48, wtk=  1.00000, kpt=  0.0111  0.0222  0.0167 (reduced coord)
  -2.85353   -2.66494   -1.70774   -1.70557   -1.70538   -1.52299   -1.52072   -1.52044
  -0.77353   -0.75471   -0.75348   -0.75185   -0.16659   -0.13556   -0.11984   -0.11538
  -0.09282   -0.09204   -0.09036   -0.08899   -0.05829   -0.04370   -0.04332   -0.03238
   0.00927    0.01604    0.02452    0.05973    0.07340    0.18996    0.24749    0.26947
   0.27100    0.30281    0.30511    0.37688    0.39434    0.45378    0.49299    0.55411
   0.58034    0.59886    0.60992    0.64349    0.70520    0.72813    0.85548    0.85933
 kpt# 216, nband= 48, wtk=  1.00000, kpt=  0.0167  0.0333  0.0250 (reduced coord)
  -2.85353   -2.66494   -1.70774   -1.70557   -1.70538   -1.52299   -1.52072   -1.52045
  -0.77347   -0.75478   -0.75343   -0.75185   -0.16641   -0.13557   -0.11988   -0.11523
  -0.09312   -0.09217   -0.09023   -0.08869   -0.05861   -0.04389   -0.04357   -0.03247
   0.00938    0.01611    0.02452    0.05976    0.07330    0.19064    0.24761    0.26943
   0.27093    0.30281    0.30498    0.37691    0.39446    0.45422    0.49349    0.55295
   0.57958    0.59926    0.61112    0.64332    0.70530    0.72695    0.85388    0.85937
 kpt# 217, nband= 48, wtk=  1.00000, kpt=  0.0222  0.0444  0.0333 (reduced coord)
  -2.85353   -2.66494   -1.70774   -1.70557   -1.70538   -1.52299   -1.52072   -1.52045
  -0.77337   -0.75488   -0.75338   -0.75186   -0.16615   -0.13558   -0.11993   -0.11503
  -0.09347   -0.09238   -0.09002   -0.08833   -0.05908   -0.04421   -0.04385   -0.03260
   0.00953    0.01622    0.02452    0.05979    0.07315    0.19159    0.24777    0.26937
   0.27083    0.30280    0.30480    0.37693    0.39464    0.45484    0.49419    0.55144
   0.57858    0.59972    0.61271    0.64311    0.70545    0.72534    0.85250    0.86139
 kpt# 218, nband= 48, wtk=  1.00000, kpt=  0.0278  0.0556  0.0417 (reduced coord)
  -2.85353   -2.66494   -1.70774   -1.70557   -1.70539   -1.52299   -1.52072   -1.52046
  -0.77326   -0.75500   -0.75333   -0.75187   -0.16582   -0.13558   -0.11999   -0.11477
  -0.09385   -0.09268   -0.08974   -0.08793   -0.05968   -0.04464   -0.04415   -0.03277
   0.00971    0.01634    0.02451    0.05984    0.07296    0.19281    0.24798    0.26929
   0.27071    0.30280    0.30457    0.37694    0.39489    0.45561    0.49510    0.54964
   0.57739    0.60017    0.61459    0.64286    0.70568    0.72332    0.84626    0.85531
 kpt# 219, nband= 48, wtk=  1.00000, kpt=  0.0333  0.0667  0.0500 (reduced coord)
  -2.85353   -2.66494   -1.70774   -1.70557   -1.70539   -1.52298   -1.52072   -1.52047
  -0.77312   -0.75513   -0.75327   -0.75188   -0.16541   -0.13559   -0.12005   -0.11446
  -0.09424   -0.09305   -0.08940   -0.08751   -0.06044   -0.04517   -0.04448   -0.03298
   0.00994    0.01649    0.02451    0.05989    0.07273    0.19428    0.24823    0.26920
   0.27057    0.30278    0.30431    0.37693    0.39523    0.45652    0.49621    0.54765
   0.57604    0.60056    0.61666    0.64260    0.70601    0.72094    0.84150    0.85930
 kpt# 220, nband= 48, wtk=  1.00000, kpt=  0.0389  0.0778  0.0583 (reduced coord)
  -2.85353   -2.66494   -1.70774   -1.70556   -1.70540   -1.52298   -1.52072   -1.52048
  -0.77295   -0.75527   -0.75322   -0.75189   -0.16494   -0.13560   -0.12011   -0.11410
  -0.09464   -0.09350   -0.08902   -0.08708   -0.06134   -0.04575   -0.04484   -0.03323
   0.01020    0.01666    0.02450    0.05995    0.07245    0.19601    0.24853    0.26909
   0.27040    0.30276    0.30403    0.37687    0.39568    0.45756    0.49752    0.54552
   0.57456    0.60082    0.61883    0.64234    0.70647    0.71823    0.83675    0.85037
 kpt# 221, nband= 48, wtk=  1.00000, kpt=  0.0444  0.0889  0.0667 (reduced coord)
  -2.85353   -2.66493   -1.70774   -1.70556   -1.70541   -1.52298   -1.52071   -1.52049
  -0.77276   -0.75542   -0.75317   -0.75190   -0.16441   -0.13562   -0.12017   -0.11370
  -0.09502   -0.09401   -0.08860   -0.08664   -0.06239   -0.04638   -0.04525   -0.03350
   0.01049    0.01685    0.02450    0.06001    0.07212    0.19797    0.24887    0.26897
   0.27021    0.30270    0.30374    0.37677    0.39624    0.45871    0.49903    0.54332
   0.57295    0.60093    0.62100    0.64212    0.70710    0.71525    0.83223    0.85249
 kpt# 222, nband= 48, wtk=  1.00000, kpt=  0.0500  0.1000  0.0750 (reduced coord)
  -2.85353   -2.66493   -1.70774   -1.70556   -1.70542   -1.52298   -1.52071   -1.52050
  -0.77254   -0.75557   -0.75313   -0.75192   -0.16381   -0.13563   -0.12021   -0.11326
  -0.09539   -0.09458   -0.08816   -0.08619   -0.06358   -0.04702   -0.04568   -0.03381
   0.01080    0.01706    0.02449    0.06008    0.07174    0.20017    0.24925    0.26883
   0.27001    0.30257    0.30349    0.37661    0.39691    0.45995    0.50073    0.54109
   0.57125    0.60085    0.62305    0.64199    0.70789    0.71208    0.82766    0.84313
 kpt# 223, nband= 48, wtk=  1.00000, kpt=  0.0556  0.1111  0.0833 (reduced coord)
  -2.85353   -2.66493   -1.70774   -1.70556   -1.70543   -1.52298   -1.52071   -1.52052
  -0.77231   -0.75573   -0.75309   -0.75194   -0.16315   -0.13564   -0.12024   -0.11280
  -0.09575   -0.09519   -0.08773   -0.08573   -0.06491   -0.04766   -0.04615   -0.03416
   0.01114    0.01727    0.02449    0.06015    0.07133    0.20259    0.24967    0.26868
   0.26978    0.30232    0.30334    0.37640    0.39771    0.46127    0.50263    0.53888
   0.56946    0.60058    0.62485    0.64201    0.70828    0.70936    0.82287    0.83990
 kpt# 224, nband= 48, wtk=  1.00000, kpt=  0.0611  0.1222  0.0917 (reduced coord)
  -2.85353   -2.66493   -1.70773   -1.70556   -1.70544   -1.52297   -1.52071   -1.52053
  -0.77205   -0.75590   -0.75306   -0.75196   -0.16244   -0.13565   -0.12025   -0.11233
  -0.09615   -0.09577   -0.08732   -0.08527   -0.06636   -0.04830   -0.04664   -0.03453
   0.01149    0.01750    0.02449    0.06021    0.07087    0.20522    0.25013    0.26851
   0.26953    0.30197    0.30327    0.37612    0.39863    0.46265    0.50470    0.53673
   0.56757    0.60009    0.62625    0.64227    0.70513    0.71033    0.81643    0.83207
 kpt# 225, nband= 48, wtk=  1.00000, kpt=  0.0667  0.1333  0.1000 (reduced coord)
  -2.85353   -2.66493   -1.70773   -1.70556   -1.70545   -1.52297   -1.52071   -1.52055
  -0.77177   -0.75606   -0.75304   -0.75198   -0.16167   -0.13566   -0.12023   -0.11186
  -0.09677   -0.09611   -0.08695   -0.08480   -0.06790   -0.04894   -0.04715   -0.03493
   0.01186    0.01773    0.02448    0.06028    0.07037    0.20804    0.25062    0.26834
   0.26928    0.30154    0.30326    0.37579    0.39965    0.46407    0.50692    0.53467
   0.56561    0.59941    0.62709    0.64286    0.70166    0.71180    0.81090    0.81857
 kpt# 226, nband= 48, wtk=  1.00000, kpt=  0.0722  0.1444  0.1083 (reduced coord)
  -2.85353   -2.66493   -1.70773   -1.70556   -1.70546   -1.52297   -1.52071   -1.52057
  -0.77147   -0.75623   -0.75302   -0.75200   -0.16086   -0.13566   -0.12019   -0.11140
  -0.09753   -0.09629   -0.08663   -0.08434   -0.06951   -0.04957   -0.04766   -0.03535
   0.01224    0.01796    0.02448    0.06034    0.06983    0.21105    0.25116    0.26815
   0.26901    0.30108    0.30328    0.37542    0.40078    0.46552    0.50928    0.53274
   0.56358    0.59855    0.62727    0.64382    0.69822    0.71349    0.80518    0.81093
 kpt# 227, nband= 48, wtk=  1.00000, kpt=  0.0778  0.1556  0.1167 (reduced coord)
  -2.85353   -2.66493   -1.70773   -1.70556   -1.70548   -1.52296   -1.52071   -1.52059
  -0.77115   -0.75640   -0.75301   -0.75203   -0.16001   -0.13566   -0.12012   -0.11098
  -0.09834   -0.09637   -0.08638   -0.08389   -0.07115   -0.05019   -0.04818   -0.03580
   0.01263    0.01819    0.02448    0.06040    0.06926    0.21423    0.25173    0.26795
   0.26873    0.30060    0.30332    0.37500    0.40201    0.46697    0.51172    0.53097
   0.56150    0.59752    0.62678    0.64511    0.69489    0.71533    0.79902    0.80407
 kpt# 228, nband= 48, wtk=  1.00000, kpt=  0.0833  0.1667  0.1250 (reduced coord)
  -2.85352   -2.66493   -1.70773   -1.70556   -1.70549   -1.52296   -1.52071   -1.52061
  -0.77081   -0.75657   -0.75301   -0.75205   -0.15912   -0.13564   -0.12003   -0.11062
  -0.09918   -0.09633   -0.08623   -0.08348   -0.07278   -0.05080   -0.04869   -0.03626
   0.01302    0.01842    0.02448    0.06045    0.06867    0.21756    0.25234    0.26775
   0.26844    0.30009    0.30338    0.37456    0.40331    0.46840    0.51416    0.52945
   0.55939    0.59635    0.62567    0.64660    0.69177    0.71719    0.79245    0.79804
 kpt# 229, nband= 48, wtk=  1.00000, kpt=  0.0889  0.1778  0.1333 (reduced coord)
  -2.85352   -2.66493   -1.70772   -1.70556   -1.70551   -1.52295   -1.52071   -1.52063
  -0.77045   -0.75675   -0.75302   -0.75208   -0.15821   -0.13562   -0.11991   -0.11034
  -0.10006   -0.09617   -0.08621   -0.08311   -0.07433   -0.05142   -0.04919   -0.03675
   0.01341    0.01864    0.02448    0.06048    0.06806    0.22102    0.25299    0.26753
   0.26814    0.29959    0.30345    0.37410    0.40469    0.46980    0.51648    0.52826
   0.55728    0.59507    0.62405    0.64814    0.68897    0.71892    0.78576    0.79266
 kpt# 230, nband= 48, wtk=  1.00000, kpt=  0.0944  0.1889  0.1417 (reduced coord)
  -2.85352   -2.66493   -1.70772   -1.70556   -1.70552   -1.52295   -1.52071   -1.52066
  -0.77008   -0.75692   -0.75303   -0.75211   -0.15727   -0.13558   -0.11976   -0.11015
  -0.10096   -0.09587   -0.08638   -0.08280   -0.07572   -0.05203   -0.04967   -0.03724
   0.01379    0.01885    0.02448    0.06050    0.06745    0.22461    0.25367    0.26731
   0.26785    0.29907    0.30354    0.37362    0.40613    0.47114    0.51840    0.52761
   0.55525    0.59368    0.62200    0.64956    0.68660    0.72026    0.77939    0.78779
 kpt# 231, nband= 48, wtk=  1.00000, kpt=  0.1000  0.2000  0.1500 (reduced coord)
  -2.85352   -2.66493   -1.70772   -1.70556   -1.70554   -1.52295   -1.52070   -1.52068
  -0.76969   -0.75709   -0.75305   -0.75214   -0.15631   -0.13552   -0.11959   -0.11008
  -0.10187   -0.09545   -0.08677   -0.08256   -0.07686   -0.05265   -0.05012   -0.03774
   0.01416    0.01905    0.02449    0.06049    0.06685    0.22829    0.25441    0.26708
   0.26755    0.29857    0.30364    0.37314    0.40761    0.47240    0.51955    0.52779
   0.55340    0.59221    0.61960    0.65072    0.68481    0.72091    0.77358    0.78348
 kpt# 232, nband= 48, wtk=  1.00000, kpt=  0.1056  0.2111  0.1583 (reduced coord)
  -2.85352   -2.66492   -1.70771   -1.70556   -1.70556   -1.52294   -1.52070   -1.52070
  -0.76929   -0.75725   -0.75308   -0.75217   -0.15536   -0.13544   -0.11941   -0.11011
  -0.10279   -0.09491   -0.08745   -0.08240   -0.07770   -0.05326   -0.05054   -0.03826
   0.01452    0.01923    0.02449    0.06044    0.06627    0.23203    0.25520    0.26685
   0.26725    0.29807    0.30376    0.37266    0.40914    0.47355    0.51978    0.52877
   0.55190    0.59065    0.61693    0.65148    0.68370    0.72048    0.76845    0.77997
 kpt# 233, nband= 48, wtk=  1.00000, kpt=  0.1111  0.2222  0.1667 (reduced coord)
  -2.85352   -2.66492   -1.70771   -1.70558   -1.70555   -1.52294   -1.52073   -1.52070
  -0.76888   -0.75742   -0.75311   -0.75220   -0.15440   -0.13534   -0.11921   -0.11026
  -0.10371   -0.09430   -0.08836   -0.08229   -0.07824   -0.05388   -0.05093   -0.03877
   0.01487    0.01940    0.02450    0.06034    0.06573    0.23581    0.25606    0.26661
   0.26696    0.29758    0.30390    0.37219    0.41070    0.47458    0.51938    0.53002
   0.55098    0.58900    0.61405    0.65177    0.68334    0.71871    0.76388    0.77765
 kpt# 234, nband= 48, wtk=  1.00000, kpt=  0.1167  0.2333  0.1750 (reduced coord)
  -2.85352   -2.66492   -1.70771   -1.70559   -1.70555   -1.52293   -1.52076   -1.52070
  -0.76846   -0.75758   -0.75315   -0.75224   -0.15344   -0.13522   -0.11901   -0.11052
  -0.10463   -0.09370   -0.08935   -0.08220   -0.07856   -0.05449   -0.05128   -0.03929
   0.01519    0.01956    0.02450    0.06018    0.06526    0.23957    0.25703    0.26637
   0.26667    0.29711    0.30406    0.37174    0.41229    0.47546    0.51864    0.53100
   0.55091    0.58724    0.61107    0.65158    0.68371    0.71557    0.75957    0.77685
 kpt# 235, nband= 48, wtk=  1.00000, kpt=  0.1222  0.2444  0.1833 (reduced coord)
  -2.85352   -2.66492   -1.70771   -1.70561   -1.70555   -1.52293   -1.52078   -1.52070
  -0.76802   -0.75773   -0.75320   -0.75227   -0.15251   -0.13508   -0.11881   -0.11088
  -0.10554   -0.09343   -0.09005   -0.08211   -0.07875   -0.05510   -0.05160   -0.03981
   0.01549    0.01969    0.02451    0.05994    0.06488    0.24324    0.25814    0.26613
   0.26641    0.29666    0.30424    0.37131    0.41389    0.47619    0.51761    0.53147
   0.55182    0.58537    0.60806    0.65101    0.68464    0.71137    0.75527    0.77757
 kpt# 236, nband= 48, wtk=  1.00000, kpt=  0.1278  0.2556  0.1917 (reduced coord)
  -2.85352   -2.66492   -1.70770   -1.70563   -1.70555   -1.52292   -1.52081   -1.52070
  -0.76758   -0.75788   -0.75325   -0.75230   -0.15159   -0.13492   -0.11862   -0.11132
  -0.10645   -0.09388   -0.08997   -0.08203   -0.07889   -0.05570   -0.05189   -0.04032
   0.01577    0.01981    0.02451    0.05962    0.06459    0.24670    0.25949    0.26588
   0.26618    0.29624    0.30444    0.37090    0.41551    0.47675    0.51626    0.53155
   0.55360    0.58334    0.60512    0.65021    0.68574    0.70666    0.75091    0.77952
 kpt# 237, nband= 48, wtk=  1.00000, kpt=  0.1333  0.2667  0.2000 (reduced coord)
  -2.85352   -2.66492   -1.70770   -1.70565   -1.70555   -1.52292   -1.52084   -1.52069
  -0.76713   -0.75803   -0.75331   -0.75234   -0.15071   -0.13474   -0.11846   -0.11185
  -0.10734   -0.09487   -0.08925   -0.08193   -0.07902   -0.05627   -0.05214   -0.04083
   0.01602    0.01990    0.02451    0.05922    0.06441    0.24981    0.26113    0.26563
   0.26605    0.29587    0.30467    0.37053    0.41714    0.47715    0.51451    0.53151
   0.55599    0.58115    0.60234    0.64933    0.68621    0.70244    0.74650    0.78231
 kpt# 238, nband= 48, wtk=  1.00000, kpt=  0.1389  0.2778  0.2083 (reduced coord)
  -2.85352   -2.66492   -1.70770   -1.70567   -1.70555   -1.52291   -1.52087   -1.52069
  -0.76668   -0.75817   -0.75338   -0.75238   -0.14986   -0.13455   -0.11836   -0.11244
  -0.10822   -0.09597   -0.08829   -0.08180   -0.07917   -0.05683   -0.05236   -0.04133
   0.01625    0.01998    0.02450    0.05876    0.06431    0.25240    0.26297    0.26538
   0.26623    0.29554    0.30495    0.37019    0.41878    0.47739    0.51234    0.53155
   0.55871    0.57882    0.59981    0.64850    0.68454    0.70035    0.74209    0.78559
 kpt# 239, nband= 48, wtk=  1.00000, kpt=  0.1444  0.2889  0.2167 (reduced coord)
  -2.85351   -2.66492   -1.70769   -1.70569   -1.70555   -1.52290   -1.52090   -1.52069
  -0.76622   -0.75830   -0.75345   -0.75241   -0.14906   -0.13436   -0.11832   -0.11307
  -0.10908   -0.09699   -0.08726   -0.08163   -0.07936   -0.05736   -0.05255   -0.04182
   0.01644    0.02004    0.02449    0.05826    0.06429    0.25443    0.26414    0.26514
   0.26762    0.29529    0.30527    0.36989    0.42041    0.47749    0.50979    0.53171
   0.56155    0.57639    0.59761    0.64782    0.68013    0.70103    0.73771    0.78908
 kpt# 240, nband= 48, wtk=  1.00000, kpt=  0.1500  0.3000  0.2250 (reduced coord)
  -2.85351   -2.66491   -1.70769   -1.70571   -1.70555   -1.52290   -1.52093   -1.52069
  -0.76576   -0.75843   -0.75352   -0.75245   -0.14829   -0.13417   -0.11841   -0.11373
  -0.10991   -0.09787   -0.08626   -0.08138   -0.07959   -0.05787   -0.05271   -0.04230
   0.01660    0.02008    0.02447    0.05773    0.06434    0.25600    0.26433    0.26489
   0.27036    0.29513    0.30566    0.36964    0.42205    0.47746    0.50692    0.53191
   0.56434    0.57396    0.59579    0.64740    0.67419    0.70334    0.73341    0.79260
 kpt# 241, nband= 48, wtk=  1.00000, kpt=  0.1556  0.3111  0.2333 (reduced coord)
  -2.85351   -2.66491   -1.70769   -1.70573   -1.70554   -1.52289   -1.52096   -1.52069
  -0.76530   -0.75855   -0.75360   -0.75249   -0.14758   -0.13399   -0.11863   -0.11438
  -0.11068   -0.09856   -0.08540   -0.08099   -0.07986   -0.05833   -0.05285   -0.04278
   0.01672    0.02011    0.02445    0.05719    0.06444    0.25724    0.26422    0.26465
   0.27355    0.29511    0.30615    0.36943    0.42368    0.47733    0.50383    0.53198
   0.56692    0.57168    0.59445    0.64727    0.66762    0.70637    0.72923    0.79580
 kpt# 242, nband= 48, wtk=  1.00000, kpt=  0.1611  0.3222  0.2417 (reduced coord)
  -2.85351   -2.66491   -1.70768   -1.70576   -1.70554   -1.52289   -1.52099   -1.52069
  -0.76484   -0.75866   -0.75368   -0.75253   -0.14691   -0.13385   -0.11905   -0.11502
  -0.11135   -0.09905   -0.08476   -0.08054   -0.08002   -0.05877   -0.05296   -0.04324
   0.01682    0.02011    0.02442    0.05666    0.06458    0.25829    0.26404    0.26440
   0.27676    0.29528    0.30678    0.36928    0.42530    0.47710    0.50060    0.53173
   0.56912    0.56970    0.59366    0.64749    0.66080    0.70970    0.72524    0.79853
 kpt# 243, nband= 48, wtk=  1.00000, kpt=  0.1667  0.3333  0.2500 (reduced coord)
  -2.85351   -2.66491   -1.70768   -1.70578   -1.70554   -1.52288   -1.52102   -1.52068
  -0.76438   -0.75876   -0.75376   -0.75257   -0.14629   -0.13374   -0.11964   -0.11564
  -0.11190   -0.09935   -0.08439   -0.08072   -0.07937   -0.05916   -0.05305   -0.04369
   0.01688    0.02009    0.02439    0.05615    0.06476    0.25920    0.26384    0.26416
   0.27970    0.29571    0.30762    0.36918    0.42691    0.47679    0.49727    0.53095
   0.56810    0.57093    0.59353    0.64802    0.65397    0.71285    0.72179    0.80071
 kpt# 244, nband= 48, wtk=  1.00000, kpt=  0.3333 -0.1667  0.2500 (reduced coord)
  -2.85351   -2.66491   -1.70768   -1.70578   -1.70554   -1.52288   -1.52102   -1.52068
  -0.76470   -0.75782   -0.75412   -0.75285   -0.14461   -0.12778   -0.12385   -0.11377
  -0.10755   -0.10455   -0.09016   -0.08271   -0.07991   -0.05834   -0.05257   -0.04495
   0.01598    0.02050    0.02209    0.05968    0.07065    0.26007    0.26415    0.26527
   0.26722    0.30077    0.31153    0.36960    0.42745    0.46922    0.50009    0.53235
   0.56718    0.57483    0.59702    0.63652    0.64550    0.70904    0.74047    0.79830
 kpt# 245, nband= 48, wtk=  1.00000, kpt=  0.3222 -0.1611  0.2417 (reduced coord)
  -2.85351   -2.66491   -1.70768   -1.70576   -1.70554   -1.52289   -1.52099   -1.52069
  -0.76513   -0.75772   -0.75408   -0.75278   -0.14534   -0.12745   -0.12343   -0.11330
  -0.10719   -0.10379   -0.09088   -0.08280   -0.08019   -0.05803   -0.05258   -0.04444
   0.01590    0.02074    0.02192    0.06029    0.07050    0.25915    0.26440    0.26506
   0.26556    0.30077    0.30897    0.37021    0.42598    0.46942    0.50320    0.53258
   0.56864    0.57292    0.59770    0.63674    0.65239    0.70518    0.74409    0.79740
 kpt# 246, nband= 48, wtk=  1.00000, kpt=  0.3111 -0.1556  0.2333 (reduced coord)
  -2.85351   -2.66491   -1.70769   -1.70573   -1.70554   -1.52289   -1.52096   -1.52069
  -0.76557   -0.75762   -0.75404   -0.75271   -0.14613   -0.12725   -0.12308   -0.11299
  -0.10658   -0.10279   -0.09175   -0.08297   -0.08029   -0.05769   -0.05254   -0.04391
   0.01580    0.02096    0.02176    0.06089    0.07031    0.25799    0.26289    0.26471
   0.26582    0.30074    0.30677    0.37083    0.42447    0.46959    0.50625    0.53229
   0.56818    0.57299    0.59897    0.63722    0.65941    0.70138    0.74782    0.79609
 kpt# 247, nband= 48, wtk=  1.00000, kpt=  0.3000 -0.1500  0.2250 (reduced coord)
  -2.85351   -2.66491   -1.70769   -1.70571   -1.70555   -1.52290   -1.52093   -1.52069
  -0.76601   -0.75751   -0.75400   -0.75265   -0.14696   -0.12715   -0.12284   -0.11271
  -0.10584   -0.10157   -0.09275   -0.08314   -0.08033   -0.05734   -0.05245   -0.04337
   0.01567    0.02113    0.02165    0.06150    0.07009    0.25635    0.26103    0.26497
   0.26609    0.30064    0.30497    0.37146    0.42291    0.46974    0.50923    0.53165
   0.56535    0.57549    0.60063    0.63798    0.66651    0.69771    0.75155    0.79436
 kpt# 248, nband= 48, wtk=  1.00000, kpt=  0.2889 -0.1444  0.2167 (reduced coord)
  -2.85351   -2.66492   -1.70769   -1.70569   -1.70555   -1.52290   -1.52090   -1.52069
  -0.76645   -0.75740   -0.75396   -0.75258   -0.14784   -0.12714   -0.12273   -0.11235
  -0.10505   -0.10015   -0.09384   -0.08324   -0.08037   -0.05697   -0.05229   -0.04282
   0.01552    0.02115    0.02168    0.06212    0.06983    0.25409    0.25960    0.26524
   0.26636    0.30037    0.30365    0.37209    0.42132    0.46982    0.51212    0.53083
   0.56207    0.57853    0.60255    0.63898    0.67364    0.69424    0.75518    0.79230
 kpt# 249, nband= 48, wtk=  1.00000, kpt=  0.2778 -0.1389  0.2083 (reduced coord)
  -2.85352   -2.66492   -1.70770   -1.70567   -1.70555   -1.52291   -1.52087   -1.52069
  -0.76689   -0.75728   -0.75393   -0.75252   -0.14876   -0.12723   -0.12273   -0.11186
  -0.10428   -0.09860   -0.09497   -0.08325   -0.08045   -0.05660   -0.05208   -0.04225
   0.01535    0.02103    0.02184    0.06273    0.06953    0.25132    0.25852    0.26550
   0.26662    0.29986    0.30285    0.37272    0.41970    0.46983    0.51488    0.52993
   0.55875    0.58168    0.60469    0.64016    0.68074    0.69105    0.75852    0.79022
 kpt# 250, nband= 48, wtk=  1.00000, kpt=  0.2667 -0.1333  0.2000 (reduced coord)
  -2.85352   -2.66492   -1.70770   -1.70565   -1.70555   -1.52292   -1.52084   -1.52069
  -0.76732   -0.75715   -0.75389   -0.75246   -0.14971   -0.12741   -0.12278   -0.11124
  -0.10355   -0.09716   -0.09590   -0.08317   -0.08059   -0.05622   -0.05180   -0.04168
   0.01516    0.02085    0.02205    0.06335    0.06920    0.24822    0.25763    0.26577
   0.26689    0.29920    0.30249    0.37335    0.41806    0.46976    0.51751    0.52898
   0.55555    0.58476    0.60702    0.64143    0.68723    0.68878    0.76128    0.78847
 kpt# 251, nband= 48, wtk=  1.00000, kpt=  0.2556 -0.1278  0.1917 (reduced coord)
  -2.85352   -2.66492   -1.70770   -1.70563   -1.70555   -1.52292   -1.52081   -1.52070
  -0.76775   -0.75703   -0.75386   -0.75239   -0.15070   -0.12769   -0.12285   -0.11053
  -0.10287   -0.09759   -0.09491   -0.08298   -0.08079   -0.05583   -0.05147   -0.04110
   0.01494    0.02066    0.02225    0.06396    0.06883    0.24493    0.25684    0.26603
   0.26715    0.29856    0.30237    0.37396    0.41641    0.46959    0.51999    0.52800
   0.55263    0.58770    0.60953    0.64268    0.68561    0.69493    0.76300    0.78769
 kpt# 252, nband= 48, wtk=  1.00000, kpt=  0.2444 -0.1222  0.1833 (reduced coord)
  -2.85352   -2.66492   -1.70771   -1.70561   -1.70555   -1.52293   -1.52078   -1.52070
  -0.76818   -0.75689   -0.75383   -0.75234   -0.15170   -0.12805   -0.12289   -0.10975
  -0.10224   -0.09869   -0.09322   -0.08265   -0.08105   -0.05544   -0.05109   -0.04052
   0.01471    0.02046    0.02246    0.06458    0.06844    0.24150    0.25610    0.26629
   0.26740    0.29804    0.30236    0.37456    0.41474    0.46931    0.52229    0.52694
   0.55011    0.59043    0.61219    0.64377    0.68377    0.70166    0.76338    0.78842
 kpt# 253, nband= 48, wtk=  1.00000, kpt=  0.2333 -0.1167  0.1750 (reduced coord)
  -2.85352   -2.66492   -1.70771   -1.70559   -1.70555   -1.52293   -1.52076   -1.52070
  -0.76860   -0.75676   -0.75380   -0.75228   -0.15272   -0.12849   -0.12288   -0.10894
  -0.10173   -0.09968   -0.09158   -0.08218   -0.08135   -0.05503   -0.05067   -0.03993
   0.01446    0.02025    0.02266    0.06519    0.06801    0.23800    0.25540    0.26654
   0.26766    0.29767    0.30241    0.37514    0.41307    0.46892    0.52417    0.52596
   0.54813    0.59294    0.61497    0.64454    0.68259    0.70801    0.76264    0.79067
 kpt# 254, nband= 48, wtk=  1.00000, kpt=  0.2222 -0.1111  0.1667 (reduced coord)
  -2.85352   -2.66492   -1.70771   -1.70558   -1.70555   -1.52294   -1.52073   -1.52070
  -0.76901   -0.75662   -0.75377   -0.75223   -0.15374   -0.12898   -0.12283   -0.10816
  -0.10170   -0.10016   -0.09012   -0.08189   -0.08127   -0.05460   -0.05022   -0.03935
   0.01419    0.02002    0.02286    0.06580    0.06755    0.23446    0.25472    0.26679
   0.26791    0.29745    0.30248    0.37570    0.41140    0.46842    0.52367    0.52698
   0.54676    0.59523    0.61780    0.64486    0.68220    0.71370    0.76153    0.79404
 kpt# 255, nband= 48, wtk=  1.00000, kpt=  0.2111 -0.1056  0.1583 (reduced coord)
  -2.85352   -2.66492   -1.70771   -1.70556   -1.70556   -1.52294   -1.52070   -1.52070
  -0.76941   -0.75648   -0.75374   -0.75218   -0.15477   -0.12951   -0.12273   -0.10749
  -0.10228   -0.09986   -0.08892   -0.08225   -0.08031   -0.05416   -0.04974   -0.03877
   0.01391    0.01980    0.02304    0.06640    0.06708    0.23092    0.25408    0.26703
   0.26816    0.29736    0.30257    0.37622    0.40975    0.46782    0.52187    0.52891
   0.54604    0.59732    0.62064    0.64465    0.68267    0.71830    0.76095    0.79818
 kpt# 256, nband= 48, wtk=  1.00000, kpt=  0.2000 -0.1000  0.1500 (reduced coord)
  -2.85352   -2.66493   -1.70772   -1.70556   -1.70554   -1.52295   -1.52070   -1.52068
  -0.76979   -0.75634   -0.75371   -0.75213   -0.15579   -0.13005   -0.12260   -0.10709
  -0.10281   -0.09934   -0.08802   -0.08271   -0.07899   -0.05369   -0.04924   -0.03820
   0.01361    0.01956    0.02322    0.06655    0.06702    0.22740    0.25345    0.26726
   0.26840    0.29741    0.30268    0.37671    0.40813    0.46711    0.51973    0.53090
   0.54588    0.59922    0.62341    0.64391    0.68396    0.72133    0.76171    0.80274
 kpt# 257, nband= 48, wtk=  1.00000, kpt=  0.1889 -0.0944  0.1417 (reduced coord)
  -2.85352   -2.66493   -1.70772   -1.70556   -1.70552   -1.52295   -1.52070   -1.52066
  -0.77017   -0.75620   -0.75369   -0.75209   -0.15680   -0.13059   -0.12243   -0.10715
  -0.10289   -0.09877   -0.08740   -0.08320   -0.07741   -0.05320   -0.04874   -0.03764
   0.01329    0.01932    0.02338    0.06605    0.06759    0.22392    0.25285    0.26748
   0.26864    0.29756    0.30279    0.37716    0.40654    0.46633    0.51738    0.53293
   0.54616    0.60094    0.62605    0.64270    0.68596    0.72252    0.76427    0.80758
 kpt# 258, nband= 48, wtk=  1.00000, kpt=  0.1778 -0.0889  0.1333 (reduced coord)
  -2.85352   -2.66493   -1.70772   -1.70556   -1.70551   -1.52295   -1.52071   -1.52063
  -0.77053   -0.75606   -0.75366   -0.75205   -0.15779   -0.13112   -0.12224   -0.10765
  -0.10251   -0.09819   -0.08701   -0.08372   -0.07567   -0.05268   -0.04823   -0.03709
   0.01297    0.01907    0.02353    0.06552    0.06816    0.22052    0.25227    0.26770
   0.26887    0.29782    0.30290    0.37755    0.40500    0.46546    0.51492    0.53503
   0.54676    0.60251    0.62850    0.64115    0.68853    0.72210    0.76855    0.81266
 kpt# 259, nband= 48, wtk=  1.00000, kpt=  0.1667 -0.0833  0.1250 (reduced coord)
  -2.85352   -2.66493   -1.70773   -1.70556   -1.70549   -1.52296   -1.52071   -1.52061
  -0.77088   -0.75593   -0.75364   -0.75201   -0.15876   -0.13163   -0.12203   -0.10839
  -0.10187   -0.09760   -0.08678   -0.08424   -0.07384   -0.05212   -0.04772   -0.03656
   0.01264    0.01882    0.02367    0.06499    0.06872    0.21720    0.25172    0.26791
   0.26909    0.29814    0.30302    0.37790    0.40353    0.46454    0.51245    0.53722
   0.54757    0.60391    0.63066    0.63939    0.69153    0.72061    0.77408    0.81792
 kpt# 260, nband= 48, wtk=  1.00000, kpt=  0.1556 -0.0778  0.1167 (reduced coord)
  -2.85353   -2.66493   -1.70773   -1.70556   -1.70548   -1.52296   -1.52071   -1.52059
  -0.77121   -0.75579   -0.75362   -0.75198   -0.15969   -0.13212   -0.12181   -0.10922
  -0.10112   -0.09703   -0.08670   -0.08476   -0.07199   -0.05153   -0.04722   -0.03605
   0.01230    0.01856    0.02380    0.06445    0.06926    0.21400    0.25120    0.26810
   0.26931    0.29854    0.30315    0.37817    0.40214    0.46357    0.51002    0.53951
   0.54854    0.60514    0.63235    0.63767    0.69482    0.71856    0.78042    0.82316
 kpt# 261, nband= 48, wtk=  1.00000, kpt=  0.1444 -0.0722  0.1083 (reduced coord)
  -2.85353   -2.66493   -1.70773   -1.70556   -1.70546   -1.52297   -1.52071   -1.52057
  -0.77152   -0.75566   -0.75360   -0.75195   -0.16058   -0.13259   -0.12158   -0.11005
  -0.10033   -0.09646   -0.08675   -0.08525   -0.07017   -0.05090   -0.04673   -0.03557
   0.01197    0.01830    0.02392    0.06392    0.06978    0.21092    0.25070    0.26829
   0.26952    0.29898    0.30328    0.37838    0.40085    0.46256    0.50768    0.54188
   0.54962    0.60620    0.63277    0.63681    0.69830    0.71632    0.78723    0.82842
 kpt# 262, nband= 48, wtk=  1.00000, kpt=  0.1333 -0.0667  0.1000 (reduced coord)
  -2.85353   -2.66493   -1.70773   -1.70556   -1.70545   -1.52297   -1.52071   -1.52055
  -0.77181   -0.75553   -0.75358   -0.75193   -0.16143   -0.13302   -0.12135   -0.11085
  -0.09953   -0.09590   -0.08693   -0.08568   -0.06842   -0.05024   -0.04625   -0.03511
   0.01163    0.01804    0.02402    0.06340    0.07028    0.20799    0.25023    0.26846
   0.26973    0.29945    0.30341    0.37852    0.39966    0.46154    0.50547    0.54426
   0.55085    0.60708    0.63130    0.63745    0.70187    0.71413    0.79430    0.83504
 kpt# 263, nband= 48, wtk=  1.00000, kpt=  0.1222 -0.0611  0.0917 (reduced coord)
  -2.85353   -2.66493   -1.70773   -1.70556   -1.70544   -1.52297   -1.52071   -1.52053
  -0.77208   -0.75541   -0.75357   -0.75191   -0.16224   -0.13342   -0.12112   -0.11161
  -0.09874   -0.09535   -0.08723   -0.08603   -0.06676   -0.04954   -0.04580   -0.03468
   0.01130    0.01778    0.02411    0.06289    0.07075    0.20522    0.24980    0.26862
   0.26992    0.29994    0.30355    0.37857    0.39860    0.46051    0.50341    0.54655
   0.55230    0.60779    0.62901    0.63853    0.70544    0.71212    0.80148    0.83849
 kpt# 264, nband= 48, wtk=  1.00000, kpt=  0.1111 -0.0556  0.0833 (reduced coord)
  -2.85353   -2.66493   -1.70774   -1.70556   -1.70543   -1.52298   -1.52071   -1.52052
  -0.77234   -0.75529   -0.75356   -0.75189   -0.16298   -0.13379   -0.12089   -0.11231
  -0.09796   -0.09483   -0.08763   -0.08633   -0.06522   -0.04881   -0.04537   -0.03428
   0.01099    0.01753    0.02419    0.06240    0.07120    0.20263    0.24940    0.26877
   0.27010    0.30042    0.30369    0.37855    0.39766    0.45949    0.50151    0.54856
   0.55412    0.60831    0.62643    0.63956    0.70891    0.71042    0.80879    0.84459
 kpt# 265, nband= 48, wtk=  1.00000, kpt=  0.1000 -0.0500  0.0750 (reduced coord)
  -2.85353   -2.66493   -1.70774   -1.70556   -1.70542   -1.52298   -1.52071   -1.52050
  -0.77257   -0.75518   -0.75355   -0.75188   -0.16367   -0.13413   -0.12068   -0.11294
  -0.09721   -0.09433   -0.08806   -0.08661   -0.06381   -0.04807   -0.04497   -0.03391
   0.01068    0.01728    0.02426    0.06194    0.07161    0.20023    0.24903    0.26891
   0.27027    0.30089    0.30385    0.37845    0.39686    0.45850    0.49979    0.55016
   0.55643    0.60866    0.62365    0.64045    0.70888    0.71239    0.81581    0.84767
 kpt# 266, nband= 48, wtk=  1.00000, kpt=  0.0889 -0.0444  0.0667 (reduced coord)
  -2.85353   -2.66493   -1.70774   -1.70556   -1.70541   -1.52298   -1.52071   -1.52049
  -0.77278   -0.75507   -0.75354   -0.75187   -0.16430   -0.13443   -0.12048   -0.11351
  -0.09649   -0.09387   -0.08850   -0.08691   -0.06256   -0.04732   -0.04460   -0.03358
   0.01040    0.01704    0.02432    0.06150    0.07199    0.19804    0.24869    0.26903
   0.27042    0.30132    0.30402    0.37829    0.39619    0.45755    0.49826    0.55138
   0.55917    0.60885    0.62073    0.64119    0.70774    0.71557    0.82269    0.84673
 kpt# 267, nband= 48, wtk=  1.00000, kpt=  0.0778 -0.0389  0.0583 (reduced coord)
  -2.85353   -2.66494   -1.70774   -1.70557   -1.70540   -1.52298   -1.52071   -1.52048
  -0.77296   -0.75498   -0.75353   -0.75186   -0.16486   -0.13469   -0.12031   -0.11400
  -0.09579   -0.09344   -0.08892   -0.08722   -0.06146   -0.04658   -0.04427   -0.03328
   0.01013    0.01682    0.02437    0.06111    0.07233    0.19608    0.24839    0.26914
   0.27056    0.30171    0.30421    0.37808    0.39564    0.45667    0.49691    0.55233
   0.56219    0.60890    0.61768    0.64181    0.70686    0.71852    0.82945    0.84896
 kpt# 268, nband= 48, wtk=  1.00000, kpt=  0.0667 -0.0333  0.0500 (reduced coord)
  -2.85353   -2.66494   -1.70774   -1.70557   -1.70539   -1.52299   -1.52072   -1.52047
  -0.77313   -0.75489   -0.75352   -0.75185   -0.16535   -0.13492   -0.12016   -0.11442
  -0.09513   -0.09306   -0.08931   -0.08756   -0.06053   -0.04587   -0.04397   -0.03303
   0.00989    0.01662    0.02442    0.06075    0.07263    0.19434    0.24813    0.26924
   0.27069    0.30203    0.30441    0.37784    0.39521    0.45586    0.49575    0.55310
   0.56539    0.60880    0.61458    0.64231    0.70622    0.72119    0.83640    0.85649
 kpt# 269, nband= 48, wtk=  1.00000, kpt=  0.0556 -0.0278  0.0417 (reduced coord)
  -2.85353   -2.66494   -1.70774   -1.70557   -1.70539   -1.52299   -1.52072   -1.52046
  -0.77327   -0.75482   -0.75352   -0.75185   -0.16577   -0.13512   -0.12004   -0.11477
  -0.09450   -0.09273   -0.08964   -0.08792   -0.05975   -0.04522   -0.04371   -0.03280
   0.00968    0.01643    0.02445    0.06044    0.07288    0.19286    0.24791    0.26932
   0.27080    0.30229    0.30461    0.37759    0.39488    0.45515    0.49477    0.55372
   0.56868    0.60839    0.61166    0.64273    0.70578    0.72352    0.84162    0.85289
 kpt# 270, nband= 48, wtk=  1.00000, kpt=  0.0444 -0.0222  0.0333 (reduced coord)
  -2.85353   -2.66494   -1.70774   -1.70557   -1.70538   -1.52299   -1.52072   -1.52045
  -0.77338   -0.75476   -0.75352   -0.75185   -0.16612   -0.13528   -0.11995   -0.11504
  -0.09391   -0.09245   -0.08993   -0.08828   -0.05912   -0.04465   -0.04350   -0.03262
   0.00951    0.01628    0.02448    0.06018    0.07310    0.19163    0.24773    0.26938
   0.27089    0.30249    0.30480    0.37735    0.39463    0.45454    0.49398    0.55422
   0.57197    0.60687    0.60981    0.64305    0.70549    0.72548    0.84684    0.85492
 kpt# 271, nband= 48, wtk=  1.00000, kpt=  0.0333 -0.0167  0.0250 (reduced coord)
  -2.85353   -2.66494   -1.70774   -1.70557   -1.70538   -1.52299   -1.52072   -1.52045
  -0.77347   -0.75471   -0.75352   -0.75185   -0.16639   -0.13540   -0.11988   -0.11524
  -0.09339   -0.09224   -0.09016   -0.08863   -0.05864   -0.04419   -0.04333   -0.03248
   0.00936    0.01615    0.02450    0.05998    0.07326    0.19066    0.24759    0.26944
   0.27096    0.30264    0.30497    0.37714    0.39446    0.45406    0.49337    0.55460
   0.57514    0.60415    0.60925    0.64331    0.70531    0.72704    0.85135    0.85685
 kpt# 272, nband= 48, wtk=  1.00000, kpt=  0.0222 -0.0111  0.0167 (reduced coord)
  -2.85353   -2.66494   -1.70774   -1.70557   -1.70538   -1.52299   -1.52072   -1.52044
  -0.77353   -0.75467   -0.75351   -0.75184   -0.16659   -0.13549   -0.11984   -0.11538
  -0.09295   -0.09208   -0.09032   -0.08895   -0.05830   -0.04384   -0.04320   -0.03238
   0.00926    0.01606    0.02451    0.05983    0.07338    0.18997    0.24748    0.26947
   0.27101    0.30273    0.30511    0.37698    0.39434    0.45370    0.49293    0.55487
   0.57799    0.60142    0.60904    0.64348    0.70520    0.72817    0.85482    0.85891
 kpt# 273, nband= 48, wtk=  1.00000, kpt=  0.0111 -0.0056  0.0083 (reduced coord)
  -2.85353   -2.66494   -1.70774   -1.70557   -1.70538   -1.52299   -1.52072   -1.52044
  -0.77357   -0.75465   -0.75351   -0.75184   -0.16671   -0.13554   -0.11981   -0.11547
  -0.09266   -0.09198   -0.09043   -0.08918   -0.05810   -0.04363   -0.04313   -0.03232
   0.00920    0.01600    0.02452    0.05974    0.07346    0.18955    0.24742    0.26950
   0.27104    0.30279    0.30519    0.37688    0.39427    0.45349    0.49267    0.55504
   0.58014    0.59931    0.60893    0.64359    0.70515    0.72885    0.85792    0.85980
 kpt# 274, nband= 48, wtk=  1.00000, kpt=  0.0000  0.0000  0.0000 (reduced coord)
  -2.85353   -2.66494   -1.70774   -1.70557   -1.70537   -1.52299   -1.52072   -1.52044
  -0.77358   -0.75464   -0.75351   -0.75184   -0.16675   -0.13556   -0.11980   -0.11549
  -0.09255   -0.09195   -0.09046   -0.08927   -0.05803   -0.04356   -0.04310   -0.03230
   0.00918    0.01598    0.02452    0.05971    0.07348    0.18941    0.24740    0.26950
   0.27105    0.30281    0.30522    0.37685    0.39425    0.45341    0.49258    0.55509
   0.58098    0.59848    0.60890    0.64362    0.70514    0.72908    0.85830    0.86036
 kpt# 275, nband= 48, wtk=  1.00000, kpt=  0.0000  0.0000  0.0167 (reduced coord)
  -2.85353   -2.66494   -1.70774   -1.70557   -1.70538   -1.52299   -1.52072   -1.52044
  -0.77356   -0.75464   -0.75352   -0.75184   -0.16668   -0.13554   -0.11983   -0.11543
  -0.09283   -0.09207   -0.09037   -0.08899   -0.05823   -0.04364   -0.04315   -0.03234
   0.00925    0.01604    0.02450    0.05971    0.07338    0.18969    0.24747    0.26948
   0.27101    0.30280    0.30511    0.37715    0.39455    0.45346    0.49263    0.55500
   0.58070    0.59849    0.60892    0.64340    0.70519    0.72807    0.85555    0.86168
 kpt# 276, nband= 48, wtk=  1.00000, kpt=  0.0000  0.0000  0.0333 (reduced coord)
  -2.85353   -2.66494   -1.70774   -1.70557   -1.70538   -1.52299   -1.52072   -1.52045
  -0.77348   -0.75464   -0.75352   -0.75185   -0.16647   -0.13546   -0.11991   -0.11525
  -0.09352   -0.09243   -0.09013   -0.08834   -0.05884   -0.04386   -0.04331   -0.03244
   0.00946    0.01621    0.02444    0.05971    0.07309    0.19053    0.24769    0.26940
   0.27090    0.30279    0.30480    0.37803    0.39545    0.45359    0.49279    0.55471
   0.57993    0.59850    0.60900    0.64270    0.70538    0.72513    0.84991    0.86655
 kpt# 277, nband= 48, wtk=  1.00000, kpt=  0.0000  0.0000  0.0500 (reduced coord)
  -2.85353   -2.66494   -1.70774   -1.70557   -1.70539   -1.52298   -1.52072   -1.52047
  -0.77336   -0.75463   -0.75353   -0.75185   -0.16613   -0.13534   -0.12003   -0.11494
  -0.09436   -0.09301   -0.08973   -0.08754   -0.05984   -0.04425   -0.04357   -0.03262
   0.00979    0.01648    0.02434    0.05971    0.07261    0.19192    0.24806    0.26927
   0.27071    0.30277    0.30429    0.37949    0.39692    0.45379    0.49304    0.55415
   0.57876    0.59851    0.60913    0.64148    0.70578    0.72057    0.84212    0.88209
 kpt# 278, nband= 48, wtk=  1.00000, kpt=  0.0000  0.0000  0.0667 (reduced coord)
  -2.85353   -2.66493   -1.70774   -1.70556   -1.70541   -1.52298   -1.52071   -1.52049
  -0.77318   -0.75463   -0.75355   -0.75186   -0.16565   -0.13518   -0.12019   -0.11451
  -0.09528   -0.09383   -0.08919   -0.08670   -0.06118   -0.04476   -0.04394   -0.03287
   0.01022    0.01686    0.02421    0.05972    0.07195    0.19385    0.24856    0.26908
   0.27045    0.30274    0.30362    0.38152    0.39893    0.45408    0.49339    0.55320
   0.57739    0.59853    0.60929    0.63968    0.70647    0.71475    0.83325    0.88258
 kpt# 279, nband= 48, wtk=  1.00000, kpt=  0.0000  0.0000  0.0833 (reduced coord)
  -2.85353   -2.66493   -1.70774   -1.70556   -1.70543   -1.52298   -1.52071   -1.52052
  -0.77296   -0.75462   -0.75357   -0.75186   -0.16505   -0.13497   -0.12037   -0.11397
  -0.09621   -0.09484   -0.08853   -0.08586   -0.06286   -0.04542   -0.04442   -0.03320
   0.01074    0.01733    0.02404    0.05972    0.07114    0.19629    0.24919    0.26885
   0.27013    0.30270    0.30283    0.38408    0.40144    0.45442    0.49385    0.55171
   0.57604    0.59853    0.60950    0.63727    0.70756    0.70803    0.82376    0.86062
 kpt# 280, nband= 48, wtk=  1.00000, kpt=  0.0000  0.0000  0.1000 (reduced coord)
  -2.85353   -2.66493   -1.70773   -1.70556   -1.70545   -1.52297   -1.52071   -1.52055
  -0.77268   -0.75462   -0.75359   -0.75187   -0.16432   -0.13472   -0.12055   -0.11330
  -0.09714   -0.09604   -0.08778   -0.08505   -0.06484   -0.04619   -0.04500   -0.03361
   0.01131    0.01787    0.02384    0.05972    0.07018    0.19921    0.24994    0.26857
   0.26976    0.30194    0.30266    0.38714    0.40441    0.45481    0.49440    0.54953
   0.57494    0.59850    0.60975    0.63425    0.70070    0.70910    0.81468    0.84960
 kpt# 281, nband= 48, wtk=  1.00000, kpt=  0.0000  0.0000  0.1167 (reduced coord)
  -2.85353   -2.66493   -1.70773   -1.70556   -1.70548   -1.52296   -1.52071   -1.52059
  -0.77237   -0.75462   -0.75362   -0.75188   -0.16347   -0.13443   -0.12071   -0.11252
  -0.09805   -0.09741   -0.08695   -0.08427   -0.06704   -0.04707   -0.04568   -0.03410
   0.01191    0.01850    0.02361    0.05973    0.06912    0.20260    0.25080    0.26825
   0.26934    0.30099    0.30262    0.39068    0.40778    0.45523    0.49506    0.54660
   0.57423    0.59845    0.61002    0.63066    0.69299    0.71114    0.80575    0.83967
 kpt# 282, nband= 48, wtk=  1.00000, kpt=  0.0000  0.0000  0.1333 (reduced coord)
  -2.85352   -2.66493   -1.70772   -1.70556   -1.70551   -1.52295   -1.52071   -1.52063
  -0.77201   -0.75463   -0.75365   -0.75189   -0.16251   -0.13412   -0.12084   -0.11162
  -0.09894   -0.09891   -0.08607   -0.08354   -0.06945   -0.04804   -0.04646   -0.03467
   0.01252    0.01918    0.02335    0.05974    0.06796    0.20640    0.25177    0.26789
   0.26888    0.30002    0.30259    0.39466    0.41151    0.45566    0.49583    0.54294
   0.57395    0.59833    0.61031    0.62660    0.68508    0.71365    0.79704    0.83010
 kpt# 283, nband= 48, wtk=  1.00000, kpt=  0.0000  0.0000  0.1500 (reduced coord)
  -2.85352   -2.66493   -1.70772   -1.70556   -1.70554   -1.52294   -1.52070   -1.52068
  -0.77161   -0.75464   -0.75368   -0.75191   -0.16144   -0.13378   -0.12093   -0.11061
  -0.10053   -0.09980   -0.08518   -0.08285   -0.07202   -0.04908   -0.04732   -0.03533
   0.01310    0.01991    0.02308    0.05975    0.06674    0.21060    0.25283    0.26749
   0.26838    0.29906    0.30256    0.39904    0.41556    0.45607    0.49670    0.53868
   0.57404    0.59815    0.61060    0.62219    0.67708    0.71663    0.78862    0.82081
 kpt# 284, nband= 48, wtk=  1.00000, kpt=  0.0000  0.0000  0.1667 (reduced coord)
  -2.85352   -2.66492   -1.70771   -1.70558   -1.70555   -1.52294   -1.52073   -1.52070
  -0.77117   -0.75465   -0.75372   -0.75192   -0.16027   -0.13342   -0.12095   -0.10949
  -0.10222   -0.10061   -0.08428   -0.08223   -0.07471   -0.05018   -0.04827   -0.03607
   0.01366    0.02068    0.02280    0.05978    0.06549    0.21514    0.25397    0.26705
   0.26786    0.29812    0.30254    0.40377    0.41988    0.45642    0.49767    0.53397
   0.57438    0.59787    0.61089    0.61760    0.66908    0.72001    0.78055    0.81182
 kpt# 285, nband= 48, wtk=  1.00000, kpt=  0.0000  0.0000  0.1833 (reduced coord)
  -2.85352   -2.66492   -1.70771   -1.70561   -1.70555   -1.52293   -1.52078   -1.52070
  -0.77070   -0.75468   -0.75376   -0.75193   -0.15900   -0.13306   -0.12091   -0.10826
  -0.10399   -0.10138   -0.08342   -0.08166   -0.07748   -0.05133   -0.04930   -0.03691
   0.01416    0.02147    0.02250    0.05981    0.06421    0.21998    0.25519    0.26659
   0.26733    0.29724    0.30255    0.40883    0.42444    0.45666    0.49875    0.52895
   0.57481    0.59747    0.61116    0.61300    0.66116    0.72374    0.77288    0.80316
 kpt# 286, nband= 48, wtk=  1.00000, kpt=  0.0000  0.0000  0.2000 (reduced coord)
  -2.85352   -2.66492   -1.70770   -1.70565   -1.70555   -1.52291   -1.52084   -1.52069
  -0.77019   -0.75471   -0.75380   -0.75195   -0.15766   -0.13269   -0.12078   -0.10693
  -0.10579   -0.10211   -0.08262   -0.08117   -0.08031   -0.05249   -0.05036   -0.03784
   0.01459    0.02220    0.02228    0.05985    0.06295    0.22506    0.25649    0.26611
   0.26678    0.29641    0.30258    0.41416    0.42919    0.45671    0.49995    0.52378
   0.57514    0.59692    0.60865    0.61139    0.65336    0.72774    0.76566    0.79489
 kpt# 287, nband= 48, wtk=  1.00000, kpt=  0.0000  0.0000  0.2167 (reduced coord)
  -2.85351   -2.66492   -1.70769   -1.70569   -1.70555   -1.52290   -1.52090   -1.52069
  -0.76965   -0.75476   -0.75384   -0.75197   -0.15625   -0.13233   -0.12056   -0.10759
  -0.10550   -0.10278   -0.08314   -0.08192   -0.08075   -0.05367   -0.05146   -0.03887
   0.01495    0.02190    0.02310    0.05990    0.06172    0.23034    0.25787    0.26561
   0.26623    0.29567    0.30265    0.41973    0.43412    0.45651    0.50125    0.51861
   0.57508    0.59619    0.60488    0.61157    0.64572    0.73189    0.75892    0.78690
 kpt# 288, nband= 48, wtk=  1.00000, kpt=  0.0000  0.0000  0.2333 (reduced coord)
  -2.85351   -2.66491   -1.70769   -1.70573   -1.70554   -1.52289   -1.52096   -1.52069
  -0.76909   -0.75482   -0.75388   -0.75198   -0.15478   -0.13199   -0.12024   -0.10938
  -0.10397   -0.10340   -0.08598   -0.08135   -0.08040   -0.05484   -0.05256   -0.04000
   0.01523    0.02161    0.02391    0.05997    0.06052    0.23570    0.25938    0.26510
   0.26568    0.29500    0.30278    0.42550    0.43918    0.45592    0.50266    0.51361
   0.57428    0.59524    0.60206    0.61168    0.63827    0.73599    0.75271    0.77929
 kpt# 289, nband= 48, wtk=  1.00000, kpt=  0.0000  0.0000  0.2500 (reduced coord)
  -2.85351   -2.66491   -1.70768   -1.70578   -1.70554   -1.52288   -1.52102   -1.52068
  -0.76850   -0.75490   -0.75392   -0.75200   -0.15327   -0.13168   -0.11982   -0.11111
  -0.10395   -0.10235   -0.08877   -0.08095   -0.08013   -0.05598   -0.05363   -0.04123
   0.01542    0.02132    0.02471    0.05939    0.06005    0.24104    0.26109    0.26458
   0.26513    0.29441    0.30297    0.43141    0.44434    0.45482    0.50419    0.50897
   0.57248    0.59406    0.60054    0.61169    0.63103    0.73969    0.74706    0.77212
 kpt# 290, nband= 48, wtk=  1.00000, kpt=  0.0000  0.0000  0.2667 (reduced coord)
  -2.85351   -2.66491   -1.70767   -1.70582   -1.70554   -1.52287   -1.52108   -1.52068
  -0.76790   -0.75500   -0.75397   -0.75201   -0.15172   -0.13142   -0.11929   -0.11275
  -0.10446   -0.10065   -0.09151   -0.08076   -0.07995   -0.05708   -0.05464   -0.04255
   0.01553    0.02105    0.02549    0.05833    0.06015    0.24614    0.26312    0.26405
   0.26460    0.29391    0.30327    0.43743    0.44959    0.45307    0.50485    0.50583
   0.56963    0.59261    0.60037    0.61159    0.62400    0.74200    0.74230    0.76539
 kpt# 291, nband= 48, wtk=  1.00000, kpt=  0.0000  0.0000  0.2833 (reduced coord)
  -2.85351   -2.66490   -1.70766   -1.70586   -1.70554   -1.52286   -1.52114   -1.52067
  -0.76727   -0.75512   -0.75401   -0.75203   -0.15017   -0.13121   -0.11864   -0.11430
  -0.10490   -0.09886   -0.09415   -0.08080   -0.07985   -0.05813   -0.05553   -0.04398
   0.01556    0.02079    0.02624    0.05735    0.06026    0.25070    0.26354    0.26408
   0.26572    0.29349    0.30370    0.44351    0.45052    0.45490    0.50142    0.50758
   0.56599    0.59086    0.60134    0.61135    0.61722    0.73755    0.74278    0.75910
 kpt# 292, nband= 48, wtk=  1.00000, kpt=  0.0000  0.0000  0.3000 (reduced coord)
  -2.85350   -2.66490   -1.70766   -1.70590   -1.70553   -1.52285   -1.52120   -1.52067
  -0.76664   -0.75526   -0.75405   -0.75205   -0.14861   -0.13107   -0.11788   -0.11571
  -0.10528   -0.09701   -0.09670   -0.08112   -0.07983   -0.05911   -0.05630   -0.04550
   0.01552    0.02054    0.02697    0.05645    0.06038    0.25440    0.26303    0.26358
   0.26912    0.29315    0.30432    0.44711    0.44960    0.46024    0.49879    0.50944
   0.56188    0.58882    0.60317    0.61067    0.61096    0.73373    0.74026    0.75331
 kpt# 293, nband= 48, wtk=  1.00000, kpt=  0.0000  0.0000  0.3167 (reduced coord)
  -2.85350   -2.66490   -1.70765   -1.70594   -1.70553   -1.52284   -1.52125   -1.52067
  -0.76600   -0.75543   -0.75409   -0.75206   -0.14708   -0.13101   -0.11700   -0.11698
  -0.10561   -0.09912   -0.09508   -0.08173   -0.07989   -0.06001   -0.05691   -0.04711
   0.01541    0.02032    0.02765    0.05564    0.06051    0.25713    0.26254    0.26310
   0.27331    0.29288    0.30522    0.44285    0.45564    0.46558    0.49695    0.51142
   0.55756    0.58647    0.60437    0.60563    0.61040    0.73052    0.73506    0.74801
 kpt# 294, nband= 48, wtk=  1.00000, kpt=  0.0000  0.0000  0.3333 (reduced coord)
  -2.85350   -2.66490   -1.70765   -1.70598   -1.70553   -1.52283   -1.52131   -1.52066
  -0.76536   -0.75562   -0.75413   -0.75207   -0.14560   -0.13102   -0.11809   -0.11600
  -0.10589   -0.10139   -0.09309   -0.08262   -0.08002   -0.06082   -0.05736   -0.04880
   0.01524    0.02012    0.02829    0.05491    0.06064    0.25908    0.26207    0.26265
   0.27791    0.29267    0.30653    0.43782    0.46159    0.47089    0.49586    0.51351
   0.55321    0.58382    0.59834    0.60857    0.60965    0.72792    0.72826    0.74323
 kpt# 295, nband= 48, wtk=  1.00000, kpt=  0.0000  0.0000  0.3500 (reduced coord)
  -2.85350   -2.66489   -1.70764   -1.70601   -1.70553   -1.52281   -1.52136   -1.52066
  -0.76471   -0.75584   -0.75417   -0.75209   -0.14419   -0.13107   -0.11906   -0.11489
  -0.10611   -0.10351   -0.09104   -0.08377   -0.08021   -0.06153   -0.05765   -0.05057
   0.01503    0.01993    0.02889    0.05428    0.06079    0.26051    0.26163    0.26223
   0.28243    0.29252    0.30847    0.43217    0.46738    0.47616    0.49538    0.51571
   0.54893    0.58091    0.59257    0.60873    0.61191    0.72072    0.72589    0.73900
 kpt# 296, nband= 48, wtk=  1.00000, kpt=  0.0000  0.0000  0.3667 (reduced coord)
  -2.85350   -2.66489   -1.70763   -1.70605   -1.70552   -1.52281   -1.52141   -1.52066
  -0.76407   -0.75608   -0.75420   -0.75210   -0.14288   -0.13115   -0.11990   -0.11366
  -0.10629   -0.10544   -0.08895   -0.08517   -0.08046   -0.06216   -0.05783   -0.05242
   0.01479    0.01977    0.02943    0.05372    0.06092    0.26121    0.26161    0.26185
   0.28643    0.29241    0.31127    0.42604    0.47294    0.48133    0.49539    0.51801
   0.54481    0.57777    0.58707    0.60763    0.61560    0.71291    0.72437    0.73530
 kpt# 297, nband= 48, wtk=  1.00000, kpt=  0.0000  0.0000  0.3833 (reduced coord)
  -2.85349   -2.66489   -1.70763   -1.70608   -1.70552   -1.52280   -1.52145   -1.52066
  -0.76344   -0.75635   -0.75423   -0.75211   -0.14172   -0.13120   -0.12064   -0.11232
  -0.10717   -0.10643   -0.08683   -0.08676   -0.08073   -0.06269   -0.05789   -0.05432
   0.01454    0.01963    0.02991    0.05324    0.06106    0.26084    0.26150    0.26247
   0.28960    0.29234    0.31507    0.41958    0.47820    0.48636    0.49579    0.52039
   0.54091    0.57445    0.58186    0.60640    0.61960    0.70506    0.72332    0.73213
 kpt# 298, nband= 48, wtk=  1.00000, kpt=  0.0000  0.0000  0.4000 (reduced coord)
  -2.85349   -2.66489   -1.70762   -1.70610   -1.70552   -1.52279   -1.52149   -1.52065
  -0.76282   -0.75665   -0.75426   -0.75212   -0.14073   -0.13114   -0.12133   -0.11087
  -0.10867   -0.10653   -0.08850   -0.08468   -0.08103   -0.06313   -0.05789   -0.05628
   0.01428    0.01951    0.03034    0.05285    0.06119    0.26050    0.26120    0.26316
   0.29191    0.29230    0.31982    0.41291    0.48308    0.49121    0.49645    0.52284
   0.53728    0.57104    0.57696    0.60507    0.62391    0.69733    0.72266    0.72948
 kpt# 299, nband= 48, wtk=  1.00000, kpt=  0.0000  0.0000  0.4167 (reduced coord)
  -2.85349   -2.66489   -1.70762   -1.70612   -1.70552   -1.52278   -1.52152   -1.52065
  -0.76222   -0.75697   -0.75428   -0.75213   -0.13996   -0.13094   -0.12200   -0.10994
  -0.10931   -0.10660   -0.09036   -0.08253   -0.08132   -0.06350   -0.05827   -0.05784
   0.01404    0.01941    0.03071    0.05252    0.06130    0.26021    0.26094    0.26371
   0.29228    0.29350    0.32526    0.40618    0.48746    0.49578    0.49730    0.52531
   0.53397    0.56764    0.57241    0.60372    0.62850    0.68977    0.72230    0.72733
 kpt# 300, nband= 48, wtk=  1.00000, kpt=  0.0000  0.0000  0.4333 (reduced coord)
  -2.85349   -2.66489   -1.70762   -1.70614   -1.70552   -1.52278   -1.52155   -1.52065
  -0.76164   -0.75731   -0.75430   -0.75214   -0.13942   -0.13057   -0.12269   -0.11096
  -0.10767   -0.10664   -0.09230   -0.08158   -0.08041   -0.06378   -0.06026   -0.05778
   0.01382    0.01933    0.03102    0.05226    0.06140    0.25997    0.26072    0.26413
   0.29227    0.29458    0.33105    0.39952    0.49126    0.49823    0.49995    0.52776
   0.53105    0.56438    0.56827    0.60242    0.63337    0.68243    0.72216    0.72564
 kpt# 301, nband= 48, wtk=  1.00000, kpt=  0.0000  0.0000  0.4500 (reduced coord)
  -2.85349   -2.66489   -1.70762   -1.70616   -1.70552   -1.52278   -1.52157   -1.52065
  -0.76110   -0.75767   -0.75432   -0.75215   -0.13907   -0.13006   -0.12338   -0.11173
  -0.10667   -0.10593   -0.09428   -0.08181   -0.07837   -0.06400   -0.06221   -0.05771
   0.01363    0.01926    0.03125    0.05206    0.06148    0.25978    0.26055    0.26444
   0.29228    0.29530    0.33684    0.39317    0.49437    0.49916    0.50358    0.52860
   0.53007    0.56144    0.56464    0.60127    0.63852    0.67534    0.72217    0.72438
 kpt# 302, nband= 48, wtk=  1.00000, kpt=  0.0000  0.0000  0.4667 (reduced coord)
  -2.85349   -2.66488   -1.70761   -1.70617   -1.70552   -1.52277   -1.52158   -1.52065
  -0.76062   -0.75802   -0.75433   -0.75215   -0.13888   -0.12949   -0.12404   -0.11226
  -0.10669   -0.10412   -0.09629   -0.08199   -0.07651   -0.06415   -0.06400   -0.05765
   0.01349    0.01922    0.03143    0.05192    0.06154    0.25964    0.26043    0.26466
   0.29228    0.29575    0.34215    0.38751    0.49667    0.49996    0.50646    0.52671
   0.53206    0.55904    0.56171    0.60036    0.64396    0.66851    0.72223    0.72350
 kpt# 303, nband= 48, wtk=  1.00000, kpt=  0.0000  0.0000  0.4833 (reduced coord)
  -2.85349   -2.66488   -1.70761   -1.70618   -1.70552   -1.52277   -1.52159   -1.52065
  -0.76024   -0.75832   -0.75433   -0.75215   -0.13879   -0.12900   -0.12456   -0.11258
  -0.10670   -0.10225   -0.09828   -0.08210   -0.07505   -0.06542   -0.06423   -0.05761
   0.01341    0.01919    0.03153    0.05184    0.06157    0.25956    0.26035    0.26479
   0.29229    0.29601    0.34618    0.38328    0.49810    0.50052    0.50833    0.52551
   0.53347    0.55745    0.55973    0.59977    0.64967    0.66196    0.72230    0.72299
 kpt# 304, nband= 48, wtk=  1.00000, kpt=  0.0000  0.0000  0.5000 (reduced coord)
  -2.85349   -2.66488   -1.70761   -1.70618   -1.70552   -1.52277   -1.52160   -1.52065
  -0.76008   -0.75845   -0.75434   -0.75215   -0.13876   -0.12879   -0.12477   -0.11267
  -0.10670   -0.10061   -0.09996   -0.08213   -0.07445   -0.06600   -0.06426   -0.05759
   0.01338    0.01919    0.03157    0.05181    0.06159    0.25953    0.26033    0.26484
   0.29229    0.29609    0.34776    0.38164    0.49858    0.50072    0.50899    0.52510
   0.53399    0.55689    0.55903    0.59957    0.65545    0.65590    0.72233    0.72283
 kpt# 305, nband= 48, wtk=  1.00000, kpt=  0.0111 -0.0056  0.4917 (reduced coord)
  -2.85349   -2.66488   -1.70761   -1.70618   -1.70552   -1.52277   -1.52160   -1.52065
  -0.76012   -0.75841   -0.75434   -0.75216   -0.13875   -0.12885   -0.12475   -0.11276
  -0.10656   -0.10133   -0.09925   -0.08217   -0.07457   -0.06583   -0.06426   -0.05759
   0.01339    0.01918    0.03155    0.05182    0.06161    0.25954    0.26034    0.26484
   0.29228    0.29607    0.34739    0.38207    0.49807    0.50079    0.50864    0.52544
   0.53396    0.55716    0.55896    0.59987    0.65248    0.65863    0.72252    0.72287
 kpt# 306, nband= 48, wtk=  1.00000, kpt=  0.0222 -0.0111  0.4833 (reduced coord)
  -2.85349   -2.66488   -1.70761   -1.70618   -1.70552   -1.52277   -1.52159   -1.52065
  -0.76023   -0.75831   -0.75434   -0.75217   -0.13869   -0.12901   -0.12469   -0.11299
  -0.10616   -0.10232   -0.09832   -0.08228   -0.07491   -0.06536   -0.06425   -0.05758
   0.01341    0.01916    0.03150    0.05183    0.06168    0.25956    0.26036    0.26484
   0.29226    0.29603    0.34633    0.38331    0.49677    0.50071    0.50781    0.52633
   0.53389    0.55780    0.55895    0.60074    0.64912    0.66129    0.72299    0.72312
 kpt# 307, nband= 48, wtk=  1.00000, kpt=  0.0333 -0.0167  0.4750 (reduced coord)
  -2.85349   -2.66488   -1.70761   -1.70617   -1.70552   -1.52277   -1.52159   -1.52065
  -0.76040   -0.75816   -0.75434   -0.75218   -0.13860   -0.12926   -0.12458   -0.11330
  -0.10558   -0.10332   -0.09740   -0.08246   -0.07540   -0.06466   -0.06423   -0.05757
   0.01345    0.01914    0.03142    0.05186    0.06180    0.25958    0.26039    0.26484
   0.29221    0.29596    0.34471    0.38521    0.49485    0.50010    0.50699    0.52751
   0.53384    0.55790    0.55987    0.60212    0.64564    0.66363    0.72320    0.72409
 kpt# 308, nband= 48, wtk=  1.00000, kpt=  0.0444 -0.0222  0.4667 (reduced coord)
  -2.85349   -2.66488   -1.70761   -1.70617   -1.70552   -1.52277   -1.52158   -1.52065
  -0.76059   -0.75798   -0.75434   -0.75220   -0.13848   -0.12960   -0.12443   -0.11365
  -0.10491   -0.10428   -0.09649   -0.08271   -0.07598   -0.06422   -0.06379   -0.05753
   0.01351    0.01910    0.03132    0.05190    0.06196    0.25962    0.26044    0.26485
   0.29212    0.29588    0.34272    0.38763    0.49233    0.49885    0.50651    0.52874
   0.53389    0.55756    0.56158    0.60391    0.64211    0.66561    0.72349    0.72545
 kpt# 309, nband= 48, wtk=  1.00000, kpt=  0.0556 -0.0278  0.4583 (reduced coord)
  -2.85349   -2.66488   -1.70761   -1.70617   -1.70552   -1.52277   -1.52158   -1.52065
  -0.76080   -0.75779   -0.75435   -0.75223   -0.13833   -0.13000   -0.12424   -0.11400
  -0.10543   -0.10400   -0.09561   -0.08303   -0.07659   -0.06419   -0.06283   -0.05748
   0.01357    0.01906    0.03118    0.05195    0.06217    0.25967    0.26051    0.26485
   0.29196    0.29581    0.34048    0.39042    0.48924    0.49713    0.50636    0.52984
   0.53412    0.55721    0.56361    0.60601    0.63862    0.66722    0.72386    0.72719
 kpt# 310, nband= 48, wtk=  1.00000, kpt=  0.0667 -0.0333  0.4500 (reduced coord)
  -2.85349   -2.66489   -1.70762   -1.70616   -1.70552   -1.52278   -1.52157   -1.52065
  -0.76102   -0.75759   -0.75435   -0.75227   -0.13816   -0.13045   -0.12402   -0.11433
  -0.10645   -0.10318   -0.09476   -0.08340   -0.07720   -0.06414   -0.06183   -0.05737
   0.01366    0.01901    0.03101    0.05201    0.06242    0.25973    0.26058    0.26486
   0.29171    0.29577    0.33810    0.39348    0.48566    0.49513    0.50642    0.53068
   0.53462    0.55698    0.56580    0.60828    0.63527    0.66847    0.72431    0.72928
 kpt# 311, nband= 48, wtk=  1.00000, kpt=  0.0778 -0.0389  0.4417 (reduced coord)
  -2.85349   -2.66489   -1.70762   -1.70615   -1.70552   -1.52278   -1.52156   -1.52065
  -0.76125   -0.75739   -0.75436   -0.75231   -0.13797   -0.13091   -0.12376   -0.11463
  -0.10747   -0.10235   -0.09395   -0.08381   -0.07778   -0.06408   -0.06085   -0.05719
   0.01375    0.01895    0.03081    0.05209    0.06271    0.25981    0.26067    0.26485
   0.29134    0.29579    0.33568    0.39674    0.48171    0.49293    0.50657    0.53125
   0.53539    0.55695    0.56801    0.61054    0.63224    0.66936    0.72484    0.73169
 kpt# 312, nband= 48, wtk=  1.00000, kpt=  0.0889 -0.0444  0.4333 (reduced coord)
  -2.85349   -2.66489   -1.70762   -1.70614   -1.70552   -1.52278   -1.52155   -1.52065
  -0.76149   -0.75719   -0.75436   -0.75235   -0.13779   -0.13138   -0.12347   -0.11490
  -0.10849   -0.10154   -0.09318   -0.08426   -0.07833   -0.06399   -0.05997   -0.05686
   0.01386    0.01888    0.03058    0.05218    0.06305    0.25989    0.26078    0.26484
   0.29084    0.29587    0.33327    0.40013    0.47746    0.49056    0.50676    0.53168
   0.53631    0.55718    0.57009    0.61251    0.62983    0.66994    0.72545    0.73440
 kpt# 313, nband= 48, wtk=  1.00000, kpt=  0.1000 -0.0500  0.4250 (reduced coord)
  -2.85349   -2.66489   -1.70762   -1.70613   -1.70552   -1.52278   -1.52153   -1.52065
  -0.76172   -0.75700   -0.75437   -0.75240   -0.13762   -0.13181   -0.12315   -0.11513
  -0.10950   -0.10080   -0.09245   -0.08472   -0.07883   -0.06389   -0.05929   -0.05631
   0.01397    0.01880    0.03033    0.05229    0.06342    0.25998    0.26089    0.26481
   0.29019    0.29602    0.33092    0.40362    0.47300    0.48806    0.50699    0.53205
   0.53728    0.55769    0.57193    0.61378    0.62847    0.67025    0.72613    0.73735
 kpt# 314, nband= 48, wtk=  1.00000, kpt=  0.1111 -0.0556  0.4167 (reduced coord)
  -2.85349   -2.66489   -1.70762   -1.70612   -1.70552   -1.52279   -1.52152   -1.52065
  -0.76195   -0.75682   -0.75438   -0.75246   -0.13750   -0.13217   -0.12281   -0.11533
  -0.11049   -0.10015   -0.09177   -0.08518   -0.07928   -0.06375   -0.05885   -0.05551
   0.01409    0.01872    0.03005    0.05242    0.06382    0.26009    0.26102    0.26477
   0.28940    0.29623    0.32867    0.40717    0.46837    0.48543    0.50722    0.53242
   0.53825    0.55851    0.57339    0.61401    0.62858    0.67035    0.72688    0.74052
 kpt# 315, nband= 48, wtk=  1.00000, kpt=  0.1222 -0.0611  0.4083 (reduced coord)
  -2.85349   -2.66489   -1.70762   -1.70611   -1.70552   -1.52279   -1.52150   -1.52065
  -0.76217   -0.75664   -0.75439   -0.75252   -0.13745   -0.13241   -0.12244   -0.11549
  -0.11144   -0.09961   -0.09116   -0.08560   -0.07967   -0.06358   -0.05856   -0.05455
   0.01422    0.01864    0.02974    0.05257    0.06425    0.26021    0.26116    0.26471
   0.28848    0.29650    0.32654    0.41076    0.46361    0.48270    0.50746    0.53283
   0.53922    0.55962    0.57432    0.61341    0.63000    0.67031    0.72769    0.74386
 kpt# 316, nband= 48, wtk=  1.00000, kpt=  0.1333 -0.0667  0.4000 (reduced coord)
  -2.85349   -2.66489   -1.70763   -1.70610   -1.70552   -1.52279   -1.52149   -1.52065
  -0.76240   -0.75647   -0.75440   -0.75259   -0.13752   -0.13251   -0.12205   -0.11562
  -0.11236   -0.09922   -0.09064   -0.08596   -0.07999   -0.06337   -0.05836   -0.05350
   0.01435    0.01856    0.02941    0.05274    0.06470    0.26033    0.26131    0.26464
   0.28743    0.29682    0.32455    0.41437    0.45876    0.47988    0.50770    0.53328
   0.54018    0.56099    0.57463    0.61257    0.63218    0.67021    0.72855    0.74734
 kpt# 317, nband= 48, wtk=  1.00000, kpt=  0.1444 -0.0722  0.3917 (reduced coord)
  -2.85349   -2.66489   -1.70763   -1.70609   -1.70552   -1.52280   -1.52147   -1.52066
  -0.76261   -0.75632   -0.75441   -0.75266   -0.13770   -0.13245   -0.12165   -0.11572
  -0.11321   -0.09900   -0.09022   -0.08621   -0.08026   -0.06312   -0.05820   -0.05243
   0.01449    0.01848    0.02906    0.05292    0.06518    0.26047    0.26148    0.26455
   0.28626    0.29718    0.32271    0.41798    0.45386    0.47700    0.50793    0.53376
   0.54117    0.56260    0.57426    0.61195    0.63467    0.67013    0.72945    0.75092
 kpt# 318, nband= 48, wtk=  1.00000, kpt=  0.1556 -0.0778  0.3833 (reduced coord)
  -2.85349   -2.66489   -1.70763   -1.70608   -1.70552   -1.52280   -1.52145   -1.52066
  -0.76282   -0.75618   -0.75442   -0.75273   -0.13799   -0.13224   -0.12127   -0.11581
  -0.11397   -0.09895   -0.08992   -0.08632   -0.08047   -0.06282   -0.05803   -0.05137
   0.01463    0.01840    0.02869    0.05314    0.06567    0.26062    0.26165    0.26443
   0.28499    0.29757    0.32104    0.42154    0.44892    0.47408    0.50814    0.53426
   0.54222    0.56440    0.57324    0.61174    0.63719    0.67019    0.73038    0.75458
 kpt# 319, nband= 48, wtk=  1.00000, kpt=  0.1667 -0.0833  0.3750 (reduced coord)
  -2.85350   -2.66489   -1.70763   -1.70606   -1.70552   -1.52280   -1.52143   -1.52066
  -0.76302   -0.75606   -0.75442   -0.75279   -0.13835   -0.13190   -0.12091   -0.11595
  -0.11455   -0.09910   -0.08974   -0.08630   -0.08063   -0.06249   -0.05787   -0.05035
   0.01476    0.01833    0.02831    0.05337    0.06617    0.26078    0.26183    0.26429
   0.28365    0.29798    0.31952    0.42501    0.44402    0.47115    0.50833    0.53476
   0.54333    0.56631    0.57174    0.61194    0.63956    0.67050    0.73134    0.75827
 kpt# 320, nband= 48, wtk=  1.00000, kpt=  0.1778 -0.0889  0.3667 (reduced coord)
  -2.85350   -2.66489   -1.70763   -1.70605   -1.70552   -1.52281   -1.52141   -1.52066
  -0.76321   -0.75597   -0.75443   -0.75286   -0.13877   -0.13146   -0.12062   -0.11617
  -0.11487   -0.09944   -0.08966   -0.08616   -0.08074   -0.06212   -0.05768   -0.04938
   0.01490    0.01828    0.02790    0.05363    0.06667    0.26095    0.26202    0.26413
   0.28224    0.29841    0.31816    0.42817    0.43935    0.46824    0.50848    0.53523
   0.54454    0.56788    0.57035    0.61249    0.64163    0.67117    0.73229    0.76200
 kpt# 321, nband= 48, wtk=  1.00000, kpt=  0.1889 -0.0944  0.3583 (reduced coord)
  -2.85350   -2.66489   -1.70764   -1.70603   -1.70553   -1.52281   -1.52138   -1.52066
  -0.76340   -0.75590   -0.75443   -0.75292   -0.13922   -0.13096   -0.12046   -0.11643
  -0.11492   -0.09993   -0.08962   -0.08595   -0.08080   -0.06171   -0.05747   -0.04847
   0.01503    0.01824    0.02749    0.05391    0.06717    0.26113    0.26222    0.26395
   0.28079    0.29885    0.31695    0.42984    0.43607    0.46540    0.50857    0.53562
   0.54585    0.56695    0.57139    0.61328    0.64331    0.67231    0.73324    0.76566
 kpt# 322, nband= 48, wtk=  1.00000, kpt=  0.2000 -0.1000  0.3500 (reduced coord)
  -2.85350   -2.66489   -1.70764   -1.70601   -1.70553   -1.52282   -1.52136   -1.52066
  -0.76357   -0.75586   -0.75443   -0.75298   -0.13968   -0.13041   -0.12049   -0.11656
  -0.11480   -0.10057   -0.08961   -0.08570   -0.08084   -0.06128   -0.05723   -0.04764
   0.01516    0.01822    0.02706    0.05422    0.06766    0.26131    0.26243    0.26375
   0.27932    0.29929    0.31587    0.42710    0.43705    0.46269    0.50857    0.53589
   0.54728    0.56495    0.57359    0.61424    0.64454    0.67396    0.73415    0.76929
 kpt# 323, nband= 48, wtk=  1.00000, kpt=  0.2111 -0.1056  0.3417 (reduced coord)
  -2.85350   -2.66490   -1.70764   -1.70600   -1.70553   -1.52282   -1.52133   -1.52066
  -0.76373   -0.75586   -0.75441   -0.75302   -0.14014   -0.12983   -0.12073   -0.11648
  -0.11456   -0.10131   -0.08962   -0.08546   -0.08084   -0.06084   -0.05696   -0.04689
   0.01529    0.01823    0.02663    0.05455    0.06813    0.26151    0.26264    0.26352
   0.27786    0.29972    0.31492    0.42250    0.43965    0.46023    0.50847    0.53597
   0.54884    0.56302    0.57596    0.61530    0.64535    0.67610    0.73503    0.77285
 kpt# 324, nband= 48, wtk=  1.00000, kpt=  0.2222 -0.1111  0.3333 (reduced coord)
  -2.85350   -2.66490   -1.70765   -1.70598   -1.70553   -1.52283   -1.52131   -1.52067
  -0.76388   -0.75589   -0.75439   -0.75305   -0.14059   -0.12923   -0.12112   -0.11624
  -0.11423   -0.10212   -0.08962   -0.08522   -0.08082   -0.06039   -0.05666   -0.04624
   0.01541    0.01826    0.02620    0.05491    0.06858    0.26171    0.26286    0.26328
   0.27643    0.30012    0.31410    0.41758    0.44208    0.45824    0.50822    0.53581
   0.55051    0.56143    0.57839    0.61644    0.64581    0.67866    0.73586    0.77632
 kpt# 325, nband= 48, wtk=  1.00000, kpt=  0.2333 -0.1167  0.3250 (reduced coord)
  -2.85350   -2.66490   -1.70765   -1.70596   -1.70553   -1.52283   -1.52128   -1.52067
  -0.76402   -0.75596   -0.75437   -0.75308   -0.14104   -0.12864   -0.12159   -0.11589
  -0.11382   -0.10296   -0.08964   -0.08499   -0.08078   -0.05994   -0.05633   -0.04568
   0.01552    0.01832    0.02576    0.05529    0.06900    0.26192    0.26301    0.26310
   0.27505    0.30050    0.31339    0.41260    0.44366    0.45720    0.50778    0.53539
   0.55229    0.56034    0.58082    0.61764    0.64601    0.68156    0.73661    0.77957
 kpt# 326, nband= 48, wtk=  1.00000, kpt=  0.2444 -0.1222  0.3167 (reduced coord)
  -2.85350   -2.66490   -1.70765   -1.70594   -1.70553   -1.52284   -1.52125   -1.52067
  -0.76415   -0.75607   -0.75434   -0.75308   -0.14148   -0.12806   -0.12208   -0.11548
  -0.11334   -0.10379   -0.08966   -0.08478   -0.08073   -0.05952   -0.05596   -0.04522
   0.01562    0.01842    0.02532    0.05570    0.06939    0.26213    0.26276    0.26332
   0.27373    0.30083    0.31279    0.40761    0.44384    0.45757    0.50711    0.53475
   0.55414    0.55983    0.58321    0.61893    0.64604    0.68468    0.73729    0.78267
 kpt# 327, nband= 48, wtk=  1.00000, kpt=  0.2556 -0.1278  0.3083 (reduced coord)
  -2.85350   -2.66490   -1.70765   -1.70592   -1.70553   -1.52284   -1.52123   -1.52067
  -0.76426   -0.75621   -0.75431   -0.75308   -0.14191   -0.12754   -0.12255   -0.11505
  -0.11281   -0.10457   -0.08968   -0.08457   -0.08066   -0.05914   -0.05557   -0.04486
   0.01571    0.01856    0.02488    0.05613    0.06974    0.26226    0.26256    0.26356
   0.27250    0.30111    0.31229    0.40265    0.44270    0.45923    0.50617    0.53398
   0.55600    0.55999    0.58549    0.62034    0.64597    0.68794    0.73788    0.78562
 kpt# 328, nband= 48, wtk=  1.00000, kpt=  0.2667 -0.1333  0.3000 (reduced coord)
  -2.85350   -2.66490   -1.70766   -1.70590   -1.70553   -1.52285   -1.52120   -1.52067
  -0.76436   -0.75638   -0.75428   -0.75307   -0.14232   -0.12709   -0.12298   -0.11463
  -0.11223   -0.10523   -0.08972   -0.08436   -0.08058   -0.05880   -0.05515   -0.04461
   0.01579    0.01873    0.02445    0.05658    0.07004    0.26209    0.26267    0.26380
   0.27137    0.30132    0.31190    0.39772    0.44084    0.46154    0.50497    0.53321
   0.55773    0.56088    0.58765    0.62192    0.64585    0.69126    0.73838    0.78822
 kpt# 329, nband= 48, wtk=  1.00000, kpt=  0.2778 -0.1389  0.2917 (reduced coord)
  -2.85350   -2.66490   -1.70766   -1.70588   -1.70554   -1.52285   -1.52117   -1.52067
  -0.76445   -0.75657   -0.75425   -0.75304   -0.14272   -0.12677   -0.12333   -0.11426
  -0.11162   -0.10572   -0.08977   -0.08414   -0.08050   -0.05853   -0.05472   -0.04445
   0.01586    0.01894    0.02403    0.05705    0.07029    0.26180    0.26289    0.26404
   0.27034    0.30145    0.31161    0.39285    0.43867    0.46402    0.50356    0.53255
   0.55922    0.56250    0.58963    0.62371    0.64572    0.69459    0.73881    0.79061
 kpt# 330, nband= 48, wtk=  1.00000, kpt=  0.2889 -0.1444  0.2833 (reduced coord)
  -2.85351   -2.66490   -1.70767   -1.70586   -1.70554   -1.52286   -1.52114   -1.52068
  -0.76453   -0.75678   -0.75422   -0.75301   -0.14312   -0.12661   -0.12358   -0.11398
  -0.11097   -0.10597   -0.08983   -0.08391   -0.08040   -0.05832   -0.05428   -0.04439
   0.01591    0.01918    0.02362    0.05755    0.07049    0.26149    0.26313    0.26429
   0.26943    0.30149    0.31142    0.38803    0.43638    0.46637    0.50207    0.53208
   0.56062    0.56464    0.59141    0.62576    0.64559    0.69785    0.73916    0.79273
 kpt# 331, nband= 48, wtk=  1.00000, kpt=  0.3000 -0.1500  0.2750 (reduced coord)
  -2.85351   -2.66491   -1.70767   -1.70584   -1.70554   -1.52286   -1.52111   -1.52068
  -0.76459   -0.75702   -0.75419   -0.75297   -0.14350   -0.12665   -0.12371   -0.11383
  -0.11025   -0.10595   -0.08991   -0.08366   -0.08029   -0.05819   -0.05384   -0.04441
   0.01596    0.01947    0.02322    0.05806    0.07062    0.26116    0.26338    0.26453
   0.26866    0.30145    0.31133    0.38329    0.43407    0.46832    0.50069    0.53183
   0.56209    0.56704    0.59301    0.62810    0.64547    0.70098    0.73946    0.79456
 kpt# 332, nband= 48, wtk=  1.00000, kpt=  0.3111 -0.1556  0.2667 (reduced coord)
  -2.85351   -2.66491   -1.70767   -1.70582   -1.70554   -1.52287   -1.52108   -1.52068
  -0.76464   -0.75727   -0.75417   -0.75293   -0.14388   -0.12688   -0.12376   -0.11379
  -0.10945   -0.10568   -0.08999   -0.08338   -0.08018   -0.05815   -0.05340   -0.04452
   0.01598    0.01978    0.02283    0.05859    0.07070    0.26081    0.26363    0.26478
   0.26802    0.30131    0.31132    0.37863    0.43180    0.46960    0.49973    0.53181
   0.56368    0.56958    0.59443    0.63071    0.64539    0.70393    0.73975    0.79615
 kpt# 333, nband= 48, wtk=  1.00000, kpt=  0.3222 -0.1611  0.2583 (reduced coord)
  -2.85351   -2.66491   -1.70768   -1.70580   -1.70554   -1.52288   -1.52105   -1.52068
  -0.76468   -0.75754   -0.75414   -0.75289   -0.14425   -0.12727   -0.12380   -0.11379
  -0.10855   -0.10519   -0.09007   -0.08306   -0.08005   -0.05820   -0.05298   -0.04470
   0.01599    0.02013    0.02245    0.05913    0.07070    0.26045    0.26389    0.26503
   0.26754    0.30108    0.31139    0.37406    0.42959    0.46994    0.49946    0.53199
   0.56538    0.57220    0.59575    0.63356    0.64537    0.70664    0.74007    0.79734
 kpt# 334, nband= 48, wtk=  1.00000, kpt=  0.3333 -0.1667  0.2500 (reduced coord)
  -2.85351   -2.66491   -1.70768   -1.70578   -1.70554   -1.52288   -1.52102   -1.52068
  -0.76470   -0.75782   -0.75412   -0.75285   -0.14461   -0.12778   -0.12385   -0.11377
  -0.10755   -0.10455   -0.09016   -0.08271   -0.07991   -0.05834   -0.05257   -0.04495
   0.01598    0.02050    0.02209    0.05968    0.07065    0.26007    0.26415    0.26527
   0.26722    0.30077    0.31153    0.36960    0.42745    0.46922    0.50009    0.53235
   0.56718    0.57483    0.59702    0.63652    0.64550    0.70904    0.74047    0.79830
 kpt# 335, nband= 48, wtk=  1.00000, kpt=  0.1667  0.3333  0.2500 (reduced coord)
  -2.85351   -2.66491   -1.70768   -1.70578   -1.70554   -1.52288   -1.52102   -1.52068
  -0.76438   -0.75876   -0.75376   -0.75257   -0.14629   -0.13374   -0.11964   -0.11564
  -0.11190   -0.09935   -0.08439   -0.08072   -0.07937   -0.05916   -0.05305   -0.04369
   0.01688    0.02009    0.02439    0.05615    0.06476    0.25920    0.26384    0.26416
   0.27970    0.29571    0.30762    0.36918    0.42691    0.47679    0.49727    0.53095
   0.56810    0.57093    0.59353    0.64802    0.65397    0.71285    0.72179    0.80071
 kpt# 336, nband= 48, wtk=  1.00000, kpt=  0.1611  0.3222  0.2583 (reduced coord)
  -2.85351   -2.66491   -1.70768   -1.70580   -1.70554   -1.52288   -1.52105   -1.52068
  -0.76438   -0.75848   -0.75381   -0.75256   -0.14627   -0.13272   -0.11946   -0.11626
  -0.11272   -0.09996   -0.08430   -0.08105   -0.07957   -0.05885   -0.05314   -0.04368
   0.01689    0.02004    0.02453    0.05556    0.06460    0.25963    0.26358    0.26392
   0.28051    0.29586    0.30711    0.37364    0.42917    0.47766    0.49652    0.53047
   0.56577    0.56901    0.59231    0.64450    0.65410    0.71063    0.72071    0.80173
 kpt# 337, nband= 48, wtk=  1.00000, kpt=  0.1556  0.3111  0.2667 (reduced coord)
  -2.85351   -2.66491   -1.70767   -1.70582   -1.70554   -1.52287   -1.52108   -1.52068
  -0.76436   -0.75821   -0.75388   -0.75255   -0.14622   -0.13173   -0.11944   -0.11688
  -0.11328   -0.10056   -0.08422   -0.08136   -0.07975   -0.05868   -0.05323   -0.04374
   0.01687    0.01996    0.02471    0.05499    0.06445    0.26004    0.26334    0.26368
   0.28136    0.29605    0.30664    0.37819    0.43150    0.47675    0.49735    0.53021
   0.56322    0.56741    0.59107    0.64103    0.65439    0.70695    0.72095    0.80063
 kpt# 338, nband= 48, wtk=  1.00000, kpt=  0.1500  0.3000  0.2750 (reduced coord)
  -2.85351   -2.66491   -1.70767   -1.70584   -1.70554   -1.52286   -1.52111   -1.52068
  -0.76433   -0.75794   -0.75394   -0.75254   -0.14613   -0.13076   -0.11972   -0.11734
  -0.11361   -0.10113   -0.08414   -0.08164   -0.07991   -0.05862   -0.05334   -0.04386
   0.01682    0.01987    0.02493    0.05446    0.06430    0.26045    0.26311    0.26344
   0.28223    0.29628    0.30622    0.38281    0.43390    0.47452    0.49927    0.53023
   0.56064    0.56596    0.58978    0.63775    0.65474    0.70271    0.72163    0.79969
 kpt# 339, nband= 48, wtk=  1.00000, kpt=  0.1444  0.2889  0.2833 (reduced coord)
  -2.85351   -2.66490   -1.70767   -1.70586   -1.70554   -1.52286   -1.52114   -1.52068
  -0.76429   -0.75769   -0.75402   -0.75253   -0.14600   -0.12984   -0.12036   -0.11751
  -0.11377   -0.10167   -0.08406   -0.08191   -0.08006   -0.05866   -0.05348   -0.04404
   0.01675    0.01977    0.02517    0.05397    0.06416    0.26083    0.26289    0.26321
   0.28313    0.29655    0.30586    0.38751    0.43634    0.47156    0.50162    0.53056
   0.55811    0.56462    0.58839    0.63468    0.65510    0.69826    0.72238    0.79825
 kpt# 340, nband= 48, wtk=  1.00000, kpt=  0.1389  0.2778  0.2917 (reduced coord)
  -2.85350   -2.66490   -1.70766   -1.70588   -1.70554   -1.52285   -1.52117   -1.52067
  -0.76423   -0.75746   -0.75409   -0.75251   -0.14582   -0.12897   -0.12121   -0.11750
  -0.11380   -0.10218   -0.08400   -0.08216   -0.08020   -0.05878   -0.05365   -0.04430
   0.01666    0.01966    0.02544    0.05352    0.06402    0.26120    0.26268    0.26298
   0.28403    0.29686    0.30558    0.39227    0.43879    0.46827    0.50398    0.53122
   0.55566    0.56342    0.58690    0.63184    0.65549    0.69376    0.72309    0.79660
 kpt# 341, nband= 48, wtk=  1.00000, kpt=  0.1333  0.2667  0.3000 (reduced coord)
  -2.85350   -2.66490   -1.70766   -1.70590   -1.70553   -1.52285   -1.52120   -1.52067
  -0.76416   -0.75724   -0.75417   -0.75250   -0.14561   -0.12816   -0.12210   -0.11743
  -0.11372   -0.10266   -0.08394   -0.08237   -0.08032   -0.05897   -0.05386   -0.04462
   0.01654    0.01955    0.02574    0.05311    0.06389    0.26155    0.26249    0.26277
   0.28492    0.29719    0.30542    0.39709    0.44119    0.46489    0.50612    0.53218
   0.55330    0.56242    0.58530    0.62921    0.65587    0.68931    0.72368    0.79415
 kpt# 342, nband= 48, wtk=  1.00000, kpt=  0.1278  0.2556  0.3083 (reduced coord)
  -2.85350   -2.66490   -1.70766   -1.70592   -1.70553   -1.52284   -1.52123   -1.52067
  -0.76407   -0.75703   -0.75426   -0.75248   -0.14536   -0.12747   -0.12295   -0.11734
  -0.11357   -0.10310   -0.08390   -0.08256   -0.08043   -0.05921   -0.05413   -0.04502
   0.01641    0.01945    0.02604    0.05276    0.06375    0.26187    0.26231    0.26257
   0.28579    0.29752    0.30541    0.40195    0.44341    0.46166    0.50792    0.53338
   0.55103    0.56172    0.58358    0.62677    0.65623    0.68496    0.72416    0.79121
 kpt# 343, nband= 48, wtk=  1.00000, kpt=  0.1222  0.2444  0.3167 (reduced coord)
  -2.85350   -2.66490   -1.70765   -1.70594   -1.70553   -1.52284   -1.52125   -1.52067
  -0.76398   -0.75685   -0.75434   -0.75246   -0.14507   -0.12696   -0.12364   -0.11724
  -0.11335   -0.10351   -0.08388   -0.08271   -0.08054   -0.05949   -0.05444   -0.04550
   0.01626    0.01936    0.02636    0.05245    0.06362    0.26207    0.26214    0.26246
   0.28662    0.29782    0.30560    0.40684    0.44512    0.45894    0.50938    0.53464
   0.54884    0.56145    0.58175    0.62446    0.65651    0.68081    0.72450    0.78811
 kpt# 344, nband= 48, wtk=  1.00000, kpt=  0.1167  0.2333  0.3250 (reduced coord)
  -2.85350   -2.66490   -1.70765   -1.70596   -1.70553   -1.52283   -1.52128   -1.52067
  -0.76386   -0.75668   -0.75443   -0.75244   -0.14474   -0.12680   -0.12400   -0.11715
  -0.11308   -0.10387   -0.08392   -0.08281   -0.08064   -0.05979   -0.05480   -0.04606
   0.01609    0.01928    0.02669    0.05219    0.06348    0.26196    0.26203    0.26262
   0.28739    0.29806    0.30604    0.41175    0.44560    0.45749    0.51053    0.53576
   0.54674    0.56174    0.57986    0.62224    0.65662    0.67698    0.72472    0.78476
 kpt# 345, nband= 48, wtk=  1.00000, kpt=  0.1111  0.2222  0.3333 (reduced coord)
  -2.85350   -2.66490   -1.70765   -1.70598   -1.70553   -1.52283   -1.52131   -1.52067
  -0.76374   -0.75654   -0.75451   -0.75243   -0.14437   -0.12709   -0.12393   -0.11704
  -0.11277   -0.10421   -0.08402   -0.08284   -0.08073   -0.06012   -0.05518   -0.04669
   0.01592    0.01921    0.02702    0.05197    0.06335    0.26179    0.26187    0.26287
   0.28810    0.29819    0.30678    0.41666    0.44425    0.45793    0.51144    0.53655
   0.54471    0.56271    0.57792    0.62005    0.65639    0.67368    0.72482    0.78114
 kpt# 346, nband= 48, wtk=  1.00000, kpt=  0.1056  0.2111  0.3417 (reduced coord)
  -2.85350   -2.66490   -1.70764   -1.70600   -1.70553   -1.52282   -1.52133   -1.52066
  -0.76360   -0.75643   -0.75458   -0.75241   -0.14397   -0.12764   -0.12361   -0.11692
  -0.11243   -0.10451   -0.08419   -0.08281   -0.08082   -0.06045   -0.05559   -0.04740
   0.01574    0.01916    0.02736    0.05180    0.06322    0.26162    0.26171    0.26312
   0.28873    0.29823    0.30782    0.42153    0.44162    0.45976    0.51217    0.53689
   0.54274    0.56439    0.57597    0.61785    0.65558    0.67115    0.72481    0.77724
 kpt# 347, nband= 48, wtk=  1.00000, kpt=  0.1000  0.2000  0.3500 (reduced coord)
  -2.85350   -2.66489   -1.70764   -1.70601   -1.70553   -1.52282   -1.52136   -1.52066
  -0.76345   -0.75635   -0.75464   -0.75239   -0.14354   -0.12827   -0.12322   -0.11679
  -0.11206   -0.10477   -0.08444   -0.08272   -0.08090   -0.06078   -0.05600   -0.04818
   0.01556    0.01912    0.02769    0.05167    0.06308    0.26144    0.26156    0.26335
   0.28929    0.29817    0.30914    0.42621    0.43856    0.46224    0.51279    0.53679
   0.54082    0.56670    0.57406    0.61557    0.65400    0.66960    0.72473    0.77329
 kpt# 348, nband= 48, wtk=  1.00000, kpt=  0.0944  0.1889  0.3583 (reduced coord)
  -2.85350   -2.66489   -1.70764   -1.70603   -1.70553   -1.52281   -1.52138   -1.52066
  -0.76328   -0.75630   -0.75469   -0.75237   -0.14308   -0.12890   -0.12286   -0.11662
  -0.11167   -0.10500   -0.08476   -0.08258   -0.08098   -0.06111   -0.05640   -0.04904
   0.01537    0.01908    0.02803    0.05157    0.06295    0.26125    0.26143    0.26357
   0.28978    0.29805    0.31073    0.42990    0.43622    0.46504    0.51333    0.53633
   0.53894    0.56940    0.57232    0.61318    0.65174    0.66897    0.72457    0.76919
 kpt# 349, nband= 48, wtk=  1.00000, kpt=  0.0889  0.1778  0.3667 (reduced coord)
  -2.85350   -2.66489   -1.70763   -1.70605   -1.70552   -1.52281   -1.52141   -1.52066
  -0.76311   -0.75630   -0.75471   -0.75234   -0.14260   -0.12950   -0.12256   -0.11642
  -0.11127   -0.10519   -0.08516   -0.08242   -0.08105   -0.06144   -0.05678   -0.04996
   0.01518    0.01906    0.02836    0.05150    0.06282    0.26108    0.26131    0.26377
   0.29020    0.29788    0.31254    0.42928    0.43806    0.46801    0.51383    0.53562
   0.53708    0.57004    0.57306    0.61063    0.64908    0.66897    0.72437    0.76503
 kpt# 350, nband= 48, wtk=  1.00000, kpt=  0.0833  0.1667  0.3750 (reduced coord)
  -2.85350   -2.66489   -1.70763   -1.70606   -1.70552   -1.52280   -1.52143   -1.52066
  -0.76293   -0.75633   -0.75472   -0.75232   -0.14210   -0.13003   -0.12233   -0.11619
  -0.11085   -0.10536   -0.08565   -0.08222   -0.08109   -0.06175   -0.05713   -0.05094
   0.01499    0.01905    0.02869    0.05147    0.06269    0.26091    0.26119    0.26394
   0.29057    0.29769    0.31455    0.42607    0.44239    0.47109    0.51431    0.53475
   0.53526    0.56847    0.57631    0.60791    0.64630    0.66935    0.72413    0.76088
 kpt# 351, nband= 48, wtk=  1.00000, kpt=  0.0778  0.1556  0.3833 (reduced coord)
  -2.85349   -2.66489   -1.70763   -1.70608   -1.70552   -1.52280   -1.52145   -1.52066
  -0.76274   -0.75639   -0.75470   -0.75230   -0.14160   -0.13049   -0.12219   -0.11592
  -0.11041   -0.10549   -0.08622   -0.08202   -0.08109   -0.06206   -0.05743   -0.05198
   0.01481    0.01904    0.02901    0.05145    0.06256    0.26074    0.26109    0.26410
   0.29089    0.29750    0.31673    0.42244    0.44707    0.47424    0.51477    0.53333
   0.53392    0.56691    0.57975    0.60501    0.64360    0.66990    0.72387    0.75674
 kpt# 352, nband= 48, wtk=  1.00000, kpt=  0.0722  0.1444  0.3917 (reduced coord)
  -2.85349   -2.66489   -1.70763   -1.70609   -1.70552   -1.52279   -1.52147   -1.52066
  -0.76253   -0.75649   -0.75468   -0.75229   -0.14112   -0.13087   -0.12213   -0.11561
  -0.10997   -0.10559   -0.08689   -0.08187   -0.08100   -0.06234   -0.05768   -0.05307
   0.01464    0.01904    0.02932    0.05146    0.06243    0.26059    0.26099    0.26423
   0.29115    0.29730    0.31905    0.41871    0.45178    0.47744    0.51522    0.53154
   0.53297    0.56546    0.58314    0.60195    0.64113    0.67049    0.72361    0.75267
 kpt# 353, nband= 48, wtk=  1.00000, kpt=  0.0667  0.1333  0.4000 (reduced coord)
  -2.85349   -2.66489   -1.70763   -1.70610   -1.70552   -1.52279   -1.52149   -1.52065
  -0.76233   -0.75661   -0.75464   -0.75227   -0.14065   -0.13116   -0.12214   -0.11529
  -0.10952   -0.10566   -0.08765   -0.08179   -0.08078   -0.06261   -0.05787   -0.05419
   0.01447    0.01905    0.02962    0.05147    0.06232    0.26044    0.26089    0.26435
   0.29138    0.29710    0.32150    0.41497    0.45643    0.48068    0.51562    0.52979
   0.53205    0.56414    0.58627    0.59883    0.63899    0.67102    0.72335    0.74871
 kpt# 354, nband= 48, wtk=  1.00000, kpt=  0.0611  0.1222  0.4083 (reduced coord)
  -2.85349   -2.66489   -1.70762   -1.70611   -1.70552   -1.52279   -1.52150   -1.52065
  -0.76211   -0.75675   -0.75460   -0.75225   -0.14022   -0.13135   -0.12221   -0.11496
  -0.10906   -0.10570   -0.08850   -0.08179   -0.08042   -0.06287   -0.05803   -0.05533
   0.01431    0.01906    0.02990    0.05150    0.06220    0.26030    0.26081    0.26446
   0.29158    0.29693    0.32405    0.41123    0.46098    0.48394    0.51594    0.52813
   0.53120    0.56297    0.58865    0.59605    0.63730    0.67143    0.72312    0.74490
 kpt# 355, nband= 48, wtk=  1.00000, kpt=  0.0556  0.1111  0.4167 (reduced coord)
  -2.85349   -2.66489   -1.70762   -1.70612   -1.70552   -1.52279   -1.52152   -1.52065
  -0.76189   -0.75691   -0.75456   -0.75223   -0.13983   -0.13142   -0.12235   -0.11462
  -0.10861   -0.10568   -0.08943   -0.08182   -0.07997   -0.06310   -0.05816   -0.05646
   0.01416    0.01908    0.03017    0.05154    0.06210    0.26017    0.26073    0.26454
   0.29174    0.29676    0.32668    0.40754    0.46541    0.48721    0.51611    0.52665
   0.53041    0.56194    0.58861    0.59519    0.63615    0.67164    0.72291    0.74129
 kpt# 356, nband= 48, wtk=  1.00000, kpt=  0.0500  0.1000  0.4250 (reduced coord)
  -2.85349   -2.66489   -1.70762   -1.70613   -1.70552   -1.52278   -1.52153   -1.52065
  -0.76167   -0.75708   -0.75452   -0.75222   -0.13951   -0.13138   -0.12254   -0.11429
  -0.10817   -0.10561   -0.09043   -0.08186   -0.07945   -0.06332   -0.05843   -0.05742
   0.01402    0.01909    0.03042    0.05158    0.06201    0.26005    0.26065    0.26461
   0.29187    0.29662    0.32937    0.40390    0.46968    0.49046    0.51597    0.52550
   0.52972    0.56106    0.58583    0.59648    0.63564    0.67159    0.72274    0.73791
 kpt# 357, nband= 48, wtk=  1.00000, kpt=  0.0444  0.0889  0.4333 (reduced coord)
  -2.85349   -2.66489   -1.70762   -1.70614   -1.70552   -1.52278   -1.52155   -1.52065
  -0.76144   -0.75726   -0.75449   -0.75220   -0.13926   -0.13123   -0.12276   -0.11397
  -0.10777   -0.10546   -0.09149   -0.08191   -0.07887   -0.06351   -0.05923   -0.05782
   0.01389    0.01911    0.03065    0.05162    0.06192    0.25995    0.26059    0.26467
   0.29198    0.29650    0.33209    0.40034    0.47377    0.49367    0.51541    0.52481
   0.52916    0.56032    0.58219    0.59800    0.63586    0.67124    0.72260    0.73480
 kpt# 358, nband= 48, wtk=  1.00000, kpt=  0.0389  0.0778  0.4417 (reduced coord)
  -2.85349   -2.66489   -1.70762   -1.70615   -1.70552   -1.52278   -1.52156   -1.52065
  -0.76122   -0.75745   -0.75445   -0.75219   -0.13907   -0.13098   -0.12303   -0.11369
  -0.10744   -0.10521   -0.09259   -0.08196   -0.07824   -0.06369   -0.06033   -0.05788
   0.01377    0.01912    0.03086    0.05166    0.06184    0.25985    0.26053    0.26472
   0.29207    0.29639    0.33481    0.39690    0.47767    0.49677    0.51434    0.52462
   0.52877    0.55971    0.57831    0.59913    0.63681    0.67054    0.72249    0.73200
 kpt# 359, nband= 48, wtk=  1.00000, kpt=  0.0333  0.0667  0.4500 (reduced coord)
  -2.85349   -2.66489   -1.70762   -1.70616   -1.70552   -1.52278   -1.52157   -1.52065
  -0.76099   -0.75763   -0.75442   -0.75218   -0.13894   -0.13065   -0.12332   -0.11343
  -0.10717   -0.10482   -0.09372   -0.08200   -0.07757   -0.06384   -0.06147   -0.05785
   0.01367    0.01914    0.03104    0.05170    0.06177    0.25977    0.26048    0.26475
   0.29214    0.29630    0.33748    0.39360    0.48137    0.49969    0.51286    0.52477
   0.52865    0.55922    0.57438    0.59979    0.63846    0.66947    0.72242    0.72956
 kpt# 360, nband= 48, wtk=  1.00000, kpt=  0.0278  0.0556  0.4583 (reduced coord)
  -2.85349   -2.66488   -1.70761   -1.70617   -1.70552   -1.52277   -1.52158   -1.52065
  -0.76078   -0.75782   -0.75440   -0.75217   -0.13886   -0.13026   -0.12363   -0.11320
  -0.10699   -0.10431   -0.09486   -0.08204   -0.07688   -0.06397   -0.06258   -0.05779
   0.01358    0.01915    0.03120    0.05173    0.06172    0.25970    0.26043    0.26478
   0.29219    0.29623    0.34006    0.39050    0.48485    0.50234    0.51109    0.52503
   0.52896    0.55883    0.57050    0.60007    0.64069    0.66801    0.72237    0.72748
 kpt# 361, nband= 48, wtk=  1.00000, kpt=  0.0222  0.0444  0.4667 (reduced coord)
  -2.85349   -2.66488   -1.70761   -1.70617   -1.70552   -1.52277   -1.52158   -1.52065
  -0.76057   -0.75800   -0.75438   -0.75217   -0.13881   -0.12986   -0.12395   -0.11301
  -0.10687   -0.10368   -0.09599   -0.08207   -0.07619   -0.06409   -0.06361   -0.05773
   0.01351    0.01916    0.03133    0.05176    0.06167    0.25964    0.26039    0.26480
   0.29223    0.29618    0.34246    0.38768    0.48814    0.50461    0.50913    0.52518
   0.52980    0.55853    0.56679    0.60007    0.64335    0.66617    0.72234    0.72579
 kpt# 362, nband= 48, wtk=  1.00000, kpt=  0.0167  0.0333  0.4750 (reduced coord)
  -2.85349   -2.66488   -1.70761   -1.70617   -1.70552   -1.52277   -1.52159   -1.52065
  -0.76038   -0.75817   -0.75436   -0.75216   -0.13878   -0.12946   -0.12426   -0.11287
  -0.10679   -0.10295   -0.09711   -0.08210   -0.07553   -0.06457   -0.06414   -0.05768
   0.01345    0.01917    0.03143    0.05178    0.06163    0.25959    0.26037    0.26482
   0.29226    0.29614    0.34457    0.38525    0.49123    0.50615    0.50731    0.52519
   0.53105    0.55826    0.56345    0.59993    0.64630    0.66396    0.72233    0.72448
 kpt# 363, nband= 48, wtk=  1.00000, kpt=  0.0111  0.0222  0.4833 (reduced coord)
  -2.85349   -2.66488   -1.70761   -1.70618   -1.70552   -1.52277   -1.52159   -1.52065
  -0.76023   -0.75832   -0.75435   -0.75216   -0.13877   -0.12912   -0.12452   -0.11276
  -0.10674   -0.10215   -0.09819   -0.08212   -0.07498   -0.06531   -0.06421   -0.05763
   0.01341    0.01918    0.03150    0.05180    0.06161    0.25956    0.26035    0.26483
   0.29228    0.29611    0.34626    0.38332    0.49413    0.50461    0.50796    0.52516
   0.53243    0.55793    0.56079    0.59976    0.64940    0.66145    0.72233    0.72356
 kpt# 364, nband= 48, wtk=  1.00000, kpt=  0.0056  0.0111  0.4917 (reduced coord)
  -2.85349   -2.66488   -1.70761   -1.70618   -1.70552   -1.52277   -1.52160   -1.52065
  -0.76012   -0.75841   -0.75434   -0.75215   -0.13876   -0.12888   -0.12471   -0.11270
  -0.10671   -0.10129   -0.09922   -0.08213   -0.07459   -0.06582   -0.06425   -0.05760
   0.01339    0.01918    0.03155    0.05181    0.06159    0.25954    0.26033    0.26483
   0.29229    0.29609    0.34737    0.38208    0.49680    0.50236    0.50873    0.52511
   0.53355    0.55731    0.55935    0.59962    0.65256    0.65867    0.72233    0.72301
 kpt# 365, nband= 48, wtk=  1.00000, kpt=  0.0000  0.0000  0.5000 (reduced coord)
  -2.85349   -2.66488   -1.70761   -1.70618   -1.70552   -1.52277   -1.52160   -1.52065
  -0.76008   -0.75845   -0.75434   -0.75215   -0.13876   -0.12879   -0.12477   -0.11267
  -0.10670   -0.10061   -0.09996   -0.08213   -0.07445   -0.06600   -0.06426   -0.05759
   0.01338    0.01919    0.03157    0.05181    0.06159    0.25953    0.26033    0.26484
   0.29229    0.29609    0.34776    0.38164    0.49858    0.50072    0.50899    0.52510
   0.53399    0.55689    0.55903    0.59957    0.65545    0.65590    0.72233    0.72283
 kpt# 366, nband= 48, wtk=  1.00000, kpt=  0.0000  0.0167  0.5000 (reduced coord)
  -2.85349   -2.66488   -1.70761   -1.70618   -1.70552   -1.52277   -1.52160   -1.52065
  -0.76008   -0.75845   -0.75434   -0.75216   -0.13874   -0.12882   -0.12479   -0.11281
  -0.10659   -0.10062   -0.09993   -0.08218   -0.07441   -0.06596   -0.06426   -0.05759
   0.01338    0.01918    0.03155    0.05180    0.06162    0.25953    0.26033    0.26485
   0.29228    0.29612    0.34781    0.38165    0.49680    0.50231    0.50872    0.52524
   0.53379    0.55732    0.55889    0.59979    0.65526    0.65564    0.72252    0.72295
 kpt# 367, nband= 48, wtk=  1.00000, kpt=  0.0000  0.0333  0.5000 (reduced coord)
  -2.85349   -2.66488   -1.70761   -1.70618   -1.70552   -1.52277   -1.52160   -1.52065
  -0.76007   -0.75843   -0.75435   -0.75217   -0.13866   -0.12892   -0.12485   -0.11319
  -0.10627   -0.10063   -0.09987   -0.08232   -0.07427   -0.06585   -0.06426   -0.05759
   0.01338    0.01915    0.03152    0.05177    0.06171    0.25953    0.26032    0.26491
   0.29226    0.29619    0.34797    0.38169    0.49407    0.50447    0.50793    0.52565
   0.53326    0.55849    0.55856    0.60043    0.65467    0.65490    0.72307    0.72332
 kpt# 368, nband= 48, wtk=  1.00000, kpt=  0.0000  0.0500  0.5000 (reduced coord)
  -2.85349   -2.66488   -1.70761   -1.70618   -1.70552   -1.52277   -1.52160   -1.52065
  -0.76005   -0.75841   -0.75437   -0.75219   -0.13852   -0.12906   -0.12494   -0.11374
  -0.10584   -0.10065   -0.09975   -0.08255   -0.07406   -0.06567   -0.06426   -0.05760
   0.01339    0.01910    0.03146    0.05171    0.06187    0.25952    0.26032    0.26500
   0.29222    0.29633    0.34823    0.38176    0.49107    0.50653    0.50668    0.52628
   0.53251    0.55788    0.56045    0.60142    0.65370    0.65374    0.72388    0.72395
 kpt# 369, nband= 48, wtk=  1.00000, kpt=  0.0000  0.0667  0.5000 (reduced coord)
  -2.85349   -2.66488   -1.70761   -1.70618   -1.70552   -1.52277   -1.52160   -1.52065
  -0.76002   -0.75839   -0.75439   -0.75222   -0.13834   -0.12926   -0.12508   -0.11437
  -0.10538   -0.10067   -0.09956   -0.08287   -0.07376   -0.06542   -0.06425   -0.05759
   0.01340    0.01903    0.03137    0.05164    0.06208    0.25951    0.26031    0.26513
   0.29216    0.29651    0.34860    0.38185    0.48786    0.50501    0.50848    0.52709
   0.53168    0.55715    0.56282    0.60264    0.65210    0.65253    0.72459    0.72513
 kpt# 370, nband= 48, wtk=  1.00000, kpt=  0.0000  0.0833  0.5000 (reduced coord)
  -2.85349   -2.66488   -1.70761   -1.70618   -1.70552   -1.52277   -1.52160   -1.52065
  -0.75999   -0.75835   -0.75442   -0.75225   -0.13810   -0.12952   -0.12526   -0.11504
  -0.10494   -0.10070   -0.09931   -0.08328   -0.07340   -0.06511   -0.06423   -0.05758
   0.01341    0.01894    0.03127    0.05155    0.06235    0.25949    0.26030    0.26529
   0.29209    0.29674    0.34908    0.38198    0.48448    0.50299    0.51032    0.52802
   0.53086    0.55637    0.56550    0.60397    0.65017    0.65110    0.72539    0.72657
 kpt# 371, nband= 48, wtk=  1.00000, kpt=  0.0000  0.1000  0.5000 (reduced coord)
  -2.85349   -2.66488   -1.70761   -1.70618   -1.70552   -1.52277   -1.52160   -1.52065
  -0.75995   -0.75831   -0.75446   -0.75229   -0.13781   -0.12981   -0.12549   -0.11570
  -0.10456   -0.10073   -0.09897   -0.08377   -0.07298   -0.06478   -0.06417   -0.05757
   0.01343    0.01884    0.03114    0.05145    0.06268    0.25948    0.26029    0.26548
   0.29201    0.29703    0.34965    0.38213    0.48093    0.50067    0.51207    0.52906
   0.53011    0.55559    0.56838    0.60529    0.64798    0.64952    0.72623    0.72821
 kpt# 372, nband= 48, wtk=  1.00000, kpt=  0.0000  0.1167  0.5000 (reduced coord)
  -2.85349   -2.66488   -1.70761   -1.70618   -1.70552   -1.52277   -1.52160   -1.52065
  -0.75991   -0.75826   -0.75451   -0.75234   -0.13747   -0.13015   -0.12578   -0.11634
  -0.10427   -0.10076   -0.09855   -0.08433   -0.07252   -0.06453   -0.06397   -0.05753
   0.01344    0.01872    0.03099    0.05132    0.06305    0.25946    0.26028    0.26569
   0.29191    0.29736    0.35034    0.38231    0.47727    0.49808    0.51376    0.52948
   0.53018    0.55488    0.57134    0.60648    0.64560    0.64787    0.72705    0.73003
 kpt# 373, nband= 48, wtk=  1.00000, kpt=  0.0000  0.1333  0.5000 (reduced coord)
  -2.85349   -2.66488   -1.70761   -1.70618   -1.70552   -1.52277   -1.52160   -1.52065
  -0.75986   -0.75820   -0.75456   -0.75240   -0.13708   -0.13052   -0.12613   -0.11692
  -0.10406   -0.10080   -0.09806   -0.08497   -0.07203   -0.06443   -0.06355   -0.05747
   0.01346    0.01859    0.03082    0.05118    0.06346    0.25944    0.26027    0.26593
   0.29181    0.29774    0.35112    0.38253    0.47349    0.49527    0.51539    0.52898
   0.53138    0.55427    0.57427    0.60742    0.64310    0.64623    0.72783    0.73202
 kpt# 374, nband= 48, wtk=  1.00000, kpt=  0.0000  0.1500  0.5000 (reduced coord)
  -2.85349   -2.66488   -1.70761   -1.70618   -1.70552   -1.52277   -1.52160   -1.52065
  -0.75980   -0.75814   -0.75462   -0.75247   -0.13665   -0.13092   -0.12654   -0.11744
  -0.10393   -0.10084   -0.09753   -0.08566   -0.07153   -0.06440   -0.06301   -0.05738
   0.01348    0.01844    0.03064    0.05103    0.06392    0.25941    0.26026    0.26619
   0.29169    0.29817    0.35200    0.38278    0.46964    0.49226    0.51699    0.52860
   0.53264    0.55379    0.57711    0.60803    0.64055    0.64464    0.72857    0.73417
 kpt# 375, nband= 48, wtk=  1.00000, kpt=  0.0000  0.1667  0.5000 (reduced coord)
  -2.85349   -2.66488   -1.70761   -1.70618   -1.70552   -1.52277   -1.52160   -1.52065
  -0.75973   -0.75807   -0.75468   -0.75254   -0.13618   -0.13132   -0.12700   -0.11790
  -0.10386   -0.10089   -0.09695   -0.08640   -0.07103   -0.06439   -0.06240   -0.05726
   0.01350    0.01827    0.03043    0.05086    0.06441    0.25938    0.26024    0.26647
   0.29157    0.29864    0.35299    0.38308    0.46573    0.48910    0.51857    0.52836
   0.53396    0.55344    0.57975    0.60825    0.63803    0.64313    0.72927    0.73648
 kpt# 376, nband= 48, wtk=  1.00000, kpt=  0.0000  0.1833  0.5000 (reduced coord)
  -2.85349   -2.66488   -1.70761   -1.70618   -1.70552   -1.52277   -1.52160   -1.52065
  -0.75966   -0.75799   -0.75475   -0.75261   -0.13569   -0.13172   -0.12752   -0.11828
  -0.10383   -0.10095   -0.09637   -0.08719   -0.07056   -0.06439   -0.06174   -0.05709
   0.01351    0.01810    0.03022    0.05069    0.06493    0.25936    0.26023    0.26676
   0.29145    0.29916    0.35408    0.38341    0.46178    0.48582    0.52013    0.52825
   0.53533    0.55325    0.58212    0.60803    0.63559    0.64172    0.72995    0.73901
 kpt# 377, nband= 48, wtk=  1.00000, kpt=  0.0000  0.2000  0.5000 (reduced coord)
  -2.85349   -2.66488   -1.70761   -1.70618   -1.70552   -1.52277   -1.52160   -1.52065
  -0.75959   -0.75790   -0.75482   -0.75270   -0.13521   -0.13207   -0.12808   -0.11860
  -0.10385   -0.10103   -0.09579   -0.08800   -0.07011   -0.06439   -0.06104   -0.05687
   0.01353    0.01791    0.02998    0.05051    0.06548    0.25932    0.26021    0.26706
   0.29132    0.29971    0.35526    0.38378    0.45781    0.48245    0.52167    0.52827
   0.53673    0.55322    0.58414    0.60740    0.63331    0.64037    0.73064    0.74169
 kpt# 378, nband= 48, wtk=  1.00000, kpt=  0.0000  0.2167  0.5000 (reduced coord)
  -2.85349   -2.66488   -1.70761   -1.70618   -1.70552   -1.52277   -1.52160   -1.52065
  -0.75951   -0.75781   -0.75490   -0.75279   -0.13481   -0.13230   -0.12867   -0.11887
  -0.10389   -0.10114   -0.09522   -0.08883   -0.06971   -0.06439   -0.06031   -0.05660
   0.01354    0.01772    0.02974    0.05032    0.06603    0.25929    0.26019    0.26736
   0.29119    0.30029    0.35655    0.38420    0.45383    0.47901    0.52320    0.52840
   0.53817    0.55334    0.58572    0.60639    0.63124    0.63906    0.73141    0.74462
 kpt# 379, nband= 48, wtk=  1.00000, kpt=  0.0000  0.2333  0.5000 (reduced coord)
  -2.85349   -2.66488   -1.70761   -1.70618   -1.70552   -1.52277   -1.52160   -1.52065
  -0.75942   -0.75772   -0.75499   -0.75288   -0.13461   -0.13228   -0.12927   -0.11908
  -0.10395   -0.10130   -0.09467   -0.08965   -0.06937   -0.06440   -0.05957   -0.05628
   0.01355    0.01752    0.02948    0.05013    0.06660    0.25926    0.26017    0.26767
   0.29105    0.30090    0.35793    0.38466    0.44985    0.47554    0.52471    0.52867
   0.53962    0.55363    0.58680    0.60505    0.62944    0.63773    0.73227    0.74778
 kpt# 380, nband= 48, wtk=  1.00000, kpt=  0.0000  0.2500  0.5000 (reduced coord)
  -2.85349   -2.66488   -1.70761   -1.70618   -1.70552   -1.52277   -1.52160   -1.52065
  -0.75933   -0.75762   -0.75508   -0.75298   -0.13470   -0.13193   -0.12989   -0.11925
  -0.10402   -0.10152   -0.09414   -0.09045   -0.06909   -0.06441   -0.05881   -0.05590
   0.01356    0.01732    0.02922    0.04994    0.06716    0.25923    0.26016    0.26797
   0.29092    0.30153    0.35941    0.38517    0.44590    0.47207    0.52617    0.52909
   0.54106    0.55410    0.58734    0.60346    0.62794    0.63634    0.73328    0.75117
 kpt# 381, nband= 48, wtk=  1.00000, kpt=  0.0000  0.2667  0.5000 (reduced coord)
  -2.85349   -2.66488   -1.70761   -1.70618   -1.70552   -1.52277   -1.52160   -1.52065
  -0.75923   -0.75751   -0.75517   -0.75309   -0.13498   -0.13133   -0.13050   -0.11938
  -0.10410   -0.10181   -0.09365   -0.09121   -0.06887   -0.06442   -0.05804   -0.05547
   0.01356    0.01712    0.02895    0.04974    0.06773    0.25919    0.26014    0.26826
   0.29079    0.30218    0.36099    0.38572    0.44197    0.46862    0.52748    0.52974
   0.54247    0.55476    0.58732    0.60168    0.62674    0.63484    0.73447    0.75477
 kpt# 382, nband= 48, wtk=  1.00000, kpt=  0.0000  0.2833  0.5000 (reduced coord)
  -2.85349   -2.66488   -1.70761   -1.70618   -1.70552   -1.52277   -1.52160   -1.52065
  -0.75914   -0.75740   -0.75527   -0.75320   -0.13535   -0.13110   -0.13060   -0.11949
  -0.10419   -0.10220   -0.09318   -0.09190   -0.06871   -0.06443   -0.05729   -0.05501
   0.01356    0.01692    0.02868    0.04955    0.06828    0.25916    0.26012    0.26855
   0.29067    0.30283    0.36267    0.38633    0.43808    0.46521    0.52852    0.53074
   0.54382    0.55561    0.58678    0.59978    0.62584    0.63322    0.73586    0.75858
 kpt# 383, nband= 48, wtk=  1.00000, kpt=  0.0000  0.3000  0.5000 (reduced coord)
  -2.85349   -2.66488   -1.70761   -1.70618   -1.70552   -1.52277   -1.52160   -1.52065
  -0.75904   -0.75729   -0.75537   -0.75331   -0.13574   -0.13168   -0.12977   -0.11958
  -0.10427   -0.10270   -0.09275   -0.09249   -0.06861   -0.06443   -0.05654   -0.05451
   0.01355    0.01672    0.02841    0.04937    0.06882    0.25912    0.26011    0.26882
   0.29055    0.30349    0.36444    0.38698    0.43424    0.46187    0.52930    0.53207
   0.54510    0.55667    0.58578    0.59780    0.62516    0.63147    0.73745    0.76254
 kpt# 384, nband= 48, wtk=  1.00000, kpt=  0.0000  0.3167  0.5000 (reduced coord)
  -2.85349   -2.66488   -1.70761   -1.70618   -1.70552   -1.52277   -1.52160   -1.52065
  -0.75893   -0.75718   -0.75547   -0.75342   -0.13613   -0.13223   -0.12889   -0.11964
  -0.10435   -0.10332   -0.09299   -0.09236   -0.06855   -0.06443   -0.05582   -0.05400
   0.01354    0.01654    0.02815    0.04919    0.06934    0.25909    0.26009    0.26908
   0.29043    0.30413    0.36631    0.38767    0.43044    0.45862    0.52995    0.53359
   0.54629    0.55792    0.58439    0.59579    0.62465    0.62960    0.73923    0.76662
 kpt# 385, nband= 48, wtk=  1.00000, kpt=  0.0000  0.3333  0.5000 (reduced coord)
  -2.85349   -2.66488   -1.70761   -1.70618   -1.70552   -1.52277   -1.52160   -1.52065
  -0.75883   -0.75706   -0.75557   -0.75354   -0.13652   -0.13275   -0.12795   -0.11969
  -0.10443   -0.10406   -0.09340   -0.09200   -0.06853   -0.06444   -0.05512   -0.05348
   0.01352    0.01636    0.02789    0.04902    0.06984    0.25906    0.26008    0.26933
   0.29033    0.30477    0.36827    0.38840    0.42670    0.45549    0.53056    0.53519
   0.54739    0.55935    0.58271    0.59378    0.62426    0.62763    0.74119    0.77078
 kpt# 386, nband= 48, wtk=  1.00000, kpt=  0.0000  0.3500  0.5000 (reduced coord)
  -2.85349   -2.66488   -1.70761   -1.70618   -1.70552   -1.52277   -1.52160   -1.52065
  -0.75872   -0.75694   -0.75568   -0.75366   -0.13688   -0.13323   -0.12698   -0.11973
  -0.10490   -0.10451   -0.09370   -0.09167   -0.06854   -0.06445   -0.05447   -0.05297
   0.01350    0.01620    0.02765    0.04886    0.07030    0.25903    0.26006    0.26955
   0.29023    0.30537    0.37033    0.38917    0.42302    0.45250    0.53114    0.53684
   0.54840    0.56093    0.58082    0.59182    0.62392    0.62559    0.74328    0.77494
 kpt# 387, nband= 48, wtk=  1.00000, kpt=  0.0000  0.3667  0.5000 (reduced coord)
  -2.85349   -2.66488   -1.70761   -1.70618   -1.70552   -1.52277   -1.52160   -1.52065
  -0.75862   -0.75682   -0.75578   -0.75378   -0.13721   -0.13367   -0.12597   -0.11976
  -0.10584   -0.10458   -0.09392   -0.09139   -0.06857   -0.06445   -0.05386   -0.05249
   0.01346    0.01606    0.02742    0.04872    0.07072    0.25900    0.26005    0.26976
   0.29014    0.30594    0.37249    0.38995    0.41940    0.44968    0.53171    0.53851
   0.54931    0.56262    0.57880    0.58992    0.62352    0.62362    0.74545    0.77903
 kpt# 388, nband= 48, wtk=  1.00000, kpt=  0.0000  0.3833  0.5000 (reduced coord)
  -2.85349   -2.66488   -1.70761   -1.70618   -1.70552   -1.52277   -1.52160   -1.52065
  -0.75852   -0.75671   -0.75588   -0.75389   -0.13752   -0.13406   -0.12493   -0.11978
  -0.10685   -0.10465   -0.09408   -0.09113   -0.06862   -0.06446   -0.05330   -0.05203
   0.01343    0.01593    0.02720    0.04859    0.07111    0.25898    0.26004    0.26994
   0.29005    0.30647    0.37474    0.39073    0.41585    0.44706    0.53225    0.54018
   0.55015    0.56439    0.57672    0.58810    0.62146    0.62333    0.74764    0.78298
 kpt# 389, nband= 48, wtk=  1.00000, kpt=  0.0000  0.4000  0.5000 (reduced coord)
  -2.85349   -2.66488   -1.70761   -1.70618   -1.70552   -1.52277   -1.52160   -1.52065
  -0.75842   -0.75660   -0.75598   -0.75400   -0.13779   -0.13441   -0.12388   -0.11980
  -0.10791   -0.10471   -0.09418   -0.09091   -0.06868   -0.06447   -0.05281   -0.05161
   0.01339    0.01582    0.02701    0.04847    0.07145    0.25895    0.26003    0.27010
   0.28998    0.30695    0.37708    0.39150    0.41238    0.44467    0.53276    0.54183
   0.55091    0.56619    0.57463    0.58639    0.61946    0.62305    0.74977    0.78670
 kpt# 390, nband= 48, wtk=  1.00000, kpt=  0.0000  0.4167  0.5000 (reduced coord)
  -2.85349   -2.66488   -1.70761   -1.70618   -1.70552   -1.52277   -1.52160   -1.52065
  -0.75833   -0.75650   -0.75607   -0.75410   -0.13802   -0.13471   -0.12283   -0.11981
  -0.10899   -0.10476   -0.09425   -0.09073   -0.06874   -0.06447   -0.05238   -0.05124
   0.01335    0.01573    0.02685    0.04837    0.07175    0.25893    0.26002    0.27024
   0.28992    0.30737    0.37951    0.39223    0.40899    0.44255    0.53321    0.54345
   0.55158    0.56797    0.57261    0.58480    0.61759    0.62278    0.75177    0.79011
 kpt# 391, nband= 48, wtk=  1.00000, kpt=  0.0000  0.4333  0.5000 (reduced coord)
  -2.85349   -2.66488   -1.70761   -1.70618   -1.70552   -1.52277   -1.52160   -1.52065
  -0.75825   -0.75640   -0.75615   -0.75420   -0.13821   -0.13495   -0.12179   -0.11982
  -0.11007   -0.10480   -0.09428   -0.09058   -0.06879   -0.06447   -0.05202   -0.05093
   0.01331    0.01565    0.02670    0.04828    0.07199    0.25892    0.26001    0.27035
   0.28987    0.30772    0.38204    0.39290    0.40568    0.44073    0.53361    0.54497
   0.55216    0.56967    0.57071    0.58335    0.61590    0.62254    0.75355    0.79343
 kpt# 392, nband= 48, wtk=  1.00000, kpt=  0.0000  0.4500  0.5000 (reduced coord)
  -2.85349   -2.66488   -1.70761   -1.70618   -1.70552   -1.52277   -1.52160   -1.52065
  -0.75818   -0.75632   -0.75621   -0.75428   -0.13836   -0.13514   -0.12080   -0.11983
  -0.11109   -0.10483   -0.09431   -0.09046   -0.06884   -0.06448   -0.05173   -0.05069
   0.01328    0.01560    0.02659    0.04821    0.07219    0.25890    0.26001    0.27044
   0.28983    0.30800    0.38464    0.39346    0.40245    0.43927    0.53392    0.54635
   0.55263    0.56903    0.57124    0.58205    0.61447    0.62233    0.75504    0.79555
 kpt# 393, nband= 48, wtk=  1.00000, kpt=  0.0000  0.4667  0.5000 (reduced coord)
  -2.85349   -2.66488   -1.70761   -1.70618   -1.70552   -1.52277   -1.52160   -1.52065
  -0.75813   -0.75627   -0.75626   -0.75434   -0.13847   -0.13528   -0.11992   -0.11983
  -0.11200   -0.10485   -0.09432   -0.09038   -0.06888   -0.06448   -0.05153   -0.05051
   0.01326    0.01556    0.02651    0.04816    0.07232    0.25889    0.26001    0.27050
   0.28980    0.30820    0.38733    0.39389    0.39933    0.43818    0.53416    0.54748
   0.55299    0.56767    0.57259    0.58094    0.61338    0.62218    0.75619    0.79776
 kpt# 394, nband= 48, wtk=  1.00000, kpt=  0.0000  0.4833  0.5000 (reduced coord)
  -2.85349   -2.66488   -1.70761   -1.70618   -1.70552   -1.52277   -1.52160   -1.52065
  -0.75809   -0.75630   -0.75622   -0.75438   -0.13854   -0.13536   -0.11983   -0.11927
  -0.11266   -0.10487   -0.09432   -0.09033   -0.06890   -0.06448   -0.05140   -0.05040
   0.01324    0.01554    0.02646    0.04813    0.07241    0.25889    0.26000    0.27054
   0.28979    0.30833    0.39003    0.39416    0.39636    0.43752    0.53430    0.54824
   0.55321    0.56677    0.57357    0.58013    0.61270    0.62208    0.75685    0.79852
 kpt# 395, nband= 48, wtk=  1.00000, kpt=  0.0000  0.5000  0.5000 (reduced coord)
  -2.85349   -2.66488   -1.70761   -1.70618   -1.70552   -1.52277   -1.52160   -1.52065
  -0.75808   -0.75631   -0.75621   -0.75439   -0.13856   -0.13539   -0.11984   -0.11902
  -0.11292   -0.10487   -0.09432   -0.09031   -0.06891   -0.06448   -0.05136   -0.05036
   0.01324    0.01553    0.02644    0.04812    0.07244    0.25889    0.26000    0.27055
   0.28978    0.30837    0.39199    0.39425    0.39431    0.43730    0.53435    0.54851
   0.55328    0.56645    0.57394    0.57981    0.61246    0.62205    0.75709    0.79889
 kpt# 396, nband= 48, wtk=  1.00000, kpt=  0.0056  0.4944  0.4917 (reduced coord)
  -2.85349   -2.66488   -1.70761   -1.70618   -1.70552   -1.52277   -1.52159   -1.52065
  -0.75809   -0.75640   -0.75613   -0.75439   -0.13854   -0.13537   -0.11986   -0.11917
  -0.11280   -0.10485   -0.09432   -0.09033   -0.06890   -0.06446   -0.05136   -0.05037
   0.01325    0.01554    0.02644    0.04813    0.07243    0.25889    0.26001    0.27054
   0.28976    0.30836    0.38976    0.39417    0.39643    0.43757    0.53401    0.54798
   0.55407    0.56604    0.57342    0.58064    0.61260    0.62218    0.75709    0.79885
 kpt# 397, nband= 48, wtk=  1.00000, kpt=  0.0111  0.4889  0.4833 (reduced coord)
  -2.85349   -2.66488   -1.70761   -1.70618   -1.70552   -1.52277   -1.52159   -1.52065
  -0.75812   -0.75653   -0.75602   -0.75436   -0.13847   -0.13529   -0.11994   -0.11955
  -0.11248   -0.10478   -0.09433   -0.09038   -0.06889   -0.06439   -0.05135   -0.05039
   0.01329    0.01556    0.02643    0.04816    0.07239    0.25892    0.26002    0.27049
   0.28972    0.30835    0.38663    0.39378    0.39938    0.43836    0.53301    0.54702
   0.55580    0.56483    0.57250    0.58248    0.61302    0.62259    0.75708    0.79849
 kpt# 398, nband= 48, wtk=  1.00000, kpt=  0.0167  0.4833  0.4750 (reduced coord)
  -2.85349   -2.66488   -1.70761   -1.70617   -1.70552   -1.52277   -1.52159   -1.52065
  -0.75816   -0.75667   -0.75591   -0.75432   -0.13836   -0.13516   -0.12027   -0.11991
  -0.11205   -0.10464   -0.09435   -0.09045   -0.06887   -0.06429   -0.05133   -0.05042
   0.01335    0.01560    0.02641    0.04820    0.07234    0.25896    0.26005    0.27041
   0.28964    0.30832    0.38337    0.39317    0.40235    0.43965    0.53140    0.54618
   0.55784    0.56296    0.57174    0.58465    0.61368    0.62330    0.75707    0.79807
 kpt# 399, nband= 48, wtk=  1.00000, kpt=  0.0222  0.4778  0.4667 (reduced coord)
  -2.85349   -2.66488   -1.70762   -1.70617   -1.70552   -1.52277   -1.52158   -1.52065
  -0.75822   -0.75681   -0.75581   -0.75426   -0.13820   -0.13499   -0.12094   -0.12008
  -0.11159   -0.10444   -0.09439   -0.09054   -0.06885   -0.06414   -0.05133   -0.05045
   0.01344    0.01565    0.02638    0.04826    0.07227    0.25901    0.26008    0.27030
   0.28953    0.30828    0.38003    0.39238    0.40530    0.44136    0.52929    0.54558
   0.55953    0.56111    0.57119    0.58691    0.61452    0.62433    0.75705    0.79730
 kpt# 400, nband= 48, wtk=  1.00000, kpt=  0.0278  0.4722  0.4583 (reduced coord)
  -2.85349   -2.66488   -1.70762   -1.70617   -1.70552   -1.52278   -1.52158   -1.52065
  -0.75829   -0.75695   -0.75571   -0.75420   -0.13801   -0.13477   -0.12171   -0.12025
  -0.11117   -0.10413   -0.09447   -0.09062   -0.06883   -0.06396   -0.05135   -0.05045
   0.01355    0.01572    0.02635    0.04833    0.07217    0.25908    0.26013    0.27016
   0.28939    0.30823    0.37663    0.39145    0.40823    0.44343    0.52678    0.54518
   0.55774    0.56249    0.57083    0.58915    0.61550    0.62571    0.75702    0.79644
 kpt# 401, nband= 48, wtk=  1.00000, kpt=  0.0333  0.4667  0.4500 (reduced coord)
  -2.85349   -2.66489   -1.70762   -1.70616   -1.70552   -1.52278   -1.52157   -1.52065
  -0.75839   -0.75708   -0.75562   -0.75412   -0.13778   -0.13450   -0.12252   -0.12044
  -0.11084   -0.10371   -0.09459   -0.09066   -0.06882   -0.06376   -0.05142   -0.05040
   0.01369    0.01580    0.02631    0.04842    0.07206    0.25916    0.26019    0.27000
   0.28923    0.30817    0.37317    0.39042    0.41114    0.44580    0.52399    0.54494
   0.55507    0.56447    0.57070    0.59133    0.61654    0.62745    0.75699    0.79543
 kpt# 402, nband= 48, wtk=  1.00000, kpt=  0.0389  0.4611  0.4417 (reduced coord)
  -2.85349   -2.66489   -1.70762   -1.70615   -1.70552   -1.52278   -1.52156   -1.52065
  -0.75851   -0.75722   -0.75553   -0.75404   -0.13752   -0.13419   -0.12333   -0.12065
  -0.11061   -0.10318   -0.09477   -0.09066   -0.06882   -0.06353   -0.05152   -0.05031
   0.01384    0.01591    0.02626    0.04853    0.07192    0.25926    0.26025    0.26980
   0.28905    0.30811    0.36966    0.38934    0.41406    0.44841    0.52098    0.54477
   0.55234    0.56614    0.57098    0.59344    0.61761    0.62956    0.75694    0.79431
 kpt# 403, nband= 48, wtk=  1.00000, kpt=  0.0444  0.4556  0.4333 (reduced coord)
  -2.85349   -2.66489   -1.70762   -1.70614   -1.70552   -1.52278   -1.52155   -1.52065
  -0.75865   -0.75734   -0.75544   -0.75395   -0.13724   -0.13384   -0.12413   -0.12089
  -0.11050   -0.10253   -0.09501   -0.09060   -0.06885   -0.06329   -0.05165   -0.05018
   0.01400    0.01602    0.02621    0.04865    0.07176    0.25937    0.26033    0.26957
   0.28885    0.30803    0.36611    0.38822    0.41697    0.45120    0.51783    0.54460
   0.54966    0.56714    0.57195    0.59546    0.61869    0.63201    0.75687    0.79309
 kpt# 404, nband= 48, wtk=  1.00000, kpt=  0.0500  0.4500  0.4250 (reduced coord)
  -2.85349   -2.66489   -1.70762   -1.70613   -1.70552   -1.52278   -1.52153   -1.52065
  -0.75881   -0.75746   -0.75535   -0.75386   -0.13695   -0.13346   -0.12489   -0.12115
  -0.11049   -0.10179   -0.09531   -0.09048   -0.06890   -0.06303   -0.05179   -0.05001
   0.01418    0.01615    0.02614    0.04879    0.07158    0.25949    0.26041    0.26932
   0.28863    0.30794    0.36253    0.38709    0.41989    0.45412    0.51456    0.54415
   0.54735    0.56752    0.57355    0.59743    0.61977    0.63476    0.75676    0.79182
 kpt# 405, nband= 48, wtk=  1.00000, kpt=  0.0556  0.4444  0.4167 (reduced coord)
  -2.85349   -2.66489   -1.70762   -1.70613   -1.70552   -1.52279   -1.52152   -1.52065
  -0.75899   -0.75756   -0.75527   -0.75377   -0.13666   -0.13305   -0.12560   -0.12142
  -0.11056   -0.10098   -0.09566   -0.09029   -0.06898   -0.06278   -0.05194   -0.04981
   0.01437    0.01630    0.02607    0.04896    0.07138    0.25963    0.26051    0.26904
   0.28841    0.30784    0.35893    0.38597    0.42281    0.45713    0.51122    0.54268
   0.54614    0.56762    0.57544    0.59934    0.62084    0.63778    0.75660    0.79061
 kpt# 406, nband= 48, wtk=  1.00000, kpt=  0.0611  0.4389  0.4083 (reduced coord)
  -2.85349   -2.66489   -1.70762   -1.70611   -1.70552   -1.52279   -1.52150   -1.52065
  -0.75919   -0.75766   -0.75518   -0.75368   -0.13641   -0.13261   -0.12623   -0.12170
  -0.11071   -0.10014   -0.09604   -0.09005   -0.06911   -0.06253   -0.05209   -0.04959
   0.01457    0.01647    0.02600    0.04914    0.07116    0.25977    0.26061    0.26874
   0.28817    0.30773    0.35532    0.38486    0.42573    0.46018    0.50783    0.54034
   0.54592    0.56764    0.57739    0.60123    0.62191    0.64102    0.75634    0.78935
 kpt# 407, nband= 48, wtk=  1.00000, kpt=  0.0667  0.4333  0.4000 (reduced coord)
  -2.85349   -2.66489   -1.70763   -1.70610   -1.70552   -1.52279   -1.52149   -1.52066
  -0.75941   -0.75775   -0.75510   -0.75359   -0.13621   -0.13216   -0.12675   -0.12198
  -0.11091   -0.09929   -0.09640   -0.08975   -0.06929   -0.06229   -0.05223   -0.04934
   0.01476    0.01665    0.02591    0.04934    0.07092    0.25993    0.26072    0.26841
   0.28793    0.30761    0.35170    0.38377    0.42866    0.46322    0.50442    0.53780
   0.54602    0.56767    0.57931    0.60313    0.62298    0.64446    0.75595    0.78822
 kpt# 408, nband= 48, wtk=  1.00000, kpt=  0.0722  0.4278  0.3917 (reduced coord)
  -2.85349   -2.66489   -1.70763   -1.70609   -1.70552   -1.52280   -1.52147   -1.52066
  -0.75964   -0.75784   -0.75502   -0.75351   -0.13612   -0.13171   -0.12712   -0.12225
  -0.11115   -0.09857   -0.09662   -0.08942   -0.06951   -0.06205   -0.05236   -0.04907
   0.01496    0.01684    0.02582    0.04956    0.07066    0.26011    0.26084    0.26806
   0.28770    0.30748    0.34808    0.38270    0.43158    0.46621    0.50105    0.53527
   0.54625    0.56775    0.58112    0.60505    0.62404    0.64806    0.75538    0.78724
 kpt# 409, nband= 48, wtk=  1.00000, kpt=  0.0778  0.4222  0.3833 (reduced coord)
  -2.85349   -2.66489   -1.70763   -1.70608   -1.70552   -1.52280   -1.52145   -1.52066
  -0.75988   -0.75792   -0.75494   -0.75342   -0.13615   -0.13124   -0.12734   -0.12249
  -0.11141   -0.09827   -0.09641   -0.08905   -0.06980   -0.06183   -0.05246   -0.04878
   0.01516    0.01706    0.02573    0.04980    0.07038    0.26029    0.26097    0.26769
   0.28746    0.30733    0.34448    0.38167    0.43447    0.46906    0.49777    0.53282
   0.54657    0.56789    0.58280    0.60703    0.62511    0.65181    0.75459    0.78654
 kpt# 410, nband= 48, wtk=  1.00000, kpt=  0.0833  0.4167  0.3750 (reduced coord)
  -2.85350   -2.66489   -1.70763   -1.70606   -1.70552   -1.52280   -1.52143   -1.52066
  -0.76013   -0.75799   -0.75486   -0.75334   -0.13633   -0.13077   -0.12740   -0.12268
  -0.11170   -0.09845   -0.09572   -0.08864   -0.07013   -0.06162   -0.05254   -0.04848
   0.01535    0.01728    0.02563    0.05006    0.07008    0.26048    0.26111    0.26730
   0.28723    0.30718    0.34089    0.38067    0.43733    0.47166    0.49468    0.53050
   0.54697    0.56810    0.58432    0.60910    0.62619    0.65567    0.75352    0.78615
 kpt# 411, nband= 48, wtk=  1.00000, kpt=  0.0889  0.4111  0.3667 (reduced coord)
  -2.85350   -2.66489   -1.70763   -1.70605   -1.70553   -1.52281   -1.52141   -1.52066
  -0.76039   -0.75806   -0.75477   -0.75326   -0.13666   -0.13030   -0.12733   -0.12279
  -0.11198   -0.09880   -0.09482   -0.08822   -0.07053   -0.06142   -0.05261   -0.04816
   0.01554    0.01751    0.02552    0.05034    0.06977    0.26068    0.26125    0.26688
   0.28701    0.30700    0.33734    0.37970    0.44011    0.47384    0.49196    0.52834
   0.54745    0.56838    0.58565    0.61127    0.62727    0.65964    0.75216    0.78605
 kpt# 412, nband= 48, wtk=  1.00000, kpt=  0.0944  0.4056  0.3583 (reduced coord)
  -2.85350   -2.66489   -1.70764   -1.70603   -1.70553   -1.52281   -1.52138   -1.52066
  -0.76066   -0.75813   -0.75469   -0.75319   -0.13712   -0.12986   -0.12715   -0.12280
  -0.11227   -0.09919   -0.09388   -0.08777   -0.07098   -0.06123   -0.05265   -0.04784
   0.01572    0.01775    0.02541    0.05065    0.06943    0.26089    0.26141    0.26645
   0.28679    0.30680    0.33384    0.37876    0.44278    0.47527    0.48991    0.52638
   0.54803    0.56872    0.58678    0.61356    0.62838    0.66370    0.75049    0.78635
 kpt# 413, nband= 48, wtk=  1.00000, kpt=  0.1000  0.4000  0.3500 (reduced coord)
  -2.85350   -2.66489   -1.70764   -1.70601   -1.70553   -1.52282   -1.52136   -1.52066
  -0.76093   -0.75819   -0.75462   -0.75312   -0.13768   -0.12949   -0.12688   -0.12266
  -0.11255   -0.09957   -0.09292   -0.08730   -0.07148   -0.06106   -0.05268   -0.04751
   0.01589    0.01800    0.02530    0.05097    0.06908    0.26110    0.26157    0.26600
   0.28658    0.30658    0.33039    0.37786    0.44525    0.47560    0.48893    0.52467
   0.54871    0.56913    0.58771    0.61598    0.62953    0.66784    0.74851    0.78705
 kpt# 414, nband= 48, wtk=  1.00000, kpt=  0.1056  0.3944  0.3417 (reduced coord)
  -2.85350   -2.66490   -1.70764   -1.70600   -1.70553   -1.52282   -1.52133   -1.52066
  -0.76121   -0.75825   -0.75454   -0.75305   -0.13832   -0.12928   -0.12649   -0.12239
  -0.11282   -0.09993   -0.09196   -0.08682   -0.07204   -0.06089   -0.05270   -0.04717
   0.01605    0.01825    0.02519    0.05132    0.06872    0.26132    0.26173    0.26554
   0.28638    0.30631    0.32703    0.37698    0.44741    0.47483    0.48903    0.52327
   0.54950    0.56960    0.58843    0.61853    0.63071    0.67206    0.74626    0.78794
 kpt# 415, nband= 48, wtk=  1.00000, kpt=  0.1111  0.3889  0.3333 (reduced coord)
  -2.85350   -2.66490   -1.70765   -1.70598   -1.70553   -1.52283   -1.52131   -1.52067
  -0.76149   -0.75830   -0.75446   -0.75299   -0.13900   -0.12926   -0.12596   -0.12198
  -0.11306   -0.10025   -0.09102   -0.08632   -0.07263   -0.06073   -0.05271   -0.04683
   0.01620    0.01849    0.02507    0.05169    0.06835    0.26155    0.26190    0.26506
   0.28618    0.30600    0.32377    0.37614    0.44906    0.47356    0.48976    0.52224
   0.55042    0.57010    0.58896    0.62121    0.63195    0.67633    0.74378    0.78918
 kpt# 416, nband= 48, wtk=  1.00000, kpt=  0.1167  0.3833  0.3250 (reduced coord)
  -2.85350   -2.66490   -1.70765   -1.70596   -1.70553   -1.52283   -1.52128   -1.52067
  -0.76178   -0.75836   -0.75438   -0.75293   -0.13972   -0.12941   -0.12531   -0.12147
  -0.11328   -0.10051   -0.09011   -0.08580   -0.07327   -0.06058   -0.05271   -0.04649
   0.01634    0.01873    0.02496    0.05208    0.06796    0.26178    0.26208    0.26457
   0.28598    0.30560    0.32067    0.37532    0.44995    0.47248    0.49062    0.52164
   0.55148    0.57062    0.58933    0.62401    0.63326    0.68066    0.74109    0.79065
 kpt# 417, nband= 48, wtk=  1.00000, kpt=  0.1222  0.3778  0.3167 (reduced coord)
  -2.85350   -2.66490   -1.70765   -1.70594   -1.70553   -1.52284   -1.52125   -1.52067
  -0.76207   -0.75841   -0.75431   -0.75287   -0.14046   -0.12970   -0.12458   -0.12089
  -0.11345   -0.10071   -0.08922   -0.08528   -0.07393   -0.06044   -0.05271   -0.04615
   0.01647    0.01897    0.02485    0.05248    0.06758    0.26201    0.26226    0.26407
   0.28576    0.30509    0.31777    0.37453    0.44982    0.47205    0.49132    0.52149
   0.55270    0.57115    0.58957    0.62692    0.63465    0.68503    0.73825    0.79229
 kpt# 418, nband= 48, wtk=  1.00000, kpt=  0.1278  0.3722  0.3083 (reduced coord)
  -2.85350   -2.66490   -1.70766   -1.70592   -1.70553   -1.52284   -1.52123   -1.52067
  -0.76236   -0.75846   -0.75424   -0.75282   -0.14121   -0.13007   -0.12379   -0.12027
  -0.11358   -0.10085   -0.08838   -0.08474   -0.07462   -0.06029   -0.05272   -0.04581
   0.01659    0.01919    0.02474    0.05291    0.06718    0.26224    0.26243    0.26356
   0.28552    0.30439    0.31516    0.37377    0.44864    0.47242    0.49177    0.52179
   0.55409    0.57164    0.58973    0.62992    0.63613    0.68945    0.73529    0.79403
 kpt# 419, nband= 48, wtk=  1.00000, kpt=  0.1333  0.3667  0.3000 (reduced coord)
  -2.85350   -2.66490   -1.70766   -1.70590   -1.70553   -1.52285   -1.52120   -1.52067
  -0.76265   -0.75851   -0.75416   -0.75277   -0.14197   -0.13051   -0.12298   -0.11962
  -0.11364   -0.10090   -0.08760   -0.08418   -0.07532   -0.06015   -0.05273   -0.04548
   0.01669    0.01940    0.02464    0.05335    0.06679    0.26245    0.26255    0.26313
   0.28521    0.30344    0.31294    0.37304    0.44657    0.47341    0.49201    0.52250
   0.55565    0.57206    0.58985    0.63299    0.63773    0.69389    0.73224    0.79579
 kpt# 420, nband= 48, wtk=  1.00000, kpt=  0.1389  0.3611  0.2917 (reduced coord)
  -2.85350   -2.66490   -1.70766   -1.70588   -1.70554   -1.52285   -1.52117   -1.52067
  -0.76294   -0.75855   -0.75409   -0.75273   -0.14271   -0.13100   -0.12219   -0.11898
  -0.11363   -0.10088   -0.08687   -0.08361   -0.07603   -0.06000   -0.05275   -0.04516
   0.01677    0.01958    0.02456    0.05381    0.06640    0.26224    0.26273    0.26305
   0.28482    0.30220    0.31121    0.37233    0.44389    0.47470    0.49216    0.52352
   0.55738    0.57237    0.59001    0.63608    0.63949    0.69834    0.72915    0.79749
 kpt# 421, nband= 48, wtk=  1.00000, kpt=  0.1444  0.3556  0.2833 (reduced coord)
  -2.85351   -2.66490   -1.70767   -1.70586   -1.70554   -1.52286   -1.52114   -1.52068
  -0.76323   -0.75860   -0.75402   -0.75269   -0.14346   -0.13151   -0.12145   -0.11833
  -0.11352   -0.10076   -0.08621   -0.08303   -0.07675   -0.05985   -0.05279   -0.04484
   0.01683    0.01974    0.02448    0.05428    0.06602    0.26172    0.26295    0.26322
   0.28428    0.30072    0.30996    0.37165    0.44082    0.47596    0.49240    0.52478
   0.55928    0.57251    0.59028    0.63904    0.64153    0.70280    0.72605    0.79899
 kpt# 422, nband= 48, wtk=  1.00000, kpt=  0.1500  0.3500  0.2750 (reduced coord)
  -2.85351   -2.66491   -1.70767   -1.70584   -1.70554   -1.52286   -1.52111   -1.52068
  -0.76352   -0.75864   -0.75395   -0.75266   -0.14419   -0.13205   -0.12080   -0.11768
  -0.11330   -0.10055   -0.08563   -0.08244   -0.07746   -0.05969   -0.05283   -0.04454
   0.01688    0.01988    0.02443    0.05475    0.06566    0.26114    0.26318    0.26344
   0.28355    0.29917    0.30908    0.37100    0.43751    0.47691    0.49295    0.52620
   0.56134    0.57245    0.59072    0.64163    0.64409    0.70721    0.72301    0.80125
 kpt# 423, nband= 48, wtk=  1.00000, kpt=  0.1556  0.3444  0.2667 (reduced coord)
  -2.85351   -2.66491   -1.70767   -1.70582   -1.70554   -1.52287   -1.52108   -1.52068
  -0.76381   -0.75868   -0.75389   -0.75262   -0.14490   -0.13261   -0.12028   -0.11701
  -0.11296   -0.10024   -0.08512   -0.08185   -0.07814   -0.05953   -0.05289   -0.04424
   0.01690    0.01998    0.02439    0.05522    0.06532    0.26052    0.26340    0.26367
   0.28256    0.29774    0.30845    0.37037    0.43405    0.47737    0.49395    0.52772
   0.56352    0.57215    0.59139    0.64385    0.64718    0.71142    0.72021    0.80096
 kpt# 424, nband= 48, wtk=  1.00000, kpt=  0.1611  0.3389  0.2583 (reduced coord)
  -2.85351   -2.66491   -1.70768   -1.70580   -1.70554   -1.52288   -1.52105   -1.52068
  -0.76410   -0.75872   -0.75382   -0.75260   -0.14561   -0.13317   -0.11989   -0.11632
  -0.11250   -0.09984   -0.08470   -0.08127   -0.07879   -0.05935   -0.05296   -0.04396
   0.01690    0.02006    0.02438    0.05569    0.06502    0.25988    0.26362    0.26392
   0.28127    0.29657    0.30799    0.36976    0.43051    0.47730    0.49542    0.52931
   0.56580    0.57163    0.59232    0.64594    0.65052    0.71420    0.71889    0.80112
 kpt# 425, nband= 48, wtk=  1.00000, kpt=  0.1667  0.3333  0.2500 (reduced coord)
  -2.85351   -2.66491   -1.70768   -1.70578   -1.70554   -1.52288   -1.52102   -1.52068
  -0.76438   -0.75876   -0.75376   -0.75257   -0.14629   -0.13374   -0.11964   -0.11564
  -0.11190   -0.09935   -0.08439   -0.08072   -0.07937   -0.05916   -0.05305   -0.04369
   0.01688    0.02009    0.02439    0.05615    0.06476    0.25920    0.26384    0.26416
   0.27970    0.29571    0.30762    0.36918    0.42691    0.47679    0.49727    0.53095
   0.56810    0.57093    0.59353    0.64802    0.65397    0.71285    0.72179    0.80071
 kpt# 426, nband= 48, wtk=  1.00000, kpt=  0.3333 -0.1667  0.2500 (reduced coord)
  -2.85351   -2.66491   -1.70768   -1.70578   -1.70554   -1.52288   -1.52102   -1.52068
  -0.76470   -0.75782   -0.75412   -0.75285   -0.14461   -0.12778   -0.12385   -0.11377
  -0.10755   -0.10455   -0.09016   -0.08271   -0.07991   -0.05834   -0.05257   -0.04495
   0.01598    0.02050    0.02209    0.05968    0.07065    0.26007    0.26415    0.26527
   0.26722    0.30077    0.31153    0.36960    0.42745    0.46922    0.50009    0.53235
   0.56718    0.57483    0.59702    0.63652    0.64550    0.70904    0.74047    0.79830
 kpt# 427, nband= 48, wtk=  1.00000, kpt=  0.3389 -0.1611  0.2583 (reduced coord)
  -2.85351   -2.66491   -1.70768   -1.70580   -1.70554   -1.52288   -1.52105   -1.52068
  -0.76442   -0.75782   -0.75412   -0.75290   -0.14381   -0.12778   -0.12387   -0.11413
  -0.10829   -0.10532   -0.09001   -0.08296   -0.07958   -0.05859   -0.05255   -0.04512
   0.01606    0.02022    0.02235    0.05902    0.07077    0.26069    0.26388    0.26498
   0.26881    0.30101    0.31297    0.36976    0.43118    0.46961    0.49847    0.53098
   0.56443    0.57605    0.59585    0.63396    0.64199    0.71223    0.73587    0.79778
 kpt# 428, nband= 48, wtk=  1.00000, kpt=  0.3444 -0.1556  0.2667 (reduced coord)
  -2.85351   -2.66491   -1.70767   -1.70582   -1.70554   -1.52287   -1.52108   -1.52068
  -0.76413   -0.75781   -0.75413   -0.75295   -0.14302   -0.12778   -0.12391   -0.11459
  -0.10903   -0.10591   -0.08993   -0.08337   -0.07907   -0.05883   -0.05252   -0.04530
   0.01611    0.01994    0.02262    0.05836    0.07089    0.26130    0.26360    0.26469
   0.27038    0.30125    0.31454    0.36997    0.43485    0.46977    0.49705    0.52958
   0.56175    0.57716    0.59494    0.63148    0.63856    0.71534    0.73127    0.79698
 kpt# 429, nband= 48, wtk=  1.00000, kpt=  0.3500 -0.1500  0.2750 (reduced coord)
  -2.85351   -2.66491   -1.70767   -1.70584   -1.70554   -1.52286   -1.52111   -1.52068
  -0.76384   -0.75781   -0.75414   -0.75300   -0.14223   -0.12777   -0.12398   -0.11516
  -0.10971   -0.10632   -0.08991   -0.08389   -0.07843   -0.05908   -0.05249   -0.04549
   0.01615    0.01966    0.02288    0.05770    0.07100    0.26188    0.26333    0.26441
   0.27191    0.30149    0.31624    0.37025    0.43840    0.46968    0.49585    0.52817
   0.55926    0.57798    0.59435    0.62909    0.63519    0.71811    0.72694    0.79603
 kpt# 430, nband= 48, wtk=  1.00000, kpt=  0.3556 -0.1444  0.2833 (reduced coord)
  -2.85351   -2.66490   -1.70767   -1.70586   -1.70554   -1.52286   -1.52114   -1.52068
  -0.76355   -0.75780   -0.75416   -0.75306   -0.14145   -0.12777   -0.12406   -0.11585
  -0.11030   -0.10659   -0.08994   -0.08448   -0.07771   -0.05934   -0.05247   -0.04570
   0.01616    0.01939    0.02314    0.05705    0.07110    0.26244    0.26307    0.26412
   0.27340    0.30173    0.31808    0.37058    0.44176    0.46942    0.49486    0.52678
   0.55700    0.57841    0.59415    0.62679    0.63189    0.71881    0.72459    0.79491
 kpt# 431, nband= 48, wtk=  1.00000, kpt=  0.3611 -0.1389  0.2917 (reduced coord)
  -2.85350   -2.66490   -1.70766   -1.70588   -1.70554   -1.52285   -1.52117   -1.52067
  -0.76325   -0.75779   -0.75418   -0.75311   -0.14068   -0.12780   -0.12413   -0.11663
  -0.11077   -0.10674   -0.09000   -0.08512   -0.07695   -0.05959   -0.05245   -0.04592
   0.01616    0.01912    0.02339    0.05641    0.07120    0.26272    0.26307    0.26384
   0.27484    0.30198    0.32005    0.37096    0.44479    0.46911    0.49400    0.52547
   0.55499    0.57841    0.59432    0.62460    0.62866    0.71535    0.72628    0.79376
 kpt# 432, nband= 48, wtk=  1.00000, kpt=  0.3667 -0.1333  0.3000 (reduced coord)
  -2.85350   -2.66490   -1.70766   -1.70590   -1.70553   -1.52285   -1.52120   -1.52067
  -0.76296   -0.75778   -0.75420   -0.75317   -0.13994   -0.12787   -0.12418   -0.11749
  -0.11114   -0.10679   -0.09009   -0.08579   -0.07616   -0.05985   -0.05244   -0.04614
   0.01613    0.01886    0.02364    0.05579    0.07129    0.26249    0.26354    0.26360
   0.27622    0.30224    0.32215    0.37141    0.44728    0.46899    0.49317    0.52433
   0.55323    0.57804    0.59481    0.62252    0.62550    0.71074    0.72898    0.79263
 kpt# 433, nband= 48, wtk=  1.00000, kpt=  0.3722 -0.1278  0.3083 (reduced coord)
  -2.85350   -2.66490   -1.70766   -1.70592   -1.70553   -1.52284   -1.52123   -1.52067
  -0.76266   -0.75776   -0.75424   -0.75322   -0.13922   -0.12799   -0.12420   -0.11837
  -0.11143   -0.10676   -0.09020   -0.08648   -0.07535   -0.06010   -0.05243   -0.04638
   0.01609    0.01861    0.02387    0.05518    0.07138    0.26224    0.26330    0.26410
   0.27752    0.30251    0.32437    0.37191    0.44896    0.46938    0.49227    0.52343
   0.55172    0.57739    0.59547    0.62058    0.62242    0.70593    0.73174    0.79158
 kpt# 434, nband= 48, wtk=  1.00000, kpt=  0.3778 -0.1222  0.3167 (reduced coord)
  -2.85350   -2.66490   -1.70765   -1.70594   -1.70553   -1.52284   -1.52125   -1.52067
  -0.76237   -0.75775   -0.75427   -0.75328   -0.13855   -0.12819   -0.12416   -0.11924
  -0.11165   -0.10665   -0.09034   -0.08719   -0.07456   -0.06036   -0.05243   -0.04663
   0.01603    0.01836    0.02411    0.05459    0.07146    0.26198    0.26304    0.26460
   0.27875    0.30279    0.32671    0.37248    0.44961    0.47053    0.49119    0.52287
   0.55044    0.57654    0.59618    0.61876    0.61947    0.70105    0.73440    0.79065
 kpt# 435, nband= 48, wtk=  1.00000, kpt=  0.3833 -0.1167  0.3250 (reduced coord)
  -2.85350   -2.66490   -1.70765   -1.70596   -1.70553   -1.52283   -1.52128   -1.52067
  -0.76208   -0.75772   -0.75432   -0.75334   -0.13792   -0.12846   -0.12407   -0.12006
  -0.11182   -0.10647   -0.09050   -0.08788   -0.07378   -0.06061   -0.05243   -0.04688
   0.01596    0.01812    0.02433    0.05401    0.07154    0.26173    0.26279    0.26509
   0.27991    0.30309    0.32917    0.37311    0.44922    0.47245    0.48988    0.52272
   0.54937    0.57557    0.59681    0.61636    0.61738    0.69615    0.73690    0.78991
 kpt# 436, nband= 48, wtk=  1.00000, kpt=  0.3889 -0.1111  0.3333 (reduced coord)
  -2.85350   -2.66490   -1.70765   -1.70598   -1.70553   -1.52283   -1.52131   -1.52067
  -0.76179   -0.75770   -0.75437   -0.75340   -0.13734   -0.12881   -0.12393   -0.12082
  -0.11195   -0.10623   -0.09070   -0.08855   -0.07302   -0.06087   -0.05244   -0.04714
   0.01586    0.01788    0.02454    0.05346    0.07162    0.26149    0.26254    0.26557
   0.28099    0.30339    0.33174    0.37380    0.44801    0.47490    0.48835    0.52299
   0.54849    0.57455    0.59725    0.61353    0.61604    0.69126    0.73920    0.78939
 kpt# 437, nband= 48, wtk=  1.00000, kpt=  0.3944 -0.1056  0.3417 (reduced coord)
  -2.85350   -2.66490   -1.70764   -1.70600   -1.70553   -1.52282   -1.52133   -1.52066
  -0.76150   -0.75768   -0.75442   -0.75346   -0.13684   -0.12924   -0.12374   -0.12146
  -0.11206   -0.10595   -0.09095   -0.08916   -0.07230   -0.06112   -0.05245   -0.04740
   0.01576    0.01766    0.02474    0.05293    0.07169    0.26126    0.26231    0.26603
   0.28199    0.30371    0.33441    0.37455    0.44624    0.47742    0.48686    0.52367
   0.54778    0.57350    0.59739    0.61074    0.61504    0.68638    0.74129    0.78907
 kpt# 438, nband= 48, wtk=  1.00000, kpt=  0.4000 -0.1000  0.3500 (reduced coord)
  -2.85350   -2.66489   -1.70764   -1.70601   -1.70553   -1.52282   -1.52136   -1.52066
  -0.76122   -0.75765   -0.75448   -0.75351   -0.13640   -0.12973   -0.12352   -0.12199
  -0.11214   -0.10563   -0.09131   -0.08964   -0.07163   -0.06137   -0.05246   -0.04767
   0.01564    0.01744    0.02492    0.05243    0.07176    0.26103    0.26208    0.26647
   0.28292    0.30404    0.33718    0.37537    0.44409    0.47900    0.48627    0.52473
   0.54723    0.57246    0.59718    0.60802    0.61438    0.68154    0.74317    0.78899
 kpt# 439, nband= 48, wtk=  1.00000, kpt=  0.4056 -0.0944  0.3583 (reduced coord)
  -2.85350   -2.66489   -1.70764   -1.70603   -1.70553   -1.52281   -1.52138   -1.52066
  -0.76094   -0.75761   -0.75454   -0.75358   -0.13606   -0.13027   -0.12329   -0.12236
  -0.11222   -0.10529   -0.09178   -0.09000   -0.07101   -0.06161   -0.05246   -0.04794
   0.01550    0.01723    0.02510    0.05195    0.07183    0.26081    0.26186    0.26689
   0.28377    0.30437    0.34003    0.37625    0.44169    0.47831    0.48785    0.52611
   0.54682    0.57143    0.59660    0.60538    0.61403    0.67673    0.74484    0.78935
 kpt# 440, nband= 48, wtk=  1.00000, kpt=  0.4111 -0.0889  0.3667 (reduced coord)
  -2.85350   -2.66489   -1.70763   -1.70605   -1.70553   -1.52281   -1.52141   -1.52066
  -0.76066   -0.75758   -0.75461   -0.75364   -0.13581   -0.13084   -0.12310   -0.12253
  -0.11228   -0.10492   -0.09233   -0.09023   -0.07045   -0.06185   -0.05245   -0.04821
   0.01535    0.01704    0.02527    0.05149    0.07189    0.26060    0.26165    0.26729
   0.28456    0.30471    0.34296    0.37720    0.43913    0.47613    0.49081    0.52774
   0.54656    0.57044    0.59570    0.60280    0.61394    0.67198    0.74631    0.78952
 kpt# 441, nband= 48, wtk=  1.00000, kpt=  0.4167 -0.0833  0.3750 (reduced coord)
  -2.85350   -2.66489   -1.70763   -1.70606   -1.70552   -1.52280   -1.52143   -1.52066
  -0.76040   -0.75753   -0.75469   -0.75370   -0.13565   -0.13143   -0.12304   -0.12243
  -0.11233   -0.10456   -0.09290   -0.09039   -0.06996   -0.06209   -0.05242   -0.04847
   0.01519    0.01685    0.02542    0.05107    0.07195    0.26041    0.26146    0.26767
   0.28527    0.30506    0.34596    0.37821    0.43645    0.47340    0.49423    0.52956
   0.54644    0.56948    0.59452    0.60031    0.61405    0.66728    0.74761    0.79006
 kpt# 442, nband= 48, wtk=  1.00000, kpt=  0.4222 -0.0778  0.3833 (reduced coord)
  -2.85349   -2.66489   -1.70763   -1.70608   -1.70552   -1.52280   -1.52145   -1.52066
  -0.76014   -0.75749   -0.75477   -0.75376   -0.13558   -0.13201   -0.12299   -0.12218
  -0.11239   -0.10420   -0.09346   -0.09050   -0.06955   -0.06232   -0.05238   -0.04874
   0.01502    0.01668    0.02556    0.05068    0.07201    0.26022    0.26127    0.26803
   0.28592    0.30540    0.34902    0.37929    0.43370    0.47041    0.49779    0.53150
   0.54648    0.56856    0.59313    0.59790    0.61427    0.66266    0.74877    0.79074
 kpt# 443, nband= 48, wtk=  1.00000, kpt=  0.4278 -0.0722  0.3917 (reduced coord)
  -2.85349   -2.66489   -1.70763   -1.70609   -1.70552   -1.52280   -1.52147   -1.52066
  -0.75989   -0.75744   -0.75485   -0.75382   -0.13562   -0.13257   -0.12288   -0.12189
  -0.11243   -0.10388   -0.09398   -0.09058   -0.06921   -0.06254   -0.05231   -0.04899
   0.01485    0.01652    0.02569    0.05031    0.07207    0.26004    0.26110    0.26836
   0.28650    0.30574    0.35212    0.38042    0.43089    0.46730    0.50140    0.53350
   0.54671    0.56768    0.59157    0.59560    0.61454    0.65813    0.74981    0.79152
 kpt# 444, nband= 48, wtk=  1.00000, kpt=  0.4333 -0.0667  0.4000 (reduced coord)
  -2.85349   -2.66489   -1.70763   -1.70610   -1.70552   -1.52279   -1.52149   -1.52066
  -0.75965   -0.75739   -0.75494   -0.75389   -0.13574   -0.13308   -0.12269   -0.12159
  -0.11248   -0.10362   -0.09442   -0.09063   -0.06894   -0.06276   -0.05223   -0.04923
   0.01467    0.01638    0.02581    0.04998    0.07212    0.25987    0.26094    0.26868
   0.28703    0.30608    0.35527    0.38161    0.42805    0.46413    0.50501    0.53546
   0.54718    0.56684    0.58989    0.59343    0.61482    0.65369    0.75076    0.79237
 kpt# 445, nband= 48, wtk=  1.00000, kpt=  0.4389 -0.0611  0.4083 (reduced coord)
  -2.85349   -2.66489   -1.70762   -1.70611   -1.70552   -1.52279   -1.52150   -1.52065
  -0.75942   -0.75733   -0.75503   -0.75395   -0.13595   -0.13353   -0.12244   -0.12128
  -0.11253   -0.10343   -0.09476   -0.09065   -0.06875   -0.06297   -0.05213   -0.04946
   0.01448    0.01624    0.02592    0.04967    0.07217    0.25972    0.26079    0.26897
   0.28750    0.30640    0.35845    0.38286    0.42518    0.46094    0.50858    0.53726
   0.54797    0.56602    0.58809    0.59141    0.61507    0.64937    0.75164    0.79325
 kpt# 446, nband= 48, wtk=  1.00000, kpt=  0.4444 -0.0556  0.4167 (reduced coord)
  -2.85349   -2.66489   -1.70762   -1.70613   -1.70552   -1.52279   -1.52152   -1.52065
  -0.75920   -0.75727   -0.75512   -0.75401   -0.13623   -0.13391   -0.12214   -0.12099
  -0.11257   -0.10334   -0.09500   -0.09066   -0.06862   -0.06318   -0.05201   -0.04967
   0.01430    0.01612    0.02601    0.04939    0.07221    0.25958    0.26066    0.26924
   0.28792    0.30671    0.36165    0.38415    0.42230    0.45778    0.51209    0.53882
   0.54916    0.56520    0.58621    0.58956    0.61528    0.64519    0.75246    0.79413
 kpt# 447, nband= 48, wtk=  1.00000, kpt=  0.4500 -0.0500  0.4250 (reduced coord)
  -2.85349   -2.66489   -1.70762   -1.70613   -1.70552   -1.52278   -1.52153   -1.52065
  -0.75900   -0.75720   -0.75522   -0.75407   -0.13656   -0.13422   -0.12180   -0.12071
  -0.11262   -0.10334   -0.09512   -0.09065   -0.06855   -0.06338   -0.05189   -0.04986
   0.01413    0.01601    0.02610    0.04915    0.07225    0.25945    0.26053    0.26949
   0.28829    0.30700    0.36487    0.38547    0.41941    0.45468    0.51551    0.54008
   0.55075    0.56437    0.58429    0.58787    0.61542    0.64117    0.75323    0.79493
 kpt# 448, nband= 48, wtk=  1.00000, kpt=  0.4556 -0.0444  0.4333 (reduced coord)
  -2.85349   -2.66489   -1.70762   -1.70614   -1.70552   -1.52278   -1.52155   -1.52065
  -0.75881   -0.75712   -0.75532   -0.75413   -0.13691   -0.13449   -0.12145   -0.12044
  -0.11267   -0.10344   -0.09514   -0.09063   -0.06854   -0.06358   -0.05176   -0.05003
   0.01396    0.01591    0.02617    0.04893    0.07229    0.25933    0.26042    0.26971
   0.28862    0.30727    0.36809    0.38682    0.41653    0.45167    0.51882    0.54106
   0.55269    0.56349    0.58239    0.58634    0.61548    0.63737    0.75395    0.79571
 kpt# 449, nband= 48, wtk=  1.00000, kpt=  0.4611 -0.0389  0.4417 (reduced coord)
  -2.85349   -2.66489   -1.70762   -1.70615   -1.70552   -1.52278   -1.52156   -1.52065
  -0.75864   -0.75704   -0.75543   -0.75419   -0.13725   -0.13471   -0.12111   -0.12018
  -0.11271   -0.10362   -0.09508   -0.09060   -0.06856   -0.06376   -0.05164   -0.05017
   0.01380    0.01582    0.02624    0.04873    0.07232    0.25923    0.26032    0.26990
   0.28890    0.30751    0.37130    0.38817    0.41364    0.44880    0.52198    0.54186
   0.55488    0.56253    0.58059    0.58494    0.61543    0.63383    0.75462    0.79643
 kpt# 450, nband= 48, wtk=  1.00000, kpt=  0.4667 -0.0333  0.4500 (reduced coord)
  -2.85349   -2.66489   -1.70762   -1.70616   -1.70552   -1.52278   -1.52157   -1.52065
  -0.75850   -0.75695   -0.75553   -0.75424   -0.13757   -0.13489   -0.12078   -0.11994
  -0.11276   -0.10384   -0.09496   -0.09055   -0.06860   -0.06393   -0.05153   -0.05027
   0.01366    0.01574    0.02629    0.04857    0.07235    0.25914    0.26024    0.27007
   0.28914    0.30773    0.37449    0.38949    0.41074    0.44612    0.52494    0.54260
   0.55717    0.56145    0.57893    0.58369    0.61527    0.63063    0.75523    0.79712
 kpt# 451, nband= 48, wtk=  1.00000, kpt=  0.4722 -0.0278  0.4583 (reduced coord)
  -2.85349   -2.66488   -1.70762   -1.70617   -1.70552   -1.52278   -1.52158   -1.52065
  -0.75837   -0.75685   -0.75565   -0.75428   -0.13786   -0.13504   -0.12049   -0.11971
  -0.11280   -0.10409   -0.09481   -0.09050   -0.06867   -0.06409   -0.05145   -0.05034
   0.01354    0.01568    0.02634    0.04843    0.07238    0.25906    0.26017    0.27022
   0.28934    0.30792    0.37767    0.39075    0.40785    0.44368    0.52764    0.54335
   0.55945    0.56021    0.57747    0.58259    0.61495    0.62785    0.75577    0.79764
 kpt# 452, nband= 48, wtk=  1.00000, kpt=  0.4778 -0.0222  0.4667 (reduced coord)
  -2.85349   -2.66488   -1.70762   -1.70617   -1.70552   -1.52277   -1.52158   -1.52065
  -0.75827   -0.75674   -0.75576   -0.75432   -0.13811   -0.13517   -0.12025   -0.11949
  -0.11284   -0.10434   -0.09466   -0.09044   -0.06874   -0.06423   -0.05140   -0.05037
   0.01343    0.01562    0.02638    0.04832    0.07240    0.25900    0.26011    0.27034
   0.28950    0.30808    0.38081    0.39190    0.40496    0.44153    0.52999    0.54423
   0.55878    0.56161    0.57625    0.58164    0.61445    0.62560    0.75623    0.79806
 kpt# 453, nband= 48, wtk=  1.00000, kpt=  0.4833 -0.0167  0.4750 (reduced coord)
  -2.85349   -2.66488   -1.70761   -1.70617   -1.70552   -1.52277   -1.52159   -1.52065
  -0.75818   -0.75663   -0.75588   -0.75435   -0.13830   -0.13527   -0.12006   -0.11930
  -0.11287   -0.10456   -0.09452   -0.09039   -0.06881   -0.06433   -0.05137   -0.05038
   0.01335    0.01558    0.02641    0.04824    0.07242    0.25895    0.26006    0.27043
   0.28962    0.30821    0.38391    0.39289    0.40206    0.43975    0.53189    0.54530
   0.55720    0.56352    0.57528    0.58087    0.61382    0.62393    0.75660    0.79843
 kpt# 454, nband= 48, wtk=  1.00000, kpt=  0.4889 -0.0111  0.4833 (reduced coord)
  -2.85349   -2.66488   -1.70761   -1.70618   -1.70552   -1.52277   -1.52159   -1.52065
  -0.75813   -0.75651   -0.75600   -0.75438   -0.13845   -0.13534   -0.11994   -0.11915
  -0.11290   -0.10473   -0.09441   -0.09035   -0.06886   -0.06442   -0.05136   -0.05037
   0.01329    0.01555    0.02643    0.04817    0.07243    0.25891    0.26003    0.27050
   0.28971    0.30830    0.38696    0.39365    0.39916    0.43841    0.53327    0.54657
   0.55553    0.56506    0.57456    0.58029    0.61315    0.62283    0.75687    0.79875
 kpt# 455, nband= 48, wtk=  1.00000, kpt=  0.4944 -0.0056  0.4917 (reduced coord)
  -2.85349   -2.66488   -1.70761   -1.70618   -1.70552   -1.52277   -1.52159   -1.52065
  -0.75809   -0.75640   -0.75612   -0.75439   -0.13853   -0.13538   -0.11986   -0.11906
  -0.11291   -0.10483   -0.09434   -0.09032   -0.06890   -0.06447   -0.05136   -0.05036
   0.01325    0.01553    0.02644    0.04814    0.07243    0.25889    0.26001    0.27054
   0.28976    0.30835    0.38990    0.39414    0.39631    0.43758    0.53408    0.54785
   0.55401    0.56609    0.57410    0.57993    0.61265    0.62223    0.75703    0.79884
 kpt# 456, nband= 48, wtk=  1.00000, kpt=  0.5000  0.0000  0.5000 (reduced coord)
  -2.85349   -2.66488   -1.70761   -1.70618   -1.70552   -1.52277   -1.52160   -1.52065
  -0.75808   -0.75631   -0.75621   -0.75439   -0.13856   -0.13539   -0.11984   -0.11902
  -0.11292   -0.10487   -0.09432   -0.09031   -0.06891   -0.06448   -0.05136   -0.05036
   0.01324    0.01553    0.02644    0.04812    0.07244    0.25889    0.26000    0.27055
   0.28978    0.30837    0.39199    0.39425    0.39431    0.43730    0.53435    0.54851
   0.55328    0.56645    0.57394    0.57981    0.61246    0.62205    0.75715    0.82011
 kpt# 457, nband= 48, wtk=  1.00000, kpt=  0.5000 -0.0167  0.5000 (reduced coord)
  -2.85349   -2.66488   -1.70761   -1.70618   -1.70552   -1.52277   -1.52160   -1.52065
  -0.75809   -0.75631   -0.75621   -0.75439   -0.13859   -0.13543   -0.11985   -0.11925
  -0.11267   -0.10487   -0.09436   -0.09030   -0.06886   -0.06444   -0.05135   -0.05035
   0.01324    0.01553    0.02644    0.04813    0.07243    0.25889    0.26000    0.27055
   0.28977    0.30835    0.39182    0.39431    0.39454    0.43730    0.53262    0.55019
   0.55293    0.56627    0.57051    0.58333    0.61283    0.62238    0.75709    0.79888
 kpt# 458, nband= 48, wtk=  1.00000, kpt=  0.5000 -0.0333  0.5000 (reduced coord)
  -2.85349   -2.66488   -1.70761   -1.70618   -1.70552   -1.52277   -1.52160   -1.52065
  -0.75810   -0.75630   -0.75623   -0.75437   -0.13867   -0.13554   -0.11988   -0.11983
  -0.11201   -0.10486   -0.09446   -0.09025   -0.06870   -0.06432   -0.05133   -0.05034
   0.01325    0.01552    0.02644    0.04816    0.07241    0.25890    0.26000    0.27056
   0.28976    0.30828    0.39144    0.39451    0.39510    0.43731    0.52881    0.55191
   0.55366    0.56531    0.56594    0.58878    0.61392    0.62335    0.75709    0.79897
 kpt# 459, nband= 48, wtk=  1.00000, kpt=  0.5000 -0.0500  0.5000 (reduced coord)
  -2.85349   -2.66488   -1.70761   -1.70618   -1.70552   -1.52277   -1.52160   -1.52065
  -0.75812   -0.75627   -0.75625   -0.75434   -0.13882   -0.13573   -0.12059   -0.11995
  -0.11112   -0.10485   -0.09462   -0.09019   -0.06845   -0.06413   -0.05129   -0.05030
   0.01326    0.01552    0.02643    0.04819    0.07237    0.25891    0.26001    0.27056
   0.28973    0.30818    0.39100    0.39482    0.39584    0.43733    0.52434    0.55026
   0.55662    0.56003    0.56640    0.59446    0.61568    0.62489    0.75710    0.79882
 kpt# 460, nband= 48, wtk=  1.00000, kpt=  0.5000 -0.0667  0.5000 (reduced coord)
  -2.85349   -2.66488   -1.70761   -1.70618   -1.70552   -1.52277   -1.52160   -1.52065
  -0.75814   -0.75629   -0.75625   -0.75431   -0.13902   -0.13598   -0.12142   -0.12005
  -0.11012   -0.10482   -0.09482   -0.09009   -0.06812   -0.06386   -0.05123   -0.05026
   0.01328    0.01551    0.02642    0.04824    0.07231    0.25893    0.26001    0.27057
   0.28968    0.30803    0.39057    0.39526    0.39670    0.43735    0.51969    0.54804
   0.55489    0.55710    0.56923    0.60017    0.61808    0.62691    0.75711    0.79878
 kpt# 461, nband= 48, wtk=  1.00000, kpt=  0.5000 -0.0833  0.5000 (reduced coord)
  -2.85349   -2.66488   -1.70761   -1.70618   -1.70552   -1.52277   -1.52160   -1.52065
  -0.75817   -0.75633   -0.75621   -0.75426   -0.13928   -0.13629   -0.12224   -0.12019
  -0.10912   -0.10476   -0.09502   -0.08998   -0.06770   -0.06352   -0.05116   -0.05020
   0.01330    0.01549    0.02641    0.04831    0.07224    0.25895    0.26001    0.27058
   0.28963    0.30785    0.39016    0.39582    0.39765    0.43739    0.51504    0.54524
   0.55001    0.55552    0.57393    0.60578    0.62109    0.62933    0.75711    0.79879
 kpt# 462, nband= 48, wtk=  1.00000, kpt=  0.5000 -0.1000  0.5000 (reduced coord)
  -2.85349   -2.66488   -1.70761   -1.70618   -1.70552   -1.52277   -1.52160   -1.52065
  -0.75821   -0.75638   -0.75617   -0.75421   -0.13961   -0.13664   -0.12302   -0.12038
  -0.10816   -0.10468   -0.09520   -0.08986   -0.06723   -0.06311   -0.05107   -0.05014
   0.01333    0.01548    0.02639    0.04839    0.07215    0.25898    0.26002    0.27059
   0.28957    0.30763    0.38979    0.39651    0.39868    0.43742    0.51045    0.54178
   0.54559    0.55299    0.57941    0.61117    0.62472    0.63205    0.75712    0.79856
 kpt# 463, nband= 48, wtk=  1.00000, kpt=  0.5000 -0.1167  0.5000 (reduced coord)
  -2.85349   -2.66488   -1.70761   -1.70618   -1.70552   -1.52277   -1.52160   -1.52065
  -0.75825   -0.75643   -0.75613   -0.75416   -0.14001   -0.13704   -0.12373   -0.12062
  -0.10731   -0.10456   -0.09531   -0.08974   -0.06669   -0.06265   -0.05097   -0.05006
   0.01336    0.01546    0.02637    0.04848    0.07205    0.25901    0.26003    0.27061
   0.28949    0.30738    0.38946    0.39731    0.39978    0.43747    0.50597    0.53767
   0.54170    0.54997    0.58523    0.61624    0.62899    0.63501    0.75712    0.79844
 kpt# 464, nband= 48, wtk=  1.00000, kpt=  0.5000 -0.1333  0.5000 (reduced coord)
  -2.85349   -2.66488   -1.70761   -1.70618   -1.70552   -1.52277   -1.52160   -1.52065
  -0.75830   -0.75648   -0.75608   -0.75409   -0.14047   -0.13748   -0.12436   -0.12092
  -0.10663   -0.10441   -0.09528   -0.08960   -0.06611   -0.06213   -0.05086   -0.04997
   0.01339    0.01544    0.02635    0.04858    0.07194    0.25905    0.26003    0.27062
   0.28941    0.30710    0.38917    0.39822    0.40096    0.43752    0.50161    0.53323
   0.53810    0.54665    0.59125    0.62091    0.63391    0.63815    0.75711    0.79832
 kpt# 465, nband= 48, wtk=  1.00000, kpt=  0.5000 -0.1500  0.5000 (reduced coord)
  -2.85349   -2.66488   -1.70761   -1.70618   -1.70552   -1.52277   -1.52160   -1.52065
  -0.75834   -0.75654   -0.75603   -0.75403   -0.14099   -0.13794   -0.12489   -0.12127
  -0.10618   -0.10421   -0.09509   -0.08947   -0.06551   -0.06157   -0.05074   -0.04988
   0.01342    0.01541    0.02633    0.04869    0.07182    0.25909    0.26004    0.27064
   0.28932    0.30680    0.38892    0.39924    0.40222    0.43758    0.49740    0.52873
   0.53457    0.54312    0.59740    0.62520    0.63938    0.64141    0.75709    0.79819
 kpt# 466, nband= 48, wtk=  1.00000, kpt=  0.5000 -0.1667  0.5000 (reduced coord)
  -2.85349   -2.66488   -1.70761   -1.70618   -1.70552   -1.52277   -1.52160   -1.52065
  -0.75839   -0.75660   -0.75598   -0.75397   -0.14156   -0.13841   -0.12533   -0.12167
  -0.10596   -0.10397   -0.09469   -0.08934   -0.06487   -0.06097   -0.05060   -0.04977
   0.01346    0.01539    0.02630    0.04882    0.07169    0.25913    0.26005    0.27066
   0.28922    0.30647    0.38871    0.40037    0.40354    0.43764    0.49333    0.52429
   0.53105    0.53944    0.60365    0.62921    0.64477    0.64526    0.75706    0.79794
 kpt# 467, nband= 48, wtk=  1.00000, kpt=  0.5000 -0.1833  0.5000 (reduced coord)
  -2.85349   -2.66488   -1.70761   -1.70618   -1.70552   -1.52277   -1.52160   -1.52065
  -0.75844   -0.75666   -0.75593   -0.75390   -0.14218   -0.13890   -0.12568   -0.12211
  -0.10600   -0.10370   -0.09410   -0.08922   -0.06423   -0.06034   -0.05046   -0.04965
   0.01350    0.01536    0.02627    0.04895    0.07154    0.25918    0.26005    0.27068
   0.28912    0.30613    0.38854    0.40160    0.40493    0.43771    0.48944    0.51996
   0.52751    0.53565    0.60997    0.63302    0.64820    0.65142    0.75701    0.79781
 kpt# 468, nband= 48, wtk=  1.00000, kpt=  0.5000 -0.2000  0.5000 (reduced coord)
  -2.85349   -2.66488   -1.70761   -1.70618   -1.70552   -1.52277   -1.52160   -1.52065
  -0.75849   -0.75672   -0.75587   -0.75383   -0.14283   -0.13939   -0.12593   -0.12259
  -0.10624   -0.10340   -0.09334   -0.08911   -0.06358   -0.05968   -0.05032   -0.04952
   0.01354    0.01533    0.02623    0.04909    0.07139    0.25923    0.26006    0.27070
   0.28901    0.30577    0.38841    0.40292    0.40639    0.43778    0.48571    0.51577
   0.52397    0.53179    0.61634    0.63668    0.65166    0.65778    0.75694    0.79753
 kpt# 469, nband= 48, wtk=  1.00000, kpt=  0.5000 -0.2167  0.5000 (reduced coord)
  -2.85349   -2.66488   -1.70761   -1.70618   -1.70552   -1.52277   -1.52160   -1.52065
  -0.75853   -0.75678   -0.75582   -0.75377   -0.14351   -0.13987   -0.12611   -0.12310
  -0.10666   -0.10307   -0.09246   -0.08900   -0.06294   -0.05901   -0.05017   -0.04939
   0.01358    0.01530    0.02620    0.04923    0.07123    0.25929    0.26007    0.27072
   0.28890    0.30541    0.38831    0.40434    0.40791    0.43786    0.48217    0.51173
   0.52044    0.52788    0.62273    0.64023    0.65515    0.66424    0.75684    0.79724
 kpt# 470, nband= 48, wtk=  1.00000, kpt=  0.5000 -0.2333  0.5000 (reduced coord)
  -2.85349   -2.66488   -1.70761   -1.70618   -1.70552   -1.52277   -1.52160   -1.52065
  -0.75858   -0.75684   -0.75576   -0.75370   -0.14420   -0.14036   -0.12621   -0.12362
  -0.10719   -0.10273   -0.09150   -0.08891   -0.06230   -0.05832   -0.05002   -0.04925
   0.01362    0.01528    0.02616    0.04938    0.07107    0.25934    0.26008    0.27074
   0.28879    0.30504    0.38824    0.40584    0.40948    0.43794    0.47882    0.50785
   0.51693    0.52395    0.62914    0.64368    0.65864    0.67078    0.75671    0.79692
 kpt# 471, nband= 48, wtk=  1.00000, kpt=  0.5000 -0.2500  0.5000 (reduced coord)
  -2.85349   -2.66488   -1.70761   -1.70618   -1.70552   -1.52277   -1.52160   -1.52065
  -0.75863   -0.75690   -0.75571   -0.75364   -0.14490   -0.14082   -0.12624   -0.12416
  -0.10782   -0.10238   -0.09051   -0.08882   -0.06169   -0.05764   -0.04987   -0.04910
   0.01365    0.01525    0.02612    0.04954    0.07091    0.25940    0.26009    0.27077
   0.28867    0.30467    0.38821    0.40742    0.41111    0.43802    0.47568    0.50413
   0.51348    0.52000    0.63553    0.64702    0.66212    0.67735    0.75654    0.79660
 kpt# 472, nband= 48, wtk=  1.00000, kpt=  0.5000 -0.2667  0.5000 (reduced coord)
  -2.85349   -2.66488   -1.70761   -1.70618   -1.70552   -1.52277   -1.52160   -1.52065
  -0.75867   -0.75695   -0.75566   -0.75358   -0.14558   -0.14128   -0.12621   -0.12470
  -0.10851   -0.10202   -0.08950   -0.08874   -0.06109   -0.05695   -0.04973   -0.04895
   0.01369    0.01522    0.02608    0.04969    0.07074    0.25946    0.26009    0.27079
   0.28856    0.30430    0.38820    0.40907    0.41279    0.43810    0.47274    0.50057
   0.51009    0.51606    0.64189    0.65027    0.66558    0.68390    0.75632    0.79624
 kpt# 473, nband= 48, wtk=  1.00000, kpt=  0.5000 -0.2833  0.5000 (reduced coord)
  -2.85349   -2.66488   -1.70761   -1.70618   -1.70552   -1.52277   -1.52160   -1.52065
  -0.75871   -0.75701   -0.75561   -0.75352   -0.14626   -0.14171   -0.12612   -0.12523
  -0.10923   -0.10167   -0.08867   -0.08850   -0.06053   -0.05627   -0.04959   -0.04879
   0.01372    0.01519    0.02604    0.04985    0.07057    0.25951    0.26010    0.27081
   0.28845    0.30394    0.38821    0.41078    0.41449    0.43817    0.47003    0.49718
   0.50679    0.51215    0.64820    0.65340    0.66900    0.69042    0.75605    0.79592
 kpt# 474, nband= 48, wtk=  1.00000, kpt=  0.5000 -0.3000  0.5000 (reduced coord)
  -2.85349   -2.66488   -1.70761   -1.70618   -1.70552   -1.52277   -1.52160   -1.52065
  -0.75875   -0.75706   -0.75557   -0.75346   -0.14690   -0.14212   -0.12598   -0.12575
  -0.10998   -0.10133   -0.08861   -0.08753   -0.05999   -0.05561   -0.04946   -0.04863
   0.01375    0.01517    0.02600    0.05000    0.07041    0.25957    0.26011    0.27083
   0.28834    0.30360    0.38825    0.41254    0.41622    0.43824    0.46755    0.49397
   0.50359    0.50828    0.65442    0.65641    0.67237    0.69687    0.75573    0.79550
 kpt# 475, nband= 48, wtk=  1.00000, kpt=  0.5000 -0.3167  0.5000 (reduced coord)
  -2.85349   -2.66488   -1.70761   -1.70618   -1.70552   -1.52277   -1.52160   -1.52065
  -0.75879   -0.75710   -0.75553   -0.75341   -0.14752   -0.14251   -0.12626   -0.12580
  -0.11074   -0.10100   -0.08856   -0.08660   -0.05950   -0.05497   -0.04935   -0.04848
   0.01378    0.01514    0.02596    0.05014    0.07025    0.25963    0.26011    0.27085
   0.28823    0.30326    0.38830    0.41435    0.41795    0.43831    0.46533    0.49092
   0.50053    0.50446    0.65929    0.66051    0.67567    0.70321    0.75533    0.79512
 kpt# 476, nband= 48, wtk=  1.00000, kpt=  0.5000 -0.3333  0.5000 (reduced coord)
  -2.85349   -2.66488   -1.70761   -1.70618   -1.70552   -1.52277   -1.52160   -1.52065
  -0.75883   -0.75714   -0.75549   -0.75336   -0.14810   -0.14287   -0.12673   -0.12558
  -0.11150   -0.10068   -0.08851   -0.08573   -0.05904   -0.05435   -0.04925   -0.04832
   0.01380    0.01512    0.02592    0.05029    0.07009    0.25968    0.26012    0.27086
   0.28813    0.30295    0.38837    0.41620    0.41967    0.43836    0.46338    0.48804
   0.49762    0.50070    0.66201    0.66644    0.67890    0.70939    0.75487    0.79472
 kpt# 477, nband= 48, wtk=  1.00000, kpt=  0.5000 -0.3500  0.5000 (reduced coord)
  -2.85349   -2.66488   -1.70761   -1.70618   -1.70552   -1.52277   -1.52160   -1.52065
  -0.75886   -0.75718   -0.75545   -0.75332   -0.14863   -0.14320   -0.12718   -0.12532
  -0.11226   -0.10039   -0.08847   -0.08491   -0.05862   -0.05376   -0.04916   -0.04817
   0.01382    0.01511    0.02588    0.05042    0.06995    0.25973    0.26012    0.27088
   0.28803    0.30266    0.38845    0.41805    0.42134    0.43839    0.46173    0.48533
   0.49489    0.49704    0.66456    0.67215    0.68202    0.71537    0.75433    0.79430
 kpt# 478, nband= 48, wtk=  1.00000, kpt=  0.5000 -0.3667  0.5000 (reduced coord)
  -2.85349   -2.66488   -1.70761   -1.70618   -1.70552   -1.52277   -1.52160   -1.52065
  -0.75889   -0.75722   -0.75541   -0.75328   -0.14912   -0.14350   -0.12759   -0.12504
  -0.11299   -0.10012   -0.08844   -0.08416   -0.05824   -0.05321   -0.04910   -0.04802
   0.01383    0.01509    0.02584    0.05055    0.06981    0.25978    0.26013    0.27089
   0.28795    0.30239    0.38854    0.41991    0.42294    0.43839    0.46040    0.48280
   0.49237    0.49347    0.66692    0.67756    0.68506    0.72110    0.75372    0.79399
 kpt# 479, nband= 48, wtk=  1.00000, kpt=  0.5000 -0.3833  0.5000 (reduced coord)
  -2.85349   -2.66488   -1.70761   -1.70618   -1.70552   -1.52277   -1.52160   -1.52065
  -0.75891   -0.75725   -0.75538   -0.75324   -0.14956   -0.14376   -0.12796   -0.12474
  -0.11369   -0.09988   -0.08841   -0.08348   -0.05791   -0.05269   -0.04906   -0.04788
   0.01384    0.01508    0.02581    0.05066    0.06968    0.25982    0.26013    0.27091
   0.28787    0.30214    0.38863    0.42174    0.42444    0.43836    0.45940    0.48045
   0.49004    0.49009    0.66908    0.68256    0.68801    0.72649    0.75305    0.79364
 kpt# 480, nband= 48, wtk=  1.00000, kpt=  0.5000 -0.4000  0.5000 (reduced coord)
  -2.85349   -2.66488   -1.70761   -1.70618   -1.70552   -1.52277   -1.52160   -1.52065
  -0.75894   -0.75728   -0.75536   -0.75321   -0.14995   -0.14400   -0.12829   -0.12443
  -0.11436   -0.09966   -0.08839   -0.08288   -0.05762   -0.05221   -0.04904   -0.04775
   0.01385    0.01507    0.02577    0.05076    0.06957    0.25986    0.26014    0.27092
   0.28780    0.30193    0.38872    0.42352    0.42578    0.43830    0.45876    0.47830
   0.48676    0.48807    0.67100    0.68693    0.69099    0.73148    0.75233    0.79346
 kpt# 481, nband= 48, wtk=  1.00000, kpt=  0.5000 -0.4167  0.5000 (reduced coord)
  -2.85349   -2.66488   -1.70761   -1.70618   -1.70552   -1.52277   -1.52160   -1.52065
  -0.75896   -0.75730   -0.75533   -0.75318   -0.15028   -0.14419   -0.12858   -0.12411
  -0.11497   -0.09948   -0.08837   -0.08237   -0.05738   -0.05178   -0.04905   -0.04764
   0.01386    0.01506    0.02575    0.05085    0.06947    0.25990    0.26014    0.27093
   0.28774    0.30174    0.38881    0.42522    0.42696    0.43818    0.45847    0.47637
   0.48369    0.48633    0.67268    0.69040    0.69415    0.73596    0.75158    0.79350
 kpt# 482, nband= 48, wtk=  1.00000, kpt=  0.5000 -0.4333  0.5000 (reduced coord)
  -2.85349   -2.66488   -1.70761   -1.70618   -1.70552   -1.52277   -1.52160   -1.52065
  -0.75897   -0.75732   -0.75532   -0.75316   -0.15056   -0.14436   -0.12881   -0.12381
  -0.11553   -0.09932   -0.08835   -0.08195   -0.05718   -0.05139   -0.04908   -0.04755
   0.01386    0.01506    0.02572    0.05093    0.06939    0.25993    0.26014    0.27094
   0.28768    0.30159    0.38888    0.42679    0.42792    0.43801    0.45852    0.47470
   0.48087    0.48488    0.67408    0.69294    0.69737    0.73983    0.75084    0.79347
 kpt# 483, nband= 48, wtk=  1.00000, kpt=  0.5000 -0.4500  0.5000 (reduced coord)
  -2.85349   -2.66488   -1.70761   -1.70618   -1.70552   -1.52277   -1.52160   -1.52065
  -0.75899   -0.75734   -0.75530   -0.75314   -0.15077   -0.14449   -0.12900   -0.12353
  -0.11599   -0.09920   -0.08834   -0.08162   -0.05702   -0.05106   -0.04912   -0.04747
   0.01386    0.01505    0.02571    0.05099    0.06933    0.25995    0.26014    0.27094
   0.28764    0.30147    0.38894    0.42816    0.42867    0.43780    0.45883    0.47333
   0.47839    0.48375    0.67519    0.69478    0.70024    0.74298    0.75017    0.79369
 kpt# 484, nband= 48, wtk=  1.00000, kpt=  0.5000 -0.4667  0.5000 (reduced coord)
  -2.85349   -2.66488   -1.70761   -1.70618   -1.70552   -1.52277   -1.52160   -1.52065
  -0.75900   -0.75735   -0.75529   -0.75313   -0.15093   -0.14458   -0.12913   -0.12331
  -0.11636   -0.09912   -0.08833   -0.08138   -0.05691   -0.05081   -0.04918   -0.04742
   0.01386    0.01505    0.02569    0.05103    0.06928    0.25997    0.26015    0.27095
   0.28761    0.30138    0.38899    0.42920    0.42927    0.43758    0.45930    0.47230
   0.47639    0.48294    0.67600    0.69608    0.70247    0.74531    0.74963    0.79399
 kpt# 485, nband= 48, wtk=  1.00000, kpt=  0.5000 -0.4833  0.5000 (reduced coord)
  -2.85349   -2.66488   -1.70761   -1.70618   -1.70552   -1.52277   -1.52160   -1.52065
  -0.75900   -0.75736   -0.75528   -0.75312   -0.15102   -0.14463   -0.12921   -0.12316
  -0.11659   -0.09907   -0.08833   -0.08124   -0.05685   -0.05063   -0.04923   -0.04738
   0.01386    0.01505    0.02568    0.05105    0.06925    0.25998    0.26015    0.27095
   0.28760    0.30133    0.38902    0.42951    0.43000    0.43739    0.45971    0.47167
   0.47505    0.48245    0.67649    0.69686    0.70388    0.74675    0.74927    0.79427
 kpt# 486, nband= 48, wtk=  1.00000, kpt=  0.5000 -0.5000  0.5000 (reduced coord)
  -2.85349   -2.66488   -1.70761   -1.70618   -1.70552   -1.52277   -1.52160   -1.52065
  -0.75900   -0.75736   -0.75528   -0.75312   -0.15105   -0.14465   -0.12924   -0.12311
  -0.11667   -0.09905   -0.08833   -0.08119   -0.05682   -0.05057   -0.04925   -0.04737
   0.01386    0.01505    0.02568    0.05106    0.06924    0.25998    0.26015    0.27095
   0.28759    0.30131    0.38903    0.42961    0.43026    0.43732    0.45989    0.47145
   0.47457    0.48229    0.67666    0.69712    0.70436    0.74723    0.74914    0.79448
 kpt# 487, nband= 48, wtk=  1.00000, kpt=  0.4944 -0.4889  0.4917 (reduced coord)
  -2.85349   -2.66488   -1.70761   -1.70618   -1.70552   -1.52277   -1.52160   -1.52065
  -0.75901   -0.75736   -0.75528   -0.75312   -0.15102   -0.14465   -0.12921   -0.12313
  -0.11664   -0.09901   -0.08833   -0.08123   -0.05685   -0.05059   -0.04927   -0.04740
   0.01387    0.01506    0.02567    0.05107    0.06924    0.25998    0.26015    0.27094
   0.28759    0.30129    0.38898    0.42921    0.43017    0.43705    0.46023    0.47175
   0.47465    0.48273    0.67635    0.69693    0.70415    0.74698    0.74918    0.79514
 kpt# 488, nband= 48, wtk=  1.00000, kpt=  0.4889 -0.4778  0.4833 (reduced coord)
  -2.85349   -2.66488   -1.70761   -1.70618   -1.70552   -1.52277   -1.52159   -1.52065
  -0.75902   -0.75736   -0.75528   -0.75313   -0.15091   -0.14465   -0.12913   -0.12319
  -0.11657   -0.09888   -0.08833   -0.08134   -0.05692   -0.05065   -0.04933   -0.04747
   0.01389    0.01509    0.02566    0.05111    0.06925    0.26000    0.26018    0.27091
   0.28760    0.30122    0.38885    0.42763    0.43036    0.43629    0.46121    0.47201
   0.47554    0.48396    0.67543    0.69634    0.70354    0.74626    0.74930    0.79469
 kpt# 489, nband= 48, wtk=  1.00000, kpt=  0.4833 -0.4667  0.4750 (reduced coord)
  -2.85349   -2.66488   -1.70761   -1.70617   -1.70552   -1.52277   -1.52159   -1.52065
  -0.75904   -0.75736   -0.75527   -0.75314   -0.15074   -0.14464   -0.12899   -0.12329
  -0.11644   -0.09867   -0.08832   -0.08153   -0.05705   -0.05075   -0.04943   -0.04758
   0.01392    0.01514    0.02563    0.05117    0.06927    0.26002    0.26022    0.27086
   0.28761    0.30112    0.38863    0.42516    0.43078    0.43515    0.46274    0.47161
   0.47777    0.48582    0.67393    0.69532    0.70261    0.74514    0.74946    0.79522
 kpt# 490, nband= 48, wtk=  1.00000, kpt=  0.4778 -0.4556  0.4667 (reduced coord)
  -2.85349   -2.66488   -1.70762   -1.70617   -1.70552   -1.52277   -1.52158   -1.52065
  -0.75907   -0.75737   -0.75527   -0.75316   -0.15050   -0.14463   -0.12879   -0.12342
  -0.11627   -0.09838   -0.08832   -0.08180   -0.05724   -0.05090   -0.04956   -0.04772
   0.01396    0.01521    0.02559    0.05125    0.06928    0.26005    0.26027    0.27078
   0.28762    0.30098    0.38829    0.42211    0.43130    0.43386    0.46466    0.47092
   0.48076    0.48825    0.67188    0.69380    0.70143    0.74372    0.74961    0.79733
 kpt# 491, nband= 48, wtk=  1.00000, kpt=  0.4722 -0.4444  0.4583 (reduced coord)
  -2.85349   -2.66488   -1.70762   -1.70617   -1.70552   -1.52278   -1.52158   -1.52065
  -0.75911   -0.75737   -0.75526   -0.75319   -0.15019   -0.14462   -0.12855   -0.12358
  -0.11606   -0.09801   -0.08832   -0.08214   -0.05748   -0.05110   -0.04972   -0.04789
   0.01402    0.01529    0.02554    0.05135    0.06931    0.26009    0.26034    0.27069
   0.28762    0.30081    0.38783    0.41870    0.43137    0.43310    0.46685    0.47021
   0.48406    0.49128    0.66933    0.69176    0.70010    0.74211    0.74969    0.79768
 kpt# 492, nband= 48, wtk=  1.00000, kpt=  0.4667 -0.4333  0.4500 (reduced coord)
  -2.85349   -2.66489   -1.70762   -1.70616   -1.70552   -1.52278   -1.52157   -1.52065
  -0.75916   -0.75738   -0.75525   -0.75322   -0.14982   -0.14459   -0.12827   -0.12375
  -0.11582   -0.09757   -0.08831   -0.08255   -0.05780   -0.05135   -0.04991   -0.04805
   0.01408    0.01540    0.02547    0.05148    0.06934    0.26013    0.26042    0.27057
   0.28760    0.30061    0.38721    0.41509    0.43021    0.43372    0.46883    0.46992
   0.48742    0.49492    0.66634    0.68921    0.69864    0.74043    0.74964    0.79888
 kpt# 493, nband= 48, wtk=  1.00000, kpt=  0.4611 -0.4222  0.4417 (reduced coord)
  -2.85349   -2.66489   -1.70762   -1.70615   -1.70552   -1.52278   -1.52156   -1.52065
  -0.75922   -0.75739   -0.75524   -0.75325   -0.14937   -0.14455   -0.12795   -0.12393
  -0.11555   -0.09705   -0.08832   -0.08303   -0.05820   -0.05167   -0.05012   -0.04821
   0.01415    0.01551    0.02540    0.05163    0.06938    0.26019    0.26052    0.27043
   0.28757    0.30039    0.38640    0.41141    0.42876    0.43486    0.46862    0.47201
   0.49076    0.49913    0.66295    0.68619    0.69704    0.73878    0.74944    0.80085
 kpt# 494, nband= 48, wtk=  1.00000, kpt=  0.4556 -0.4111  0.4333 (reduced coord)
  -2.85349   -2.66489   -1.70762   -1.70614   -1.70552   -1.52278   -1.52155   -1.52065
  -0.75929   -0.75740   -0.75522   -0.75328   -0.14886   -0.14450   -0.12760   -0.12412
  -0.11526   -0.09648   -0.08833   -0.08356   -0.05868   -0.05203   -0.05035   -0.04834
   0.01424    0.01564    0.02532    0.05180    0.06943    0.26025    0.26064    0.27027
   0.28749    0.30016    0.38534    0.40779    0.42734    0.43622    0.46805    0.47461
   0.49412    0.50378    0.65923    0.68278    0.69530    0.73722    0.74904    0.80215
 kpt# 495, nband= 48, wtk=  1.00000, kpt=  0.4500 -0.4000  0.4250 (reduced coord)
  -2.85349   -2.66489   -1.70762   -1.70614   -1.70552   -1.52278   -1.52153   -1.52065
  -0.75937   -0.75741   -0.75520   -0.75331   -0.14828   -0.14443   -0.12721   -0.12431
  -0.11495   -0.09584   -0.08837   -0.08413   -0.05925   -0.05244   -0.05059   -0.04845
   0.01433    0.01579    0.02523    0.05199    0.06948    0.26033    0.26076    0.27008
   0.28737    0.29993    0.38397    0.40431    0.42604    0.43777    0.46752    0.47731
   0.49754    0.50878    0.65522    0.67903    0.69338    0.73580    0.74844    0.80468
 kpt# 496, nband= 48, wtk=  1.00000, kpt=  0.4444 -0.3889  0.4167 (reduced coord)
  -2.85349   -2.66489   -1.70762   -1.70613   -1.70552   -1.52279   -1.52152   -1.52065
  -0.75947   -0.75743   -0.75518   -0.75334   -0.14764   -0.14435   -0.12681   -0.12450
  -0.11463   -0.09516   -0.08844   -0.08473   -0.05992   -0.05288   -0.05084   -0.04853
   0.01443    0.01594    0.02512    0.05220    0.06955    0.26041    0.26090    0.26986
   0.28720    0.29972    0.38220    0.40109    0.42487    0.43950    0.46707    0.48007
   0.50108    0.51402    0.65096    0.67502    0.69129    0.73456    0.74762    0.80552
 kpt# 497, nband= 48, wtk=  1.00000, kpt=  0.4389 -0.3778  0.4083 (reduced coord)
  -2.85349   -2.66489   -1.70762   -1.70611   -1.70552   -1.52279   -1.52150   -1.52066
  -0.75958   -0.75744   -0.75516   -0.75337   -0.14693   -0.14426   -0.12638   -0.12468
  -0.11428   -0.09443   -0.08859   -0.08531   -0.06069   -0.05334   -0.05109   -0.04859
   0.01453    0.01610    0.02501    0.05243    0.06962    0.26051    0.26105    0.26962
   0.28695    0.29952    0.37999    0.39820    0.42387    0.44139    0.46668    0.48287
   0.50474    0.51945    0.64652    0.67079    0.68902    0.73351    0.74658    0.80651
 kpt# 498, nband= 48, wtk=  1.00000, kpt=  0.4333 -0.3667  0.4000 (reduced coord)
  -2.85349   -2.66489   -1.70763   -1.70610   -1.70552   -1.52279   -1.52149   -1.52066
  -0.75971   -0.75746   -0.75513   -0.75340   -0.14615   -0.14415   -0.12594   -0.12484
  -0.11393   -0.09366   -0.08887   -0.08581   -0.06155   -0.05382   -0.05134   -0.04862
   0.01465    0.01628    0.02490    0.05268    0.06970    0.26061    0.26122    0.26935
   0.28663    0.29935    0.37732    0.39567    0.42304    0.44344    0.46637    0.48572
   0.50854    0.52503    0.64191    0.66640    0.68658    0.73264    0.74534    0.80728
 kpt# 499, nband= 48, wtk=  1.00000, kpt=  0.4278 -0.3556  0.3917 (reduced coord)
  -2.85349   -2.66489   -1.70763   -1.70609   -1.70552   -1.52280   -1.52147   -1.52066
  -0.75985   -0.75748   -0.75510   -0.75342   -0.14532   -0.14402   -0.12548   -0.12500
  -0.11356   -0.09287   -0.08934   -0.08619   -0.06250   -0.05431   -0.05157   -0.04863
   0.01476    0.01646    0.02477    0.05295    0.06979    0.26073    0.26139    0.26906
   0.28622    0.29922    0.37422    0.39348    0.42239    0.44565    0.46613    0.48861
   0.51247    0.53074    0.63719    0.66189    0.68398    0.73195    0.74392    0.80765
 kpt# 500, nband= 48, wtk=  1.00000, kpt=  0.4222 -0.3444  0.3833 (reduced coord)
  -2.85349   -2.66489   -1.70763   -1.70608   -1.70552   -1.52280   -1.52145   -1.52066
  -0.76002   -0.75751   -0.75507   -0.75344   -0.14442   -0.14388   -0.12515   -0.12499
  -0.11318   -0.09205   -0.09000   -0.08642   -0.06353   -0.05480   -0.05179   -0.04862
   0.01488    0.01664    0.02464    0.05323    0.06988    0.26086    0.26158    0.26874
   0.28572    0.29913    0.37077    0.39156    0.42191    0.44800    0.46596    0.49155
   0.51652    0.53654    0.63239    0.65729    0.68125    0.73139    0.74234    0.80786
 kpt# 501, nband= 48, wtk=  1.00000, kpt=  0.4167 -0.3333  0.3750 (reduced coord)
  -2.85350   -2.66489   -1.70763   -1.70606   -1.70552   -1.52280   -1.52143   -1.52066
  -0.76019   -0.75753   -0.75503   -0.75345   -0.14375   -0.14346   -0.12528   -0.12450
  -0.11279   -0.09127   -0.09079   -0.08653   -0.06462   -0.05529   -0.05199   -0.04859
   0.01500    0.01684    0.02450    0.05353    0.06998    0.26100    0.26177    0.26840
   0.28513    0.29908    0.36707    0.38983    0.42160    0.45050    0.46586    0.49454
   0.52067    0.54241    0.62755    0.65264    0.67839    0.73095    0.74066    0.80736
 kpt# 502, nband= 48, wtk=  1.00000, kpt=  0.4111 -0.3222  0.3667 (reduced coord)
  -2.85350   -2.66489   -1.70764   -1.70605   -1.70553   -1.52281   -1.52140   -1.52066
  -0.76039   -0.75756   -0.75499   -0.75345   -0.14360   -0.14245   -0.12539   -0.12400
  -0.11239   -0.09185   -0.09035   -0.08656   -0.06578   -0.05577   -0.05217   -0.04853
   0.01512    0.01704    0.02436    0.05385    0.07009    0.26114    0.26197    0.26802
   0.28445    0.29907    0.36320    0.38823    0.42143    0.45314    0.46582    0.49757
   0.52491    0.54833    0.62272    0.64796    0.67542    0.73057    0.73893    0.80661
 kpt# 503, nband= 48, wtk=  1.00000, kpt=  0.4056 -0.3111  0.3583 (reduced coord)
  -2.85350   -2.66489   -1.70764   -1.70603   -1.70553   -1.52281   -1.52138   -1.52066
  -0.76060   -0.75758   -0.75494   -0.75345   -0.14345   -0.14139   -0.12549   -0.12347
  -0.11199   -0.09290   -0.08953   -0.08654   -0.06698   -0.05622   -0.05234   -0.04846
   0.01523    0.01725    0.02421    0.05418    0.07020    0.26130    0.26218    0.26763
   0.28368    0.29910    0.35922    0.38671    0.42141    0.45590    0.46586    0.50065
   0.52923    0.55428    0.61793    0.64329    0.67238    0.73017    0.73726    0.80626
 kpt# 504, nband= 48, wtk=  1.00000, kpt=  0.4000 -0.3000  0.3500 (reduced coord)
  -2.85350   -2.66489   -1.70764   -1.70601   -1.70553   -1.52282   -1.52136   -1.52066
  -0.76083   -0.75761   -0.75489   -0.75344   -0.14332   -0.14028   -0.12557   -0.12291
  -0.11158   -0.09402   -0.08874   -0.08650   -0.06822   -0.05666   -0.05248   -0.04836
   0.01535    0.01746    0.02406    0.05453    0.07030    0.26147    0.26240    0.26720
   0.28283    0.29916    0.35518    0.38525    0.42152    0.45878    0.46596    0.50378
   0.53360    0.56018    0.61327    0.63865    0.66926    0.72958    0.73582    0.80551
 kpt# 505, nband= 48, wtk=  1.00000, kpt=  0.3944 -0.2889  0.3417 (reduced coord)
  -2.85350   -2.66490   -1.70764   -1.70600   -1.70553   -1.52282   -1.52133   -1.52067
  -0.76108   -0.75764   -0.75484   -0.75342   -0.14320   -0.13913   -0.12563   -0.12233
  -0.11116   -0.09520   -0.08799   -0.08642   -0.06947   -0.05706   -0.05262   -0.04823
   0.01546    0.01768    0.02391    0.05488    0.07041    0.26165    0.26263    0.26675
   0.28190    0.29925    0.35112    0.38383    0.42173    0.46175    0.46616    0.50693
   0.53801    0.56596    0.60885    0.63407    0.66609    0.72861    0.73481    0.80483
 kpt# 506, nband= 48, wtk=  1.00000, kpt=  0.3889 -0.2778  0.3333 (reduced coord)
  -2.85350   -2.66490   -1.70765   -1.70598   -1.70553   -1.52283   -1.52131   -1.52067
  -0.76135   -0.75766   -0.75478   -0.75339   -0.14309   -0.13794   -0.12567   -0.12171
  -0.11073   -0.09641   -0.08737   -0.08626   -0.07074   -0.05742   -0.05273   -0.04808
   0.01556    0.01791    0.02375    0.05526    0.07051    0.26184    0.26286    0.26628
   0.28091    0.29936    0.34705    0.38243    0.42204    0.46464    0.46660    0.51011
   0.54243    0.57142    0.60490    0.62956    0.66290    0.72720    0.73433    0.80429
 kpt# 507, nband= 48, wtk=  1.00000, kpt=  0.3833 -0.2667  0.3250 (reduced coord)
  -2.85350   -2.66490   -1.70765   -1.70596   -1.70553   -1.52283   -1.52128   -1.52067
  -0.76163   -0.75769   -0.75473   -0.75336   -0.14302   -0.13672   -0.12570   -0.12105
  -0.11030   -0.09764   -0.08700   -0.08591   -0.07200   -0.05774   -0.05283   -0.04790
   0.01566    0.01815    0.02359    0.05564    0.07060    0.26204    0.26309    0.26578
   0.27985    0.29949    0.34302    0.38106    0.42243    0.46614    0.46858    0.51329
   0.54684    0.57610    0.60186    0.62515    0.65969    0.72545    0.73428    0.80366
 kpt# 508, nband= 48, wtk=  1.00000, kpt=  0.3778 -0.2556  0.3167 (reduced coord)
  -2.85350   -2.66490   -1.70765   -1.70594   -1.70553   -1.52284   -1.52125   -1.52067
  -0.76193   -0.75771   -0.75467   -0.75332   -0.14299   -0.13549   -0.12570   -0.12034
  -0.10987   -0.09887   -0.08690   -0.08537   -0.07323   -0.05801   -0.05290   -0.04770
   0.01575    0.01839    0.02343    0.05604    0.07069    0.26225    0.26333    0.26525
   0.27872    0.29963    0.33903    0.37970    0.42288    0.46658    0.47175    0.51645
   0.55121    0.57911    0.60069    0.62090    0.65651    0.72353    0.73451    0.80314
 kpt# 509, nband= 48, wtk=  1.00000, kpt=  0.3722 -0.2444  0.3083 (reduced coord)
  -2.85350   -2.66490   -1.70766   -1.70592   -1.70553   -1.52284   -1.52123   -1.52067
  -0.76224   -0.75774   -0.75460   -0.75327   -0.14299   -0.13425   -0.12568   -0.11959
  -0.10944   -0.10010   -0.08694   -0.08481   -0.07443   -0.05822   -0.05296   -0.04746
   0.01582    0.01864    0.02327    0.05645    0.07076    0.26247    0.26356    0.26471
   0.27753    0.29977    0.33511    0.37837    0.42339    0.46694    0.47513    0.51954
   0.55549    0.57954    0.60227    0.61686    0.65337    0.72155    0.73493    0.80267
 kpt# 510, nband= 48, wtk=  1.00000, kpt=  0.3667 -0.2333  0.3000 (reduced coord)
  -2.85350   -2.66490   -1.70766   -1.70590   -1.70553   -1.52285   -1.52120   -1.52067
  -0.76256   -0.75776   -0.75454   -0.75322   -0.14305   -0.13302   -0.12563   -0.11878
  -0.10902   -0.10128   -0.08709   -0.08427   -0.07556   -0.05839   -0.05298   -0.04719
   0.01589    0.01889    0.02310    0.05687    0.07081    0.26269    0.26380    0.26414
   0.27628    0.29992    0.33128    0.37705    0.42394    0.46730    0.47860    0.52253
   0.55963    0.57786    0.60588    0.61340    0.65031    0.71956    0.73549    0.80212
 kpt# 511, nband= 48, wtk=  1.00000, kpt=  0.3611 -0.2222  0.2917 (reduced coord)
  -2.85350   -2.66490   -1.70766   -1.70588   -1.70554   -1.52285   -1.52117   -1.52067
  -0.76290   -0.75777   -0.75447   -0.75317   -0.14315   -0.13183   -0.12554   -0.11793
  -0.10861   -0.10240   -0.08733   -0.08380   -0.07661   -0.05850   -0.05299   -0.04689
   0.01594    0.01915    0.02294    0.05731    0.07085    0.26292    0.26353    0.26406
   0.27496    0.30008    0.32756    0.37575    0.42451    0.46767    0.48214    0.52532
   0.56357    0.57528    0.60731    0.61364    0.64738    0.71761    0.73615    0.80162
 kpt# 512, nband= 48, wtk=  1.00000, kpt=  0.3556 -0.2111  0.2833 (reduced coord)
  -2.85351   -2.66490   -1.70767   -1.70586   -1.70554   -1.52286   -1.52114   -1.52068
  -0.76325   -0.75779   -0.75440   -0.75311   -0.14332   -0.13071   -0.12539   -0.11704
  -0.10823   -0.10340   -0.08767   -0.08341   -0.07755   -0.05856   -0.05297   -0.04656
   0.01598    0.01942    0.02277    0.05775    0.07086    0.26289    0.26318    0.26430
   0.27357    0.30023    0.32397    0.37448    0.42511    0.46804    0.48572    0.52784
   0.56716    0.57260    0.60464    0.61890    0.64464    0.71572    0.73690    0.80112
 kpt# 513, nband= 48, wtk=  1.00000, kpt=  0.3500 -0.2000  0.2750 (reduced coord)
  -2.85351   -2.66491   -1.70767   -1.70584   -1.70554   -1.52286   -1.52111   -1.52068
  -0.76360   -0.75780   -0.75433   -0.75305   -0.14355   -0.12969   -0.12518   -0.11613
  -0.10791   -0.10421   -0.08813   -0.08310   -0.07836   -0.05856   -0.05292   -0.04620
   0.01601    0.01969    0.02260    0.05822    0.07085    0.26225    0.26341    0.26455
   0.27210    0.30038    0.32055    0.37322    0.42571    0.46839    0.48933    0.52993
   0.56965    0.57088    0.60175    0.62513    0.64213    0.71391    0.73772    0.80058
 kpt# 514, nband= 48, wtk=  1.00000, kpt=  0.3444 -0.1889  0.2667 (reduced coord)
  -2.85351   -2.66491   -1.70767   -1.70582   -1.70554   -1.52287   -1.52108   -1.52068
  -0.76396   -0.75781   -0.75426   -0.75298   -0.14384   -0.12884   -0.12485   -0.11524
  -0.10771   -0.10471   -0.08870   -0.08288   -0.07902   -0.05853   -0.05283   -0.04581
   0.01602    0.01996    0.02243    0.05869    0.07081    0.26157    0.26366    0.26479
   0.27056    0.30052    0.31731    0.37199    0.42631    0.46872    0.49294    0.53146
   0.56824    0.57298    0.59934    0.63161    0.63999    0.71219    0.73860    0.79994
 kpt# 515, nband= 48, wtk=  1.00000, kpt=  0.3389 -0.1778  0.2583 (reduced coord)
  -2.85351   -2.66491   -1.70768   -1.70580   -1.70554   -1.52288   -1.52105   -1.52068
  -0.76433   -0.75782   -0.75419   -0.75291   -0.14419   -0.12819   -0.12440   -0.11443
  -0.10764   -0.10481   -0.08938   -0.08276   -0.07953   -0.05845   -0.05272   -0.04539
   0.01601    0.02023    0.02226    0.05918    0.07074    0.26085    0.26390    0.26503
   0.26893    0.30066    0.31430    0.37078    0.42690    0.46901    0.49654    0.53227
   0.56728    0.57448    0.59770    0.63711    0.63941    0.71056    0.73952    0.79920
 kpt# 516, nband= 48, wtk=  1.00000, kpt=  0.3333 -0.1667  0.2500 (reduced coord)
  -2.85351   -2.66491   -1.70768   -1.70578   -1.70554   -1.52288   -1.52102   -1.52068
  -0.76470   -0.75782   -0.75412   -0.75285   -0.14461   -0.12778   -0.12385   -0.11377
  -0.10755   -0.10455   -0.09016   -0.08271   -0.07991   -0.05834   -0.05257   -0.04495
   0.01598    0.02050    0.02209    0.05968    0.07065    0.26007    0.26415    0.26527
   0.26722    0.30077    0.31153    0.36960    0.42745    0.46922    0.50009    0.53235
   0.56718    0.57483    0.59702    0.63652    0.64550    0.70904    0.74047    0.79830
 kpt# 517, nband= 48, wtk=  1.00000, kpt=  0.1667  0.3333  0.2500 (reduced coord)
  -2.85351   -2.66491   -1.70768   -1.70578   -1.70554   -1.52288   -1.52102   -1.52068
  -0.76438   -0.75876   -0.75376   -0.75257   -0.14629   -0.13374   -0.11964   -0.11564
  -0.11190   -0.09935   -0.08439   -0.08072   -0.07937   -0.05916   -0.05305   -0.04369
   0.01688    0.02009    0.02439    0.05615    0.06476    0.25920    0.26384    0.26416
   0.27970    0.29571    0.30762    0.36918    0.42691    0.47679    0.49727    0.53095
   0.56810    0.57093    0.59353    0.64802    0.65397    0.71285    0.72179    0.80071
 kpt# 518, nband= 48, wtk=  1.00000, kpt=  0.1778  0.3389  0.2583 (reduced coord)
  -2.85351   -2.66491   -1.70768   -1.70580   -1.70554   -1.52288   -1.52105   -1.52068
  -0.76397   -0.75881   -0.75385   -0.75261   -0.14610   -0.13370   -0.12042   -0.11618
  -0.11234   -0.09935   -0.08375   -0.08095   -0.07855   -0.05931   -0.05329   -0.04407
   0.01690    0.02004    0.02443    0.05555    0.06474    0.25999    0.26361    0.26394
   0.28231    0.29605    0.30862    0.37074    0.42680    0.47639    0.49349    0.53035
   0.56674    0.57200    0.59487    0.64631    0.65058    0.71390    0.72060    0.80272
 kpt# 519, nband= 48, wtk=  1.00000, kpt=  0.1889  0.3444  0.2667 (reduced coord)
  -2.85351   -2.66491   -1.70767   -1.70582   -1.70554   -1.52287   -1.52108   -1.52068
  -0.76357   -0.75884   -0.75395   -0.75264   -0.14596   -0.13374   -0.12130   -0.11675
  -0.11263   -0.09923   -0.08320   -0.08124   -0.07762   -0.05942   -0.05350   -0.04444
   0.01690    0.01997    0.02446    0.05501    0.06474    0.26072    0.26338    0.26372
   0.28449    0.29658    0.30995    0.37238    0.42669    0.47583    0.48972    0.52906
   0.56465    0.57394    0.59675    0.63964    0.65267    0.71463    0.71993    0.80443
 kpt# 520, nband= 48, wtk=  1.00000, kpt=  0.2000  0.3500  0.2750 (reduced coord)
  -2.85351   -2.66491   -1.70767   -1.70584   -1.70554   -1.52286   -1.52111   -1.52068
  -0.76317   -0.75888   -0.75404   -0.75267   -0.14587   -0.13386   -0.12222   -0.11732
  -0.11280   -0.09900   -0.08274   -0.08157   -0.07661   -0.05948   -0.05370   -0.04479
   0.01687    0.01988    0.02448    0.05452    0.06476    0.26141    0.26316    0.26350
   0.28613    0.29730    0.31170    0.37409    0.42656    0.47506    0.48608    0.52715
   0.56199    0.57659    0.59905    0.63283    0.65540    0.71463    0.72020    0.80555
 kpt# 521, nband= 48, wtk=  1.00000, kpt=  0.2111  0.3556  0.2833 (reduced coord)
  -2.85351   -2.66490   -1.70767   -1.70586   -1.70554   -1.52286   -1.52114   -1.52068
  -0.76278   -0.75890   -0.75414   -0.75271   -0.14583   -0.13408   -0.12313   -0.11791
  -0.11288   -0.09868   -0.08237   -0.08195   -0.07555   -0.05950   -0.05386   -0.04513
   0.01682    0.01977    0.02451    0.05407    0.06481    0.26205    0.26296    0.26331
   0.28726    0.29810    0.31394    0.37587    0.42644    0.47397    0.48275    0.52477
   0.55887    0.57981    0.60156    0.62623    0.65850    0.71393    0.72137    0.80638
 kpt# 522, nband= 48, wtk=  1.00000, kpt=  0.2222  0.3611  0.2917 (reduced coord)
  -2.85350   -2.66490   -1.70766   -1.70588   -1.70554   -1.52285   -1.52117   -1.52068
  -0.76240   -0.75892   -0.75424   -0.75274   -0.14583   -0.13439   -0.12399   -0.11850
  -0.11290   -0.09828   -0.08245   -0.08199   -0.07445   -0.05946   -0.05399   -0.04545
   0.01674    0.01965    0.02453    0.05368    0.06487    0.26252    0.26283    0.26319
   0.28798    0.29887    0.31665    0.37772    0.42632    0.47230    0.48001    0.52203
   0.55539    0.58341    0.60392    0.62022    0.66189    0.71294    0.72306    0.80672
 kpt# 523, nband= 48, wtk=  1.00000, kpt=  0.2333  0.3667  0.3000 (reduced coord)
  -2.85350   -2.66490   -1.70766   -1.70590   -1.70553   -1.52285   -1.52120   -1.52067
  -0.76202   -0.75893   -0.75434   -0.75277   -0.14587   -0.13480   -0.12478   -0.11910
  -0.11287   -0.09782   -0.08292   -0.08174   -0.07333   -0.05937   -0.05407   -0.04576
   0.01664    0.01951    0.02456    0.05333    0.06496    0.26248    0.26278    0.26348
   0.28841    0.29954    0.31978    0.37965    0.42621    0.46986    0.47810    0.51907
   0.55163    0.58716    0.60490    0.61611    0.66549    0.71186    0.72506    0.80677
 kpt# 524, nband= 48, wtk=  1.00000, kpt=  0.2444  0.3722  0.3083 (reduced coord)
  -2.85350   -2.66490   -1.70766   -1.70592   -1.70553   -1.52284   -1.52123   -1.52067
  -0.76166   -0.75894   -0.75444   -0.75280   -0.14595   -0.13530   -0.12549   -0.11970
  -0.11281   -0.09733   -0.08346   -0.08152   -0.07221   -0.05922   -0.05411   -0.04605
   0.01652    0.01935    0.02458    0.05302    0.06507    0.26231    0.26261    0.26402
   0.28866    0.30007    0.32324    0.38164    0.42612    0.46683    0.47686    0.51595
   0.54766    0.59043    0.60279    0.61612    0.66926    0.71080    0.72727    0.80702
 kpt# 525, nband= 48, wtk=  1.00000, kpt=  0.2556  0.3778  0.3167 (reduced coord)
  -2.85350   -2.66490   -1.70765   -1.70594   -1.70553   -1.52284   -1.52125   -1.52067
  -0.76130   -0.75894   -0.75454   -0.75283   -0.14606   -0.13588   -0.12610   -0.12030
  -0.11272   -0.09682   -0.08403   -0.08134   -0.07108   -0.05901   -0.05410   -0.04632
   0.01638    0.01918    0.02461    0.05275    0.06520    0.26214    0.26242    0.26457
   0.28878    0.30049    0.32694    0.38370    0.42603    0.46351    0.47601    0.51275
   0.54353    0.59080    0.60133    0.61882    0.67313    0.70980    0.72967    0.80602
 kpt# 526, nband= 48, wtk=  1.00000, kpt=  0.2667  0.3833  0.3250 (reduced coord)
  -2.85350   -2.66490   -1.70765   -1.70596   -1.70553   -1.52283   -1.52128   -1.52067
  -0.76096   -0.75894   -0.75463   -0.75286   -0.14621   -0.13651   -0.12660   -0.12091
  -0.11262   -0.09632   -0.08465   -0.08120   -0.06996   -0.05875   -0.05404   -0.04658
   0.01624    0.01899    0.02464    0.05252    0.06535    0.26197    0.26223    0.26510
   0.28883    0.30081    0.33081    0.38582    0.42595    0.46011    0.47536    0.50952
   0.53929    0.58657    0.60393    0.62241    0.67704    0.70890    0.73224    0.80505
 kpt# 527, nband= 48, wtk=  1.00000, kpt=  0.2778  0.3889  0.3333 (reduced coord)
  -2.85350   -2.66490   -1.70765   -1.70598   -1.70553   -1.52283   -1.52131   -1.52067
  -0.76064   -0.75893   -0.75472   -0.75289   -0.14640   -0.13717   -0.12701   -0.12152
  -0.11251   -0.09584   -0.08529   -0.08108   -0.06885   -0.05843   -0.05393   -0.04682
   0.01608    0.01878    0.02467    0.05232    0.06552    0.26181    0.26205    0.26562
   0.28883    0.30105    0.33480    0.38802    0.42590    0.45674    0.47483    0.50630
   0.53497    0.58069    0.60810    0.62641    0.68093    0.70816    0.73497    0.80386
 kpt# 528, nband= 48, wtk=  1.00000, kpt=  0.2889  0.3944  0.3417 (reduced coord)
  -2.85350   -2.66490   -1.70764   -1.70600   -1.70553   -1.52282   -1.52133   -1.52067
  -0.76034   -0.75890   -0.75481   -0.75291   -0.14662   -0.13785   -0.12733   -0.12212
  -0.11241   -0.09540   -0.08595   -0.08100   -0.06777   -0.05807   -0.05376   -0.04704
   0.01591    0.01856    0.02471    0.05215    0.06571    0.26165    0.26187    0.26611
   0.28880    0.30122    0.33886    0.39028    0.42585    0.45346    0.47437    0.50311
   0.53061    0.57441    0.61269    0.63063    0.68470    0.70763    0.73784    0.80241
 kpt# 529, nband= 48, wtk=  1.00000, kpt=  0.3000  0.4000  0.3500 (reduced coord)
  -2.85350   -2.66489   -1.70764   -1.70601   -1.70553   -1.52282   -1.52136   -1.52066
  -0.76006   -0.75886   -0.75490   -0.75294   -0.14687   -0.13853   -0.12755   -0.12272
  -0.11232   -0.09502   -0.08659   -0.08095   -0.06670   -0.05767   -0.05354   -0.04725
   0.01574    0.01834    0.02476    0.05200    0.06592    0.26151    0.26170    0.26658
   0.28875    0.30135    0.34295    0.39261    0.42582    0.45030    0.47396    0.49998
   0.52623    0.56804    0.61743    0.63503    0.68822    0.70743    0.74087    0.80070
 kpt# 530, nband= 48, wtk=  1.00000, kpt=  0.3111  0.4056  0.3583 (reduced coord)
  -2.85350   -2.66489   -1.70764   -1.70603   -1.70553   -1.52281   -1.52138   -1.52066
  -0.75982   -0.75881   -0.75498   -0.75296   -0.14714   -0.13919   -0.12770   -0.12332
  -0.11225   -0.09473   -0.08721   -0.08091   -0.06567   -0.05724   -0.05326   -0.04744
   0.01557    0.01810    0.02481    0.05188    0.06614    0.26136    0.26153    0.26703
   0.28868    0.30145    0.34704    0.39501    0.42581    0.44729    0.47358    0.49693
   0.52186    0.56168    0.62222    0.63954    0.69129    0.70773    0.74402    0.79862
 kpt# 531, nband= 48, wtk=  1.00000, kpt=  0.3222  0.4111  0.3667 (reduced coord)
  -2.85350   -2.66489   -1.70764   -1.70605   -1.70553   -1.52281   -1.52140   -1.52066
  -0.75961   -0.75873   -0.75505   -0.75298   -0.14744   -0.13982   -0.12776   -0.12390
  -0.11221   -0.09455   -0.08776   -0.08090   -0.06468   -0.05677   -0.05294   -0.04761
   0.01540    0.01785    0.02486    0.05177    0.06637    0.26123    0.26137    0.26746
   0.28860    0.30150    0.35111    0.39748    0.42580    0.44448    0.47322    0.49397
   0.51752    0.55536    0.62702    0.64414    0.69368    0.70877    0.74729    0.79641
 kpt# 532, nband= 48, wtk=  1.00000, kpt=  0.3333  0.4167  0.3750 (reduced coord)
  -2.85350   -2.66489   -1.70763   -1.70606   -1.70552   -1.52280   -1.52143   -1.52066
  -0.75946   -0.75862   -0.75512   -0.75300   -0.14776   -0.14042   -0.12776   -0.12447
  -0.11221   -0.09451   -0.08822   -0.08089   -0.06373   -0.05628   -0.05258   -0.04778
   0.01523    0.01760    0.02492    0.05167    0.06662    0.26110    0.26122    0.26787
   0.28851    0.30154    0.35514    0.40001    0.42581    0.44187    0.47288    0.49112
   0.51322    0.54911    0.63178    0.64880    0.69524    0.71068    0.75066    0.79365
 kpt# 533, nband= 48, wtk=  1.00000, kpt=  0.3444  0.4222  0.3833 (reduced coord)
  -2.85349   -2.66489   -1.70763   -1.70608   -1.70552   -1.52280   -1.52145   -1.52066
  -0.75934   -0.75848   -0.75518   -0.75302   -0.14808   -0.14099   -0.12768   -0.12502
  -0.11225   -0.09462   -0.08856   -0.08090   -0.06282   -0.05578   -0.05218   -0.04792
   0.01507    0.01735    0.02498    0.05159    0.06687    0.26098    0.26108    0.26825
   0.28842    0.30156    0.35909    0.40261    0.42582    0.43949    0.47253    0.48840
   0.50899    0.54295    0.63650    0.65348    0.69607    0.71333    0.75412    0.79095
 kpt# 534, nband= 48, wtk=  1.00000, kpt=  0.3556  0.4278  0.3917 (reduced coord)
  -2.85349   -2.66489   -1.70763   -1.70609   -1.70552   -1.52280   -1.52147   -1.52066
  -0.75926   -0.75833   -0.75523   -0.75303   -0.14842   -0.14151   -0.12754   -0.12555
  -0.11233   -0.09488   -0.08877   -0.08092   -0.06197   -0.05527   -0.05175   -0.04806
   0.01491    0.01709    0.02505    0.05151    0.06712    0.26086    0.26095    0.26861
   0.28833    0.30156    0.36293    0.40526    0.42583    0.43738    0.47215    0.48584
   0.50484    0.53690    0.64115    0.65814    0.69644    0.71645    0.75763    0.78786
 kpt# 535, nband= 48, wtk=  1.00000, kpt=  0.3667  0.4333  0.4000 (reduced coord)
  -2.85349   -2.66489   -1.70763   -1.70610   -1.70552   -1.52279   -1.52149   -1.52066
  -0.75920   -0.75818   -0.75527   -0.75305   -0.14875   -0.14199   -0.12734   -0.12605
  -0.11248   -0.09526   -0.08888   -0.08094   -0.06118   -0.05476   -0.05129   -0.04818
   0.01476    0.01684    0.02512    0.05145    0.06738    0.26075    0.26082    0.26895
   0.28824    0.30155    0.36664    0.40797    0.42586    0.43556    0.47173    0.48344
   0.50081    0.53097    0.64570    0.66274    0.69658    0.71981    0.76115    0.78457
 kpt# 536, nband= 48, wtk=  1.00000, kpt=  0.3778  0.4389  0.4083 (reduced coord)
  -2.85349   -2.66489   -1.70762   -1.70611   -1.70552   -1.52279   -1.52150   -1.52066
  -0.75916   -0.75803   -0.75530   -0.75306   -0.14907   -0.14243   -0.12708   -0.12652
  -0.11268   -0.09572   -0.08890   -0.08097   -0.06045   -0.05426   -0.05082   -0.04829
   0.01463    0.01660    0.02519    0.05139    0.06763    0.26064    0.26071    0.26926
   0.28816    0.30153    0.37017    0.41072    0.42589    0.43405    0.47121    0.48126
   0.49691    0.52516    0.65013    0.66725    0.69665    0.72325    0.76463    0.78124
 kpt# 537, nband= 48, wtk=  1.00000, kpt=  0.3889  0.4444  0.4167 (reduced coord)
  -2.85349   -2.66489   -1.70762   -1.70613   -1.70552   -1.52279   -1.52152   -1.52065
  -0.75913   -0.75789   -0.75533   -0.75307   -0.14939   -0.14282   -0.12699   -0.12674
  -0.11294   -0.09621   -0.08887   -0.08100   -0.05980   -0.05376   -0.05035   -0.04840
   0.01450    0.01636    0.02526    0.05133    0.06787    0.26053    0.26062    0.26955
   0.28807    0.30151    0.37349    0.41349    0.42597    0.43286    0.47056    0.47933
   0.49319    0.51951    0.65439    0.67163    0.69674    0.72667    0.76786    0.77807
 kpt# 538, nband= 48, wtk=  1.00000, kpt=  0.4000  0.4500  0.4250 (reduced coord)
  -2.85349   -2.66489   -1.70762   -1.70614   -1.70552   -1.52278   -1.52153   -1.52065
  -0.75910   -0.75778   -0.75534   -0.75308   -0.14968   -0.14318   -0.12739   -0.12640
  -0.11326   -0.09671   -0.08880   -0.08103   -0.05920   -0.05328   -0.04988   -0.04849
   0.01438    0.01614    0.02533    0.05128    0.06810    0.26043    0.26053    0.26981
   0.28799    0.30148    0.37656    0.41625    0.42615    0.43198    0.46970    0.47771
   0.48967    0.51402    0.65844    0.67583    0.69693    0.72999    0.76990    0.77596
 kpt# 539, nband= 48, wtk=  1.00000, kpt=  0.4111  0.4556  0.4333 (reduced coord)
  -2.85349   -2.66489   -1.70762   -1.70614   -1.70552   -1.52278   -1.52155   -1.52065
  -0.75908   -0.75767   -0.75535   -0.75309   -0.14995   -0.14349   -0.12777   -0.12600
  -0.11364   -0.09718   -0.08872   -0.08106   -0.05868   -0.05282   -0.04943   -0.04858
   0.01427    0.01593    0.02539    0.05124    0.06832    0.26034    0.26045    0.27005
   0.28791    0.30145    0.37932    0.41893    0.42649    0.43141    0.46859    0.47643
   0.48640    0.50872    0.66222    0.67980    0.69729    0.73316    0.76855    0.77716
 kpt# 540, nband= 48, wtk=  1.00000, kpt=  0.4222  0.4611  0.4417 (reduced coord)
  -2.85349   -2.66489   -1.70762   -1.70615   -1.70552   -1.52278   -1.52156   -1.52065
  -0.75906   -0.75759   -0.75534   -0.75310   -0.15020   -0.14377   -0.12810   -0.12556
  -0.11407   -0.09762   -0.08864   -0.08108   -0.05823   -0.05239   -0.04901   -0.04866
   0.01418    0.01573    0.02545    0.05120    0.06853    0.26026    0.26038    0.27026
   0.28784    0.30142    0.38176    0.42143    0.42711    0.43111    0.46725    0.47546
   0.48344    0.50366    0.66566    0.68348    0.69785    0.73612    0.76544    0.77999
 kpt# 541, nband= 48, wtk=  1.00000, kpt=  0.4333  0.4667  0.4500 (reduced coord)
  -2.85349   -2.66489   -1.70762   -1.70616   -1.70552   -1.52278   -1.52157   -1.52065
  -0.75904   -0.75752   -0.75534   -0.75310   -0.15042   -0.14400   -0.12840   -0.12511
  -0.11454   -0.09800   -0.08857   -0.08111   -0.05785   -0.05198   -0.04881   -0.04856
   0.01409    0.01556    0.02551    0.05116    0.06871    0.26019    0.26032    0.27044
   0.28778    0.30140    0.38383    0.42359    0.42804    0.43114    0.46575    0.47471
   0.48085    0.49887    0.66869    0.68683    0.69866    0.73884    0.76207    0.78311
 kpt# 542, nband= 48, wtk=  1.00000, kpt=  0.4444  0.4722  0.4583 (reduced coord)
  -2.85349   -2.66488   -1.70762   -1.70617   -1.70552   -1.52278   -1.52158   -1.52065
  -0.75903   -0.75747   -0.75532   -0.75311   -0.15061   -0.14420   -0.12865   -0.12464
  -0.11503   -0.09832   -0.08850   -0.08113   -0.05753   -0.05161   -0.04888   -0.04823
   0.01402    0.01541    0.02556    0.05113    0.06886    0.26012    0.26027    0.27059
   0.28772    0.30137    0.38552    0.42533    0.42901    0.43175    0.46421    0.47408
   0.47869    0.49443    0.67125    0.68980    0.69970    0.74126    0.75877    0.78597
 kpt# 543, nband= 48, wtk=  1.00000, kpt=  0.4556  0.4778  0.4667 (reduced coord)
  -2.85349   -2.66488   -1.70762   -1.70617   -1.70552   -1.52277   -1.52158   -1.52065
  -0.75902   -0.75743   -0.75531   -0.75311   -0.15077   -0.14437   -0.12886   -0.12419
  -0.11551   -0.09859   -0.08844   -0.08115   -0.05727   -0.05128   -0.04898   -0.04793
   0.01397    0.01528    0.02560    0.05111    0.06900    0.26007    0.26022    0.27072
   0.28768    0.30135    0.38685    0.42676    0.42953    0.43312    0.46274    0.47346
   0.47702    0.49045    0.67329    0.69233    0.70091    0.74332    0.75572    0.78863
 kpt# 544, nband= 48, wtk=  1.00000, kpt=  0.4667  0.4833  0.4750 (reduced coord)
  -2.85349   -2.66488   -1.70761   -1.70617   -1.70552   -1.52277   -1.52159   -1.52065
  -0.75901   -0.75740   -0.75530   -0.75311   -0.15089   -0.14449   -0.12903   -0.12377
  -0.11596   -0.09879   -0.08839   -0.08117   -0.05707   -0.05100   -0.04907   -0.04769
   0.01392    0.01518    0.02564    0.05109    0.06910    0.26003    0.26019    0.27082
   0.28764    0.30133    0.38784    0.42798    0.42975    0.43474    0.46149    0.47280
   0.47585    0.48707    0.67481    0.69437    0.70217    0.74499    0.75305    0.79103
 kpt# 545, nband= 48, wtk=  1.00000, kpt=  0.4778  0.4889  0.4833 (reduced coord)
  -2.85349   -2.66488   -1.70761   -1.70618   -1.70552   -1.52277   -1.52159   -1.52065
  -0.75901   -0.75737   -0.75529   -0.75312   -0.15098   -0.14458   -0.12914   -0.12342
  -0.11633   -0.09894   -0.08836   -0.08118   -0.05694   -0.05077   -0.04916   -0.04752
   0.01389    0.01511    0.02566    0.05107    0.06918    0.26000    0.26017    0.27089
   0.28761    0.30132    0.38851    0.42895    0.42990    0.43613    0.46058    0.47214
   0.47512    0.48447    0.67586    0.69588    0.70329    0.74622    0.75096    0.79267
 kpt# 546, nband= 48, wtk=  1.00000, kpt=  0.4889  0.4944  0.4917 (reduced coord)
  -2.85349   -2.66488   -1.70761   -1.70618   -1.70552   -1.52277   -1.52160   -1.52065
  -0.75900   -0.75736   -0.75528   -0.75312   -0.15103   -0.14464   -0.12922   -0.12319
  -0.11658   -0.09902   -0.08834   -0.08118   -0.05685   -0.05062   -0.04923   -0.04741
   0.01387    0.01506    0.02567    0.05106    0.06923    0.25999    0.26015    0.27094
   0.28760    0.30131    0.38890    0.42949    0.43011    0.43702    0.46005    0.47164
   0.47471    0.48284    0.67646    0.69680    0.70408    0.74698    0.74961    0.79383
 kpt# 547, nband= 48, wtk=  1.00000, kpt=  0.5000  0.5000  0.5000 (reduced coord)
  -2.85349   -2.66488   -1.70761   -1.70618   -1.70552   -1.52277   -1.52160   -1.52065
  -0.75900   -0.75736   -0.75528   -0.75312   -0.15105   -0.14465   -0.12924   -0.12311
  -0.11667   -0.09905   -0.08833   -0.08119   -0.05682   -0.05057   -0.04925   -0.04737
   0.01386    0.01505    0.02568    0.05106    0.06924    0.25998    0.26015    0.27095
   0.28759    0.30131    0.38903    0.42961    0.43026    0.43732    0.45989    0.47145
   0.47457    0.48229    0.67666    0.69712    0.70436    0.74723    0.74914    0.79469
 kpt# 548, nband= 48, wtk=  1.00000, kpt=  0.4833  0.4833  0.5000 (reduced coord)
  -2.85349   -2.66488   -1.70761   -1.70618   -1.70552   -1.52277   -1.52160   -1.52065
  -0.75899   -0.75736   -0.75529   -0.75311   -0.15102   -0.14458   -0.12920   -0.12335
  -0.11638   -0.09912   -0.08835   -0.08119   -0.05688   -0.05076   -0.04912   -0.04742
   0.01386    0.01506    0.02569    0.05102    0.06922    0.25998    0.26014    0.27094
   0.28761    0.30140    0.38882    0.42978    0.42988    0.43741    0.45917    0.47150
   0.47575    0.48284    0.67658    0.69632    0.70326    0.74627    0.75033    0.79304
 kpt# 549, nband= 48, wtk=  1.00000, kpt=  0.4667  0.4667  0.5000 (reduced coord)
  -2.85349   -2.66488   -1.70761   -1.70618   -1.70552   -1.52277   -1.52160   -1.52065
  -0.75896   -0.75737   -0.75533   -0.75311   -0.15095   -0.14435   -0.12907   -0.12395
  -0.11559   -0.09931   -0.08841   -0.08120   -0.05703   -0.05119   -0.04886   -0.04756
   0.01387    0.01509    0.02571    0.05092    0.06916    0.25997    0.26012    0.27091
   0.28766    0.30166    0.38821    0.42875    0.43029    0.43771    0.45752    0.47165
   0.47878    0.48445    0.67635    0.69399    0.70024    0.74355    0.75359    0.78967
 kpt# 550, nband= 48, wtk=  1.00000, kpt=  0.4500  0.4500  0.5000 (reduced coord)
  -2.85349   -2.66488   -1.70761   -1.70618   -1.70552   -1.52277   -1.52160   -1.52065
  -0.75891   -0.75739   -0.75538   -0.75309   -0.15082   -0.14398   -0.12885   -0.12476
  -0.11450   -0.09964   -0.08851   -0.08122   -0.05727   -0.05173   -0.04860   -0.04780
   0.01387    0.01515    0.02575    0.05074    0.06905    0.25995    0.26009    0.27085
   0.28775    0.30209    0.38722    0.42696    0.43113    0.43830    0.45564    0.47191
   0.48292    0.48698    0.67590    0.69031    0.69593    0.73952    0.75830    0.78505
 kpt# 551, nband= 48, wtk=  1.00000, kpt=  0.4333  0.4333  0.5000 (reduced coord)
  -2.85349   -2.66488   -1.70761   -1.70618   -1.70552   -1.52277   -1.52160   -1.52065
  -0.75884   -0.75741   -0.75545   -0.75308   -0.15065   -0.14346   -0.12856   -0.12565
  -0.11323   -0.10010   -0.08865   -0.08125   -0.05761   -0.05233   -0.04839   -0.04814
   0.01387    0.01523    0.02580    0.05051    0.06890    0.25993    0.26004    0.27077
   0.28787    0.30265    0.38588    0.42464    0.43231    0.43919    0.45388    0.47227
   0.48779    0.49027    0.67515    0.68549    0.69084    0.73470    0.76391    0.77964
 kpt# 552, nband= 48, wtk=  1.00000, kpt=  0.4167  0.4167  0.5000 (reduced coord)
  -2.85349   -2.66488   -1.70761   -1.70618   -1.70552   -1.52277   -1.52160   -1.52065
  -0.75876   -0.75743   -0.75555   -0.75305   -0.15041   -0.14281   -0.12818   -0.12655
  -0.11184   -0.10069   -0.08883   -0.08128   -0.05805   -0.05297   -0.04857   -0.04826
   0.01387    0.01533    0.02587    0.05022    0.06871    0.25990    0.25999    0.27067
   0.28801    0.30332    0.38425    0.42194    0.43381    0.44039    0.45238    0.47273
   0.49317    0.49416    0.67400    0.67976    0.68533    0.72959    0.77005    0.77375
 kpt# 553, nband= 48, wtk=  1.00000, kpt=  0.4000  0.4000  0.5000 (reduced coord)
  -2.85349   -2.66488   -1.70761   -1.70618   -1.70552   -1.52277   -1.52160   -1.52065
  -0.75866   -0.75746   -0.75565   -0.75303   -0.15012   -0.14202   -0.12772   -0.12745
  -0.11038   -0.10139   -0.08904   -0.08132   -0.05857   -0.05363   -0.04908   -0.04822
   0.01387    0.01545    0.02597    0.04991    0.06849    0.25987    0.25993    0.27055
   0.28819    0.30408    0.38239    0.41902    0.43564    0.44190    0.45120    0.47329
   0.49852    0.49899    0.67229    0.67334    0.67959    0.72465    0.76757    0.77675
 kpt# 554, nband= 48, wtk=  1.00000, kpt=  0.3833  0.3833  0.5000 (reduced coord)
  -2.85349   -2.66488   -1.70761   -1.70618   -1.70552   -1.52277   -1.52160   -1.52065
  -0.75855   -0.75750   -0.75577   -0.75299   -0.14977   -0.14110   -0.12831   -0.12717
  -0.10888   -0.10220   -0.08929   -0.08137   -0.05916   -0.05431   -0.04967   -0.04828
   0.01387    0.01558    0.02609    0.04958    0.06823    0.25984    0.25986    0.27041
   0.28838    0.30488    0.38035    0.41597    0.43779    0.44372    0.45033    0.47396
   0.50327    0.50516    0.66639    0.66985    0.67374    0.72023    0.76115    0.78316
 kpt# 555, nband= 48, wtk=  1.00000, kpt=  0.3667  0.3667  0.5000 (reduced coord)
  -2.85349   -2.66488   -1.70761   -1.70618   -1.70552   -1.52277   -1.52160   -1.52065
  -0.75843   -0.75754   -0.75590   -0.75296   -0.14935   -0.14006   -0.12914   -0.12655
  -0.10735   -0.10313   -0.08957   -0.08142   -0.05982   -0.05500   -0.05034   -0.04843
   0.01387    0.01574    0.02623    0.04925    0.06794    0.25980    0.25981    0.27024
   0.28860    0.30567    0.37818    0.41287    0.44024    0.44586    0.44976    0.47474
   0.50831    0.51162    0.65905    0.66656    0.66786    0.71659    0.75462    0.79033
 kpt# 556, nband= 48, wtk=  1.00000, kpt=  0.3500  0.3500  0.5000 (reduced coord)
  -2.85349   -2.66488   -1.70761   -1.70618   -1.70552   -1.52277   -1.52160   -1.52065
  -0.75831   -0.75758   -0.75603   -0.75292   -0.14887   -0.13892   -0.12992   -0.12585
  -0.10582   -0.10414   -0.08989   -0.08147   -0.06056   -0.05569   -0.05107   -0.04870
   0.01386    0.01590    0.02640    0.04893    0.06763    0.25973    0.25977    0.27006
   0.28883    0.30642    0.37594    0.40979    0.44299    0.44830    0.44947    0.47562
   0.51360    0.51835    0.65144    0.66199    0.66239    0.71388    0.74801    0.79464
 kpt# 557, nband= 48, wtk=  1.00000, kpt=  0.3333  0.3333  0.5000 (reduced coord)
  -2.85349   -2.66488   -1.70761   -1.70618   -1.70552   -1.52277   -1.52160   -1.52065
  -0.75820   -0.75763   -0.75615   -0.75288   -0.14832   -0.13768   -0.13067   -0.12508
  -0.10525   -0.10431   -0.09025   -0.08153   -0.06134   -0.05637   -0.05185   -0.04907
   0.01386    0.01609    0.02659    0.04863    0.06729    0.25967    0.25973    0.26985
   0.28907    0.30708    0.37366    0.40678    0.44603    0.44945    0.45104    0.47661
   0.51910    0.52530    0.64363    0.65616    0.65742    0.71206    0.74138    0.79175
 kpt# 558, nband= 48, wtk=  1.00000, kpt=  0.3167  0.3167  0.5000 (reduced coord)
  -2.85349   -2.66488   -1.70761   -1.70618   -1.70552   -1.52277   -1.52160   -1.52065
  -0.75811   -0.75768   -0.75625   -0.75283   -0.14771   -0.13635   -0.13136   -0.12424
  -0.10643   -0.10284   -0.09063   -0.08159   -0.06217   -0.05705   -0.05266   -0.04956
   0.01385    0.01628    0.02681    0.04839    0.06693    0.25962    0.25970    0.26963
   0.28932    0.30761    0.37139    0.40388    0.44935    0.44968    0.45409    0.47770
   0.52475    0.53243    0.63571    0.65038    0.65181    0.71102    0.73476    0.78645
 kpt# 559, nband= 48, wtk=  1.00000, kpt=  0.3000  0.3000  0.5000 (reduced coord)
  -2.85349   -2.66488   -1.70761   -1.70618   -1.70552   -1.52277   -1.52160   -1.52065
  -0.75806   -0.75774   -0.75631   -0.75278   -0.14702   -0.13494   -0.13202   -0.12334
  -0.10767   -0.10144   -0.09105   -0.08165   -0.06304   -0.05771   -0.05350   -0.05015
   0.01384    0.01648    0.02706    0.04819    0.06656    0.25958    0.25966    0.26939
   0.28957    0.30799    0.36916    0.40113    0.45016    0.45293    0.45744    0.47890
   0.53053    0.53971    0.62773    0.64466    0.64574    0.71061    0.72819    0.78266
 kpt# 560, nband= 48, wtk=  1.00000, kpt=  0.2833  0.2833  0.5000 (reduced coord)
  -2.85349   -2.66488   -1.70761   -1.70618   -1.70552   -1.52277   -1.52160   -1.52065
  -0.75806   -0.75779   -0.75632   -0.75274   -0.14627   -0.13348   -0.13262   -0.12237
  -0.10896   -0.10013   -0.09149   -0.08171   -0.06393   -0.05836   -0.05435   -0.05084
   0.01382    0.01669    0.02733    0.04806    0.06617    0.25955    0.25963    0.26913
   0.28982    0.30817    0.36698    0.39854    0.45086    0.45676    0.46107    0.48022
   0.53640    0.54709    0.61977    0.63901    0.63939    0.71067    0.72168    0.77882
 kpt# 561, nband= 48, wtk=  1.00000, kpt=  0.2667  0.2667  0.5000 (reduced coord)
  -2.85349   -2.66488   -1.70761   -1.70618   -1.70552   -1.52277   -1.52160   -1.52065
  -0.75811   -0.75785   -0.75627   -0.75269   -0.14545   -0.13318   -0.13196   -0.12135
  -0.11028   -0.09893   -0.09196   -0.08177   -0.06484   -0.05898   -0.05517   -0.05164
   0.01380    0.01691    0.02762    0.04799    0.06578    0.25953    0.25960    0.26886
   0.29007    0.30815    0.36488    0.39614    0.45179    0.46082    0.46496    0.48164
   0.54233    0.55451    0.61189    0.63287    0.63342    0.71107    0.71528    0.77495
 kpt# 562, nband= 48, wtk=  1.00000, kpt=  0.2500  0.2500  0.5000 (reduced coord)
  -2.85349   -2.66488   -1.70761   -1.70618   -1.70552   -1.52277   -1.52160   -1.52065
  -0.75822   -0.75791   -0.75618   -0.75264   -0.14457   -0.13369   -0.13041   -0.12028
  -0.11162   -0.09789   -0.09245   -0.08183   -0.06575   -0.05958   -0.05594   -0.05253
   0.01378    0.01712    0.02793    0.04800    0.06539    0.25953    0.25958    0.26858
   0.29032    0.30792    0.36288    0.39394    0.45294    0.46509    0.46910    0.48317
   0.54826    0.56184    0.60423    0.62631    0.62790    0.70900    0.71173    0.77115
 kpt# 563, nband= 48, wtk=  1.00000, kpt=  0.2333  0.2333  0.5000 (reduced coord)
  -2.85349   -2.66488   -1.70761   -1.70618   -1.70552   -1.52277   -1.52160   -1.52065
  -0.75836   -0.75796   -0.75604   -0.75259   -0.14364   -0.13414   -0.12883   -0.11916
  -0.11297   -0.09701   -0.09297   -0.08189   -0.06666   -0.06016   -0.05665   -0.05350
   0.01376    0.01734    0.02826    0.04808    0.06499    0.25954    0.25956    0.26828
   0.29055    0.30747    0.36098    0.39196    0.45432    0.46957    0.47345    0.48481
   0.55417    0.56877    0.59710    0.61977    0.62244    0.70286    0.71255    0.76737
 kpt# 564, nband= 48, wtk=  1.00000, kpt=  0.2167  0.2167  0.5000 (reduced coord)
  -2.85349   -2.66488   -1.70761   -1.70618   -1.70552   -1.52277   -1.52160   -1.52065
  -0.75852   -0.75802   -0.75588   -0.75254   -0.14267   -0.13453   -0.12725   -0.11801
  -0.11429   -0.09634   -0.09351   -0.08194   -0.06756   -0.06070   -0.05727   -0.05455
   0.01373    0.01755    0.02860    0.04823    0.06460    0.25954    0.25957    0.26798
   0.29078    0.30682    0.35920    0.39019    0.45592    0.47422    0.47798    0.48655
   0.55999    0.57410    0.59169    0.61333    0.61703    0.69690    0.71348    0.76361
 kpt# 565, nband= 48, wtk=  1.00000, kpt=  0.2000  0.2000  0.5000 (reduced coord)
  -2.85349   -2.66488   -1.70761   -1.70618   -1.70552   -1.52277   -1.52160   -1.52065
  -0.75870   -0.75807   -0.75571   -0.75249   -0.14169   -0.13483   -0.12568   -0.11684
  -0.11560   -0.09589   -0.09407   -0.08199   -0.06843   -0.06121   -0.05778   -0.05565
   0.01370    0.01776    0.02894    0.04845    0.06422    0.25953    0.25961    0.26766
   0.29099    0.30600    0.35753    0.38864    0.45775    0.47903    0.48266    0.48839
   0.56568    0.57408    0.59174    0.60702    0.61167    0.69116    0.71448    0.75986
 kpt# 566, nband= 48, wtk=  1.00000, kpt=  0.1833  0.1833  0.5000 (reduced coord)
  -2.85349   -2.66488   -1.70761   -1.70618   -1.70552   -1.52277   -1.52160   -1.52065
  -0.75888   -0.75813   -0.75553   -0.75244   -0.14074   -0.13502   -0.12413   -0.11684
  -0.11565   -0.09566   -0.09465   -0.08203   -0.06928   -0.06169   -0.05816   -0.05680
   0.01367    0.01796    0.02928    0.04873    0.06385    0.25952    0.25967    0.26734
   0.29119    0.30503    0.35599    0.38728    0.45982    0.48398    0.48743    0.49032
   0.56886    0.57116    0.59709    0.60089    0.60635    0.68565    0.71550    0.75614
 kpt# 567, nband= 48, wtk=  1.00000, kpt=  0.1667  0.1667  0.5000 (reduced coord)
  -2.85349   -2.66488   -1.70761   -1.70618   -1.70552   -1.52277   -1.52160   -1.52065
  -0.75906   -0.75818   -0.75535   -0.75239   -0.13988   -0.13503   -0.12265   -0.11801
  -0.11446   -0.09567   -0.09524   -0.08207   -0.07009   -0.06214   -0.05842   -0.05798
   0.01363    0.01815    0.02962    0.04905    0.06350    0.25951    0.25974    0.26702
   0.29138    0.30396    0.35457    0.38612    0.46213    0.48905    0.49225    0.49234
   0.56220    0.57637    0.59497    0.60107    0.60396    0.68044    0.71652    0.75237
 kpt# 568, nband= 48, wtk=  1.00000, kpt=  0.1500  0.1500  0.5000 (reduced coord)
  -2.85349   -2.66488   -1.70761   -1.70618   -1.70552   -1.52277   -1.52160   -1.52065
  -0.75924   -0.75823   -0.75518   -0.75235   -0.13921   -0.13480   -0.12133   -0.11898
  -0.11328   -0.09589   -0.09585   -0.08209   -0.07085   -0.06254   -0.05915   -0.05854
   0.01360    0.01834    0.02994    0.04941    0.06316    0.25951    0.25981    0.26670
   0.29155    0.30282    0.35329    0.38513    0.46469    0.49421    0.49443    0.49706
   0.55525    0.58121    0.58931    0.59582    0.61116    0.67558    0.71750    0.74863
 kpt# 569, nband= 48, wtk=  1.00000, kpt=  0.1333  0.1333  0.5000 (reduced coord)
  -2.85349   -2.66488   -1.70761   -1.70618   -1.70552   -1.52277   -1.52160   -1.52065
  -0.75940   -0.75827   -0.75502   -0.75231   -0.13879   -0.13427   -0.12088   -0.11906
  -0.11214   -0.09646   -0.09630   -0.08212   -0.07155   -0.06291   -0.06032   -0.05856
   0.01356    0.01850    0.03025    0.04979    0.06285    0.25951    0.25989    0.26638
   0.29170    0.30167    0.35214    0.38429    0.46750    0.49657    0.49943    0.50179
   0.54832    0.58394    0.58560    0.59061    0.61835    0.67114    0.71843    0.74487
 kpt# 570, nband= 48, wtk=  1.00000, kpt=  0.1167  0.1167  0.5000 (reduced coord)
  -2.85349   -2.66488   -1.70761   -1.70618   -1.70552   -1.52277   -1.52160   -1.52065
  -0.75955   -0.75831   -0.75487   -0.75228   -0.13860   -0.13349   -0.12155   -0.11801
  -0.11104   -0.09708   -0.09687   -0.08213   -0.07220   -0.06324   -0.06144   -0.05849
   0.01352    0.01865    0.03053    0.05017    0.06257    0.25951    0.25997    0.26607
   0.29184    0.30053    0.35111    0.38360    0.47057    0.49872    0.50469    0.50636
   0.54150    0.57889    0.58542    0.58944    0.62537    0.66718    0.71929    0.74112
 kpt# 571, nband= 48, wtk=  1.00000, kpt=  0.1000  0.1000  0.5000 (reduced coord)
  -2.85349   -2.66488   -1.70761   -1.70618   -1.70552   -1.52277   -1.52160   -1.52065
  -0.75969   -0.75835   -0.75473   -0.75225   -0.13855   -0.13258   -0.12233   -0.11682
  -0.11001   -0.09768   -0.09754   -0.08214   -0.07277   -0.06353   -0.06248   -0.05836
   0.01349    0.01879    0.03079    0.05055    0.06232    0.25951    0.26005    0.26579
   0.29196    0.29946    0.35023    0.38304    0.47391    0.50086    0.50995    0.51068
   0.53485    0.57423    0.58029    0.59266    0.63208    0.66378    0.72006    0.73742
 kpt# 572, nband= 48, wtk=  1.00000, kpt=  0.0833  0.0833  0.5000 (reduced coord)
  -2.85349   -2.66488   -1.70761   -1.70618   -1.70552   -1.52277   -1.52160   -1.52065
  -0.75980   -0.75838   -0.75462   -0.75222   -0.13857   -0.13163   -0.12305   -0.11569
  -0.10908   -0.09827   -0.09826   -0.08214   -0.07327   -0.06385   -0.06338   -0.05819
   0.01346    0.01891    0.03102    0.05089    0.06210    0.25952    0.26013    0.26552
   0.29206    0.29850    0.34947    0.38258    0.47751    0.50293    0.51465    0.51516
   0.52840    0.57002    0.57523    0.59521    0.63836    0.66098    0.72074    0.73382
 kpt# 573, nband= 48, wtk=  1.00000, kpt=  0.0667  0.0667  0.5000 (reduced coord)
  -2.85349   -2.66488   -1.70761   -1.70618   -1.70552   -1.52277   -1.52160   -1.52065
  -0.75990   -0.75840   -0.75452   -0.75219   -0.13862   -0.13072   -0.12366   -0.11469
  -0.10827   -0.09899   -0.09880   -0.08214   -0.07369   -0.06442   -0.06385   -0.05801
   0.01343    0.01901    0.03121    0.05120    0.06192    0.25952    0.26020    0.26529
   0.29214    0.29766    0.34886    0.38223    0.48138    0.50484    0.51815    0.52025
   0.52217    0.56633    0.57029    0.59708    0.64403    0.65881    0.72130    0.73044
 kpt# 574, nband= 48, wtk=  1.00000, kpt=  0.0500  0.0500  0.5000 (reduced coord)
  -2.85349   -2.66488   -1.70761   -1.70618   -1.70552   -1.52277   -1.52160   -1.52065
  -0.75998   -0.75842   -0.75444   -0.75218   -0.13868   -0.12993   -0.12415   -0.11385
  -0.10761   -0.09964   -0.09927   -0.08214   -0.07402   -0.06507   -0.06405   -0.05784
   0.01341    0.01908    0.03136    0.05146    0.06177    0.25953    0.26025    0.26510
   0.29221    0.29699    0.34838    0.38197    0.48552    0.50652    0.51618    0.52106
   0.52508    0.56328    0.56559    0.59833    0.64887    0.65724    0.72174    0.72742
 kpt# 575, nband= 48, wtk=  1.00000, kpt=  0.0333  0.0333  0.5000 (reduced coord)
  -2.85349   -2.66488   -1.70761   -1.70618   -1.70552   -1.52277   -1.52160   -1.52065
  -0.76004   -0.75844   -0.75438   -0.75216   -0.13872   -0.12932   -0.12450   -0.11322
  -0.10711   -0.10016   -0.09964   -0.08214   -0.07426   -0.06557   -0.06417   -0.05771
   0.01339    0.01914    0.03147    0.05165    0.06167    0.25953    0.26029    0.26495
   0.29225    0.29649    0.34803    0.38178    0.48993    0.50784    0.51044    0.52326
   0.52941    0.56097    0.56137    0.59908    0.65264    0.65621    0.72207    0.72499
 kpt# 576, nband= 48, wtk=  1.00000, kpt=  0.0167  0.0167  0.5000 (reduced coord)
  -2.85349   -2.66488   -1.70761   -1.70618   -1.70552   -1.52277   -1.52160   -1.52065
  -0.76007   -0.75845   -0.75435   -0.75216   -0.13875   -0.12893   -0.12470   -0.11281
  -0.10681   -0.10050   -0.09987   -0.08213   -0.07440   -0.06589   -0.06424   -0.05762
   0.01338    0.01917    0.03154    0.05177    0.06161    0.25953    0.26032    0.26487
   0.29228    0.29619    0.34783    0.38168    0.49457    0.50500    0.50869    0.52463
   0.53269    0.55816    0.55952    0.59946    0.65506    0.65564    0.72226    0.72339
 kpt# 577, nband= 48, wtk=  1.00000, kpt=  0.0000  0.0000  0.5000 (reduced coord)
  -2.85349   -2.66488   -1.70761   -1.70618   -1.70552   -1.52277   -1.52160   -1.52065
  -0.76008   -0.75845   -0.75434   -0.75215   -0.13876   -0.12879   -0.12477   -0.11267
  -0.10670   -0.10061   -0.09996   -0.08213   -0.07445   -0.06600   -0.06426   -0.05759
   0.01338    0.01919    0.03157    0.05181    0.06159    0.25953    0.26033    0.26484
   0.29229    0.29609    0.34776    0.38164    0.49858    0.50072    0.50899    0.52510
   0.53399    0.55689    0.55903    0.59957    0.65545    0.65590    0.72233    0.72283
 kpt# 578, nband= 48, wtk=  1.00000, kpt=  0.0000  0.5000  0.0000 (reduced coord)
  -2.85353   -2.66494   -1.70774   -1.70557   -1.70537   -1.52299   -1.52072   -1.52044
  -0.76536   -0.76391   -0.75271   -0.75203   -0.14771   -0.13449   -0.12061   -0.11068
  -0.09400   -0.09044   -0.08946   -0.07952   -0.07859   -0.07226   -0.04601   -0.04441
   0.01124    0.01773    0.02617    0.07037    0.07504    0.24700    0.26590    0.26850
   0.26951    0.28150    0.30448    0.30462    0.43894    0.44230    0.50468    0.51409
   0.60799    0.61300    0.65847    0.68268    0.69979    0.70637    0.76468    0.77626
 kpt# 579, nband= 48, wtk=  1.00000, kpt=  0.0000  0.5000  0.0167 (reduced coord)
  -2.85353   -2.66494   -1.70774   -1.70557   -1.70538   -1.52299   -1.52072   -1.52044
  -0.76535   -0.76389   -0.75271   -0.75204   -0.14764   -0.13449   -0.12058   -0.11070
  -0.09402   -0.09051   -0.08969   -0.07986   -0.07812   -0.07236   -0.04599   -0.04442
   0.01131    0.01775    0.02615    0.07036    0.07492    0.24709    0.26596    0.26848
   0.26949    0.28167    0.30454    0.30467    0.43911    0.44249    0.50474    0.51411
   0.60792    0.61255    0.65707    0.68416    0.69449    0.71109    0.76444    0.77541
 kpt# 580, nband= 48, wtk=  1.00000, kpt=  0.0000  0.5000  0.0333 (reduced coord)
  -2.85353   -2.66494   -1.70774   -1.70557   -1.70538   -1.52299   -1.52072   -1.52045
  -0.76530   -0.76385   -0.75272   -0.75205   -0.14744   -0.13447   -0.12046   -0.11076
  -0.09410   -0.09070   -0.09035   -0.08033   -0.07726   -0.07264   -0.04591   -0.04444
   0.01152    0.01782    0.02607    0.07036    0.07456    0.24736    0.26617    0.26841
   0.26943    0.28218    0.30471    0.30482    0.43963    0.44305    0.50495    0.51419
   0.60771    0.61115    0.65382    0.68665    0.68763    0.71701    0.76396    0.77311
 kpt# 581, nband= 48, wtk=  1.00000, kpt=  0.0000  0.5000  0.0500 (reduced coord)
  -2.85353   -2.66494   -1.70774   -1.70557   -1.70539   -1.52299   -1.52072   -1.52047
  -0.76521   -0.76377   -0.75274   -0.75206   -0.14711   -0.13443   -0.12027   -0.11087
  -0.09426   -0.09138   -0.09102   -0.08073   -0.07628   -0.07304   -0.04580   -0.04447
   0.01184    0.01793    0.02595    0.07036    0.07398    0.24781    0.26649    0.26829
   0.26933    0.28302    0.30502    0.30508    0.44050    0.44397    0.50530    0.51432
   0.60731    0.60869    0.65019    0.67860    0.69159    0.72129    0.76389    0.76992
 kpt# 582, nband= 48, wtk=  1.00000, kpt=  0.0000  0.5000  0.0667 (reduced coord)
  -2.85353   -2.66493   -1.70774   -1.70557   -1.70541   -1.52298   -1.52072   -1.52049
  -0.76510   -0.76367   -0.75277   -0.75209   -0.14665   -0.13437   -0.12000   -0.11101
  -0.09454   -0.09271   -0.09145   -0.08106   -0.07523   -0.07350   -0.04567   -0.04452
   0.01228    0.01809    0.02577    0.07036    0.07318    0.24840    0.26691    0.26812
   0.26923    0.28419    0.30546    0.30546    0.44170    0.44523    0.50579    0.51450
   0.60504    0.60663    0.64702    0.67071    0.69500    0.72298    0.76509    0.76663
 kpt# 583, nband= 48, wtk=  1.00000, kpt=  0.0000  0.5000  0.0833 (reduced coord)
  -2.85353   -2.66493   -1.70774   -1.70556   -1.70543   -1.52298   -1.52071   -1.52052
  -0.76496   -0.76354   -0.75281   -0.75212   -0.14606   -0.13430   -0.11966   -0.11119
  -0.09504   -0.09426   -0.09191   -0.08137   -0.07415   -0.07397   -0.04554   -0.04461
   0.01279    0.01829    0.02555    0.07036    0.07219    0.24915    0.26737    0.26791
   0.26916    0.28565    0.30595    0.30606    0.44324    0.44680    0.50643    0.51472
   0.60025    0.60554    0.64465    0.66321    0.69710    0.72173    0.76399    0.76788
 kpt# 584, nband= 48, wtk=  1.00000, kpt=  0.0000  0.5000  0.1000 (reduced coord)
  -2.85353   -2.66493   -1.70773   -1.70556   -1.70545   -1.52297   -1.52071   -1.52055
  -0.76478   -0.76338   -0.75285   -0.75215   -0.14535   -0.13420   -0.11924   -0.11140
  -0.09599   -0.09588   -0.09230   -0.08166   -0.07437   -0.07306   -0.04543   -0.04473
   0.01335    0.01853    0.02528    0.07037    0.07103    0.25001    0.26765    0.26770
   0.26929    0.28739    0.30658    0.30683    0.44509    0.44864    0.50722    0.51499
   0.59447    0.60386    0.64312    0.65636    0.69734    0.71805    0.76262    0.77170
 kpt# 585, nband= 48, wtk=  1.00000, kpt=  0.0000  0.5000  0.1167 (reduced coord)
  -2.85353   -2.66493   -1.70773   -1.70556   -1.70548   -1.52296   -1.52071   -1.52059
  -0.76458   -0.76319   -0.75290   -0.75219   -0.14452   -0.13407   -0.11876   -0.11164
  -0.09786   -0.09712   -0.09258   -0.08196   -0.07467   -0.07196   -0.04535   -0.04489
   0.01394    0.01882    0.02497    0.06973    0.07039    0.25098    0.26735    0.26773
   0.26978    0.28935    0.30739    0.30780    0.44724    0.45070    0.50816    0.51530
   0.58799    0.60140    0.64227    0.65039    0.69551    0.71271    0.76278    0.77566
 kpt# 586, nband= 48, wtk=  1.00000, kpt=  0.0000  0.5000  0.1333 (reduced coord)
  -2.85352   -2.66493   -1.70772   -1.70556   -1.70551   -1.52296   -1.52071   -1.52063
  -0.76435   -0.76298   -0.75296   -0.75224   -0.14359   -0.13392   -0.11821   -0.11191
  -0.09981   -0.09870   -0.09275   -0.08231   -0.07482   -0.07087   -0.04531   -0.04511
   0.01452    0.01914    0.02461    0.06832    0.07041    0.25203    0.26700    0.26752
   0.27055    0.29147    0.30841    0.30897    0.44969    0.45293    0.50927    0.51563
   0.58105    0.59798    0.64192    0.64550    0.69181    0.70635    0.76430    0.77897
 kpt# 587, nband= 48, wtk=  1.00000, kpt=  0.0000  0.5000  0.1500 (reduced coord)
  -2.85352   -2.66493   -1.70772   -1.70556   -1.70554   -1.52295   -1.52070   -1.52068
  -0.76410   -0.76275   -0.75303   -0.75230   -0.14255   -0.13374   -0.11760   -0.11222
  -0.10182   -0.10056   -0.09285   -0.08269   -0.07484   -0.06979   -0.04538   -0.04533
   0.01507    0.01950    0.02422    0.06682    0.07044    0.25315    0.26662    0.26719
   0.27148    0.29366    0.30971    0.31038    0.45239    0.45526    0.51054    0.51600
   0.57389    0.59356    0.64176    0.64189    0.68666    0.69939    0.76677    0.78113
 kpt# 588, nband= 48, wtk=  1.00000, kpt=  0.0000  0.5000  0.1667 (reduced coord)
  -2.85352   -2.66492   -1.70771   -1.70557   -1.70555   -1.52294   -1.52073   -1.52070
  -0.76382   -0.76250   -0.75310   -0.75236   -0.14143   -0.13352   -0.11697   -0.11256
  -0.10384   -0.10260   -0.09291   -0.08312   -0.07473   -0.06873   -0.04570   -0.04540
   0.01558    0.01989    0.02378    0.06527    0.07049    0.25431    0.26621    0.26680
   0.27250    0.29581    0.31138    0.31203    0.45533    0.45761    0.51199    0.51636
   0.56670    0.58827    0.63906    0.64205    0.68055    0.69210    0.76972    0.78196
 kpt# 589, nband= 48, wtk=  1.00000, kpt=  0.0000  0.5000  0.1833 (reduced coord)
  -2.85352   -2.66492   -1.70771   -1.70561   -1.70555   -1.52293   -1.52078   -1.52070
  -0.76353   -0.76223   -0.75319   -0.75243   -0.14023   -0.13326   -0.11634   -0.11298
  -0.10581   -0.10472   -0.09295   -0.08361   -0.07451   -0.06771   -0.04608   -0.04552
   0.01602    0.02031    0.02332    0.06369    0.07055    0.25550    0.26577    0.26637
   0.27358    0.29780    0.31351    0.31393    0.45848    0.45989    0.51359    0.51671
   0.55967    0.58233    0.63717    0.64226    0.67388    0.68466    0.77278    0.78147
 kpt# 590, nband= 48, wtk=  1.00000, kpt=  0.0000  0.5000  0.2000 (reduced coord)
  -2.85352   -2.66492   -1.70770   -1.70565   -1.70555   -1.52292   -1.52084   -1.52069
  -0.76321   -0.76194   -0.75328   -0.75250   -0.13895   -0.13295   -0.11580   -0.11352
  -0.10763   -0.10681   -0.09297   -0.08416   -0.07419   -0.06672   -0.04651   -0.04571
   0.01637    0.02074    0.02282    0.06212    0.07062    0.25671    0.26530    0.26591
   0.27470    0.29954    0.31610    0.31617    0.46177    0.46196    0.51533    0.51702
   0.55299    0.57605    0.63582    0.64236    0.66697    0.67722    0.77571    0.78001
 kpt# 591, nband= 48, wtk=  1.00000, kpt=  0.0000  0.5000  0.2167 (reduced coord)
  -2.85351   -2.66492   -1.70769   -1.70569   -1.70555   -1.52290   -1.52090   -1.52069
  -0.76288   -0.76163   -0.75337   -0.75259   -0.13763   -0.13260   -0.11556   -0.11432
  -0.10910   -0.10867   -0.09299   -0.08479   -0.07380   -0.06579   -0.04698   -0.04594
   0.01664    0.02120    0.02230    0.06057    0.07071    0.25792    0.26482    0.26543
   0.27586    0.30100    0.31852    0.31934    0.46368    0.46516    0.51716    0.51724
   0.54690    0.56971    0.63474    0.64212    0.66015    0.66991    0.77786    0.77838
 kpt# 592, nband= 48, wtk=  1.00000, kpt=  0.0000  0.5000  0.2333 (reduced coord)
  -2.85351   -2.66491   -1.70769   -1.70573   -1.70554   -1.52289   -1.52096   -1.52069
  -0.76254   -0.76132   -0.75348   -0.75267   -0.13626   -0.13221   -0.11590   -0.11554
  -0.11010   -0.10988   -0.09300   -0.08549   -0.07335   -0.06493   -0.04748   -0.04623
   0.01682    0.02167    0.02175    0.05907    0.07081    0.25912    0.26432    0.26495
   0.27703    0.30221    0.32121    0.32299    0.46487    0.46856    0.51730    0.51892
   0.54173    0.56358    0.63370    0.64106    0.65399    0.66284    0.77531    0.78072
 kpt# 593, nband= 48, wtk=  1.00000, kpt=  0.0000  0.5000  0.2500 (reduced coord)
  -2.85351   -2.66491   -1.70768   -1.70578   -1.70554   -1.52288   -1.52102   -1.52068
  -0.76219   -0.76099   -0.75359   -0.75277   -0.13489   -0.13177   -0.11722   -0.11696
  -0.11101   -0.10985   -0.09300   -0.08626   -0.07286   -0.06415   -0.04801   -0.04657
   0.01691    0.02117    0.02213    0.05765    0.07093    0.26030    0.26382    0.26445
   0.27821    0.30320    0.32415    0.32705    0.46533    0.47184    0.51714    0.52033
   0.53799    0.55796    0.63244    0.63814    0.64953    0.65616    0.77257    0.78275
 kpt# 594, nband= 48, wtk=  1.00000, kpt=  0.0000  0.5000  0.2667 (reduced coord)
  -2.85351   -2.66491   -1.70767   -1.70582   -1.70554   -1.52287   -1.52108   -1.52068
  -0.76182   -0.76066   -0.75371   -0.75287   -0.13353   -0.13130   -0.11918   -0.11842
  -0.11155   -0.10930   -0.09298   -0.08709   -0.07234   -0.06346   -0.04853   -0.04695
   0.01691    0.02058    0.02260    0.05630    0.07105    0.26144    0.26332    0.26396
   0.27938    0.30404    0.32734    0.33143    0.46486    0.47484    0.51670    0.52098
   0.53629    0.55312    0.63068    0.63298    0.64718    0.65007    0.76983    0.78450
 kpt# 595, nband= 48, wtk=  1.00000, kpt=  0.0000  0.5000  0.2833 (reduced coord)
  -2.85351   -2.66490   -1.70767   -1.70586   -1.70554   -1.52286   -1.52114   -1.52068
  -0.76146   -0.76032   -0.75383   -0.75298   -0.13222   -0.13083   -0.12119   -0.11998
  -0.11188   -0.10849   -0.09295   -0.08799   -0.07182   -0.06289   -0.04904   -0.04737
   0.01683    0.01998    0.02306    0.05506    0.07119    0.26247    0.26290    0.26349
   0.28055    0.30474    0.33077    0.33608    0.46330    0.47728    0.51602    0.52085
   0.53679    0.54934    0.62668    0.62811    0.64483    0.64583    0.76723    0.78604
 kpt# 596, nband= 48, wtk=  1.00000, kpt=  0.0000  0.5000  0.3000 (reduced coord)
  -2.85350   -2.66490   -1.70766   -1.70590   -1.70553   -1.52285   -1.52120   -1.52067
  -0.76109   -0.75998   -0.75396   -0.75310   -0.13104   -0.13039   -0.12310   -0.12147
  -0.11207   -0.10758   -0.09290   -0.08894   -0.07129   -0.06245   -0.04950   -0.04781
   0.01668    0.01938    0.02351    0.05392    0.07132    0.26228    0.26302    0.26367
   0.28169    0.30535    0.33443    0.34094    0.46062    0.47879    0.51533    0.52057
   0.53890    0.54678    0.62006    0.62451    0.64062    0.64466    0.76486    0.78743
 kpt# 597, nband= 48, wtk=  1.00000, kpt=  0.0000  0.5000  0.3167 (reduced coord)
  -2.85350   -2.66490   -1.70765   -1.70594   -1.70553   -1.52284   -1.52125   -1.52067
  -0.76073   -0.75964   -0.75411   -0.75322   -0.13019   -0.13006   -0.12467   -0.12274
  -0.11220   -0.10665   -0.09281   -0.08993   -0.07079   -0.06216   -0.04990   -0.04828
   0.01647    0.01878    0.02394    0.05289    0.07146    0.26182    0.26258    0.26467
   0.28280    0.30588    0.33831    0.34597    0.45691    0.47894    0.51506    0.52071
   0.54192    0.54542    0.61343    0.62001    0.63727    0.64338    0.76280    0.78873
 kpt# 598, nband= 48, wtk=  1.00000, kpt=  0.0000  0.5000  0.3333 (reduced coord)
  -2.85350   -2.66490   -1.70765   -1.70598   -1.70553   -1.52283   -1.52131   -1.52067
  -0.76037   -0.75930   -0.75425   -0.75335   -0.13010   -0.12999   -0.12542   -0.12361
  -0.11228   -0.10573   -0.09269   -0.09092   -0.07033   -0.06203   -0.05022   -0.04875
   0.01621    0.01821    0.02434    0.05197    0.07161    0.26136    0.26216    0.26562
   0.28387    0.30634    0.34240    0.35114    0.45236    0.47748    0.51563    0.52147
   0.54511    0.54547    0.60691    0.61499    0.63440    0.64187    0.76107    0.78998
 kpt# 599, nband= 48, wtk=  1.00000, kpt=  0.0000  0.5000  0.3500 (reduced coord)
  -2.85350   -2.66489   -1.70764   -1.70601   -1.70553   -1.52282   -1.52136   -1.52066
  -0.76002   -0.75896   -0.75441   -0.75348   -0.13097   -0.13028   -0.12515   -0.12395
  -0.11233   -0.10488   -0.09252   -0.09189   -0.06991   -0.06205   -0.05044   -0.04921
   0.01589    0.01767    0.02472    0.05117    0.07174    0.26093    0.26177    0.26651
   0.28488    0.30675    0.34670    0.35640    0.44717    0.47451    0.51712    0.52282
   0.54565    0.54933    0.60058    0.60979    0.63170    0.64008    0.75969    0.79121
 kpt# 600, nband= 48, wtk=  1.00000, kpt=  0.0000  0.5000  0.3667 (reduced coord)
  -2.85350   -2.66489   -1.70763   -1.70605   -1.70553   -1.52281   -1.52140   -1.52066
  -0.75969   -0.75863   -0.75458   -0.75362   -0.13227   -0.13092   -0.12438   -0.12378
  -0.11238   -0.10417   -0.09279   -0.09229   -0.06956   -0.06221   -0.05058   -0.04964
   0.01552    0.01719    0.02507    0.05048    0.07187    0.26053    0.26141    0.26732
   0.28583    0.30710    0.35118    0.36173    0.44155    0.47038    0.51932    0.52468
   0.54688    0.55333    0.59449    0.60462    0.62900    0.63804    0.75866    0.79244
 kpt# 601, nband= 48, wtk=  1.00000, kpt=  0.0000  0.5000  0.3833 (reduced coord)
  -2.85349   -2.66489   -1.70763   -1.70608   -1.70552   -1.52280   -1.52145   -1.52066
  -0.75937   -0.75830   -0.75475   -0.75375   -0.13361   -0.13175   -0.12350   -0.12326
  -0.11243   -0.10364   -0.09355   -0.09202   -0.06928   -0.06249   -0.05063   -0.05004
   0.01513    0.01678    0.02538    0.04988    0.07200    0.26016    0.26109    0.26805
   0.28670    0.30740    0.35585    0.36707    0.43564    0.46553    0.52191    0.52695
   0.54865    0.55732    0.58869    0.59960    0.62624    0.63575    0.75792    0.79364
 kpt# 602, nband= 48, wtk=  1.00000, kpt=  0.0000  0.5000  0.4000 (reduced coord)
  -2.85349   -2.66489   -1.70763   -1.70610   -1.70552   -1.52279   -1.52149   -1.52066
  -0.75907   -0.75798   -0.75494   -0.75389   -0.13486   -0.13260   -0.12264   -0.12254
  -0.11249   -0.10337   -0.09412   -0.09172   -0.06909   -0.06285   -0.05063   -0.05040
   0.01471    0.01643    0.02565    0.04939    0.07211    0.25984    0.26081    0.26870
   0.28748    0.30766    0.36069    0.37236    0.42957    0.46029    0.52462    0.52957
   0.55087    0.56112    0.58329    0.59479    0.62345    0.63328    0.75745    0.79484
 kpt# 603, nband= 48, wtk=  1.00000, kpt=  0.0000  0.5000  0.4167 (reduced coord)
  -2.85349   -2.66489   -1.70762   -1.70612   -1.70552   -1.52279   -1.52152   -1.52065
  -0.75879   -0.75767   -0.75513   -0.75402   -0.13596   -0.13340   -0.12185   -0.12174
  -0.11256   -0.10338   -0.09445   -0.09139   -0.06896   -0.06324   -0.05070   -0.05059
   0.01432    0.01615    0.02589    0.04899    0.07220    0.25955    0.26057    0.26925
   0.28816    0.30788    0.36570    0.37754    0.42341    0.45496    0.52724    0.53248
   0.55345    0.56426    0.57864    0.59024    0.62070    0.63071    0.75718    0.79598
 kpt# 604, nband= 48, wtk=  1.00000, kpt=  0.0000  0.5000  0.4333 (reduced coord)
  -2.85349   -2.66489   -1.70762   -1.70614   -1.70552   -1.52278   -1.52155   -1.52065
  -0.75856   -0.75736   -0.75533   -0.75414   -0.13688   -0.13409   -0.12117   -0.12094
  -0.11266   -0.10363   -0.09457   -0.09106   -0.06889   -0.06363   -0.05095   -0.05053
   0.01395    0.01592    0.02609    0.04867    0.07229    0.25932    0.26036    0.26972
   0.28873    0.30806    0.37088    0.38248    0.41725    0.44977    0.52960    0.53565
   0.55631    0.56549    0.57588    0.58598    0.61811    0.62817    0.75706    0.79690
 kpt# 605, nband= 48, wtk=  1.00000, kpt=  0.0000  0.5000  0.4500 (reduced coord)
  -2.85349   -2.66489   -1.70762   -1.70616   -1.70552   -1.52278   -1.52157   -1.52065
  -0.75836   -0.75707   -0.75555   -0.75424   -0.13761   -0.13465   -0.12061   -0.12019
  -0.11275   -0.10403   -0.09454   -0.09076   -0.06888   -0.06397   -0.05113   -0.05046
   0.01365    0.01575    0.02624    0.04843    0.07235    0.25913    0.26021    0.27008
   0.28918    0.30819    0.37620    0.38699    0.41111    0.44501    0.53158    0.53904
   0.55933    0.56342    0.57623    0.58202    0.61583    0.62581    0.75704    0.79774
 kpt# 606, nband= 48, wtk=  1.00000, kpt=  0.0000  0.5000  0.4667 (reduced coord)
  -2.85349   -2.66488   -1.70762   -1.70617   -1.70552   -1.52277   -1.52158   -1.52065
  -0.75821   -0.75679   -0.75577   -0.75432   -0.13814   -0.13506   -0.12019   -0.11958
  -0.11284   -0.10445   -0.09444   -0.09052   -0.06889   -0.06425   -0.05126   -0.05041
   0.01343    0.01563    0.02635    0.04826    0.07240    0.25900    0.26009    0.27034
   0.28951    0.30829    0.38167    0.39077    0.40505    0.44103    0.53309    0.54261
   0.55967    0.56236    0.57791    0.57842    0.61403    0.62384    0.75705    0.79837
 kpt# 607, nband= 48, wtk=  1.00000, kpt=  0.0000  0.5000  0.4833 (reduced coord)
  -2.85349   -2.66488   -1.70761   -1.70618   -1.70552   -1.52277   -1.52159   -1.52065
  -0.75811   -0.75652   -0.75601   -0.75438   -0.13846   -0.13531   -0.11993   -0.11917
  -0.11290   -0.10476   -0.09436   -0.09037   -0.06890   -0.06442   -0.05134   -0.05037
   0.01328    0.01555    0.02642    0.04816    0.07243    0.25891    0.26002    0.27050
   0.28971    0.30835    0.38725    0.39337    0.39911    0.43829    0.53403    0.54619
   0.55574    0.56509    0.57539    0.57930    0.61286    0.62252    0.75708    0.79878
 kpt# 608, nband= 48, wtk=  1.00000, kpt=  0.0000  0.5000  0.5000 (reduced coord)
  -2.85349   -2.66488   -1.70761   -1.70618   -1.70552   -1.52277   -1.52160   -1.52065
  -0.75808   -0.75631   -0.75621   -0.75439   -0.13856   -0.13539   -0.11984   -0.11902
  -0.11292   -0.10487   -0.09432   -0.09031   -0.06891   -0.06448   -0.05136   -0.05036
   0.01324    0.01553    0.02644    0.04812    0.07244    0.25889    0.26000    0.27055
   0.28978    0.30837    0.39199    0.39425    0.39431    0.43730    0.53435    0.54851
   0.55328    0.56645    0.57394    0.57981    0.61246    0.62205    0.75709    0.79889
 kpt# 609, nband= 48, wtk=  1.00000, kpt=  0.5000  0.5000  0.0000 (reduced coord)
  -2.85353   -2.66494   -1.70774   -1.70557   -1.70537   -1.52299   -1.52072   -1.52044
  -0.76423   -0.76226   -0.75461   -0.75295   -0.15645   -0.14776   -0.12099   -0.09390
  -0.09116   -0.09097   -0.07625   -0.07245   -0.07168   -0.06112   -0.06027   -0.05529
   0.00926    0.01639    0.02992    0.05153    0.07337    0.24879    0.26403    0.26980
   0.27081    0.30546    0.34095    0.34239    0.35016    0.36457    0.58622    0.58778
   0.60441    0.60793    0.66203    0.66688    0.69890    0.71604    0.73204    0.75062
 kpt# 610, nband= 48, wtk=  1.00000, kpt=  0.5000  0.5000  0.0167 (reduced coord)
  -2.85353   -2.66494   -1.70774   -1.70557   -1.70538   -1.52299   -1.52072   -1.52044
  -0.76422   -0.76225   -0.75461   -0.75295   -0.15641   -0.14774   -0.12110   -0.09489
  -0.09098   -0.09001   -0.07644   -0.07255   -0.07165   -0.06119   -0.06029   -0.05527
   0.00934    0.01641    0.02988    0.05157    0.07329    0.24888    0.26414    0.26978
   0.27078    0.30530    0.34113    0.34248    0.35042    0.36464    0.58602    0.58793
   0.60402    0.60808    0.65649    0.67047    0.69827    0.71831    0.73196    0.75059
 kpt# 611, nband= 48, wtk=  1.00000, kpt=  0.5000  0.5000  0.0333 (reduced coord)
  -2.85353   -2.66494   -1.70774   -1.70557   -1.70538   -1.52299   -1.52072   -1.52045
  -0.76417   -0.76221   -0.75462   -0.75296   -0.15630   -0.14768   -0.12139   -0.09665
  -0.09045   -0.08832   -0.07697   -0.07280   -0.07155   -0.06139   -0.06033   -0.05523
   0.00957    0.01648    0.02978    0.05170    0.07305    0.24916    0.26445    0.26970
   0.27068    0.30483    0.34167    0.34278    0.35119    0.36488    0.58542    0.58837
   0.60287    0.60851    0.64829    0.67178    0.69905    0.72345    0.73172    0.75094
 kpt# 612, nband= 48, wtk=  1.00000, kpt=  0.5000  0.5000  0.0500 (reduced coord)
  -2.85353   -2.66494   -1.70774   -1.70557   -1.70539   -1.52299   -1.52072   -1.52047
  -0.76410   -0.76214   -0.75463   -0.75296   -0.15611   -0.14759   -0.12185   -0.09855
  -0.08959   -0.08655   -0.07784   -0.07322   -0.07139   -0.06173   -0.06039   -0.05516
   0.00994    0.01660    0.02960    0.05192    0.07266    0.24961    0.26497    0.26957
   0.27052    0.30410    0.34255    0.34326    0.35243    0.36529    0.58440    0.58909
   0.60098    0.60926    0.63956    0.66845    0.70338    0.72959    0.73133    0.75153
 kpt# 613, nband= 48, wtk=  1.00000, kpt=  0.5000  0.5000  0.0667 (reduced coord)
  -2.85353   -2.66493   -1.70774   -1.70557   -1.70541   -1.52298   -1.52072   -1.52049
  -0.76401   -0.76205   -0.75464   -0.75296   -0.15585   -0.14745   -0.12244   -0.10048
  -0.08846   -0.08481   -0.07902   -0.07379   -0.07116   -0.06220   -0.06045   -0.05507
   0.01043    0.01676    0.02936    0.05223    0.07212    0.25021    0.26570    0.26939
   0.27029    0.30315    0.34378    0.34393    0.35409    0.36586    0.58293    0.59010
   0.59840    0.61035    0.63060    0.66235    0.70983    0.73079    0.73598    0.75238
 kpt# 614, nband= 48, wtk=  1.00000, kpt=  0.5000  0.5000  0.0833 (reduced coord)
  -2.85353   -2.66493   -1.70774   -1.70556   -1.70543   -1.52298   -1.52071   -1.52052
  -0.76388   -0.76193   -0.75465   -0.75296   -0.15552   -0.14729   -0.12311   -0.10240
  -0.08709   -0.08315   -0.08048   -0.07450   -0.07086   -0.06279   -0.06052   -0.05494
   0.01100    0.01697    0.02906    0.05262    0.07146    0.25096    0.26663    0.26916
   0.27001    0.30204    0.34476    0.34533    0.35609    0.36663    0.58099    0.59134
   0.59523    0.61179    0.62152    0.65500    0.71702    0.73010    0.74236    0.75380
 kpt# 615, nband= 48, wtk=  1.00000, kpt=  0.5000  0.5000  0.1000 (reduced coord)
  -2.85353   -2.66493   -1.70773   -1.70556   -1.70545   -1.52297   -1.52071   -1.52055
  -0.76374   -0.76180   -0.75467   -0.75297   -0.15514   -0.14710   -0.12384   -0.10430
  -0.08553   -0.08218   -0.08160   -0.07534   -0.07051   -0.06350   -0.06055   -0.05479
   0.01163    0.01722    0.02869    0.05310    0.07067    0.25183    0.26775    0.26889
   0.26967    0.30083    0.34576    0.34720    0.35840    0.36759    0.57857    0.59102
   0.59331    0.61241    0.61358    0.64706    0.72437    0.72927    0.74858    0.75514
 kpt# 616, nband= 48, wtk=  1.00000, kpt=  0.5000  0.5000  0.1167 (reduced coord)
  -2.85353   -2.66493   -1.70773   -1.70556   -1.70548   -1.52296   -1.52071   -1.52059
  -0.76357   -0.76164   -0.75469   -0.75297   -0.15470   -0.14690   -0.12458   -0.10617
  -0.08407   -0.08383   -0.08019   -0.07628   -0.07009   -0.06432   -0.06054   -0.05462
   0.01229    0.01751    0.02825    0.05366    0.06978    0.25280    0.26857    0.26906
   0.26929    0.29957    0.34689    0.34937    0.36094    0.36877    0.57567    0.58684
   0.59500    0.60333    0.61573    0.63882    0.72833    0.73163    0.75455    0.75762
 kpt# 617, nband= 48, wtk=  1.00000, kpt=  0.5000  0.5000  0.1333 (reduced coord)
  -2.85352   -2.66493   -1.70772   -1.70556   -1.70551   -1.52296   -1.52071   -1.52063
  -0.76338   -0.76146   -0.75472   -0.75298   -0.15422   -0.14667   -0.12530   -0.10800
  -0.08613   -0.08204   -0.07896   -0.07730   -0.06962   -0.06523   -0.06046   -0.05443
   0.01295    0.01784    0.02777    0.05430    0.06880    0.25385    0.26822    0.26886
   0.27055    0.29830    0.34814    0.35182    0.36369    0.37018    0.57232    0.58205
   0.59430    0.59712    0.61822    0.63042    0.72726    0.73867    0.75929    0.76034
 kpt# 618, nband= 48, wtk=  1.00000, kpt=  0.5000  0.5000  0.1500 (reduced coord)
  -2.85352   -2.66493   -1.70772   -1.70556   -1.70554   -1.52295   -1.52071   -1.52068
  -0.76316   -0.76126   -0.75475   -0.75299   -0.15370   -0.14645   -0.12600   -0.10978
  -0.08830   -0.08023   -0.07838   -0.07792   -0.06910   -0.06620   -0.06028   -0.05422
   0.01357    0.01819    0.02722    0.05501    0.06774    0.25495    0.26782    0.26839
   0.27220    0.29705    0.34949    0.35453    0.36659    0.37185    0.56853    0.57687
   0.58535    0.59952    0.62103    0.62194    0.72610    0.74540    0.75996    0.76103
 kpt# 619, nband= 48, wtk=  1.00000, kpt=  0.5000  0.5000  0.1667 (reduced coord)
  -2.85352   -2.66492   -1.70771   -1.70558   -1.70555   -1.52294   -1.52073   -1.52070
  -0.76294   -0.76105   -0.75478   -0.75299   -0.15315   -0.14623   -0.12663   -0.11150
  -0.09054   -0.07950   -0.07847   -0.07711   -0.06853   -0.06717   -0.05998   -0.05399
   0.01414    0.01858    0.02663    0.05579    0.06663    0.25608    0.26740    0.26789
   0.27400    0.29584    0.35094    0.35749    0.36961    0.37377    0.56434    0.57136
   0.57654    0.60218    0.61346    0.62416    0.72485    0.75179    0.75939    0.76313
 kpt# 620, nband= 48, wtk=  1.00000, kpt=  0.5000  0.5000  0.1833 (reduced coord)
  -2.85352   -2.66492   -1.70771   -1.70561   -1.70555   -1.52293   -1.52078   -1.52070
  -0.76270   -0.76082   -0.75481   -0.75300   -0.15258   -0.14602   -0.12718   -0.11316
  -0.09282   -0.08062   -0.07692   -0.07653   -0.06798   -0.06791   -0.05955   -0.05375
   0.01465    0.01900    0.02599    0.05662    0.06548    0.25723    0.26695    0.26736
   0.27590    0.29471    0.35247    0.36066    0.37274    0.37596    0.55978    0.56559
   0.56786    0.60499    0.60509    0.62756    0.72352    0.75782    0.75923    0.76577
 kpt# 621, nband= 48, wtk=  1.00000, kpt=  0.5000  0.5000  0.2000 (reduced coord)
  -2.85352   -2.66492   -1.70770   -1.70565   -1.70555   -1.52292   -1.52084   -1.52070
  -0.76244   -0.76058   -0.75484   -0.75301   -0.15201   -0.14583   -0.12766   -0.11476
  -0.09511   -0.08173   -0.07619   -0.07589   -0.06836   -0.06726   -0.05900   -0.05350
   0.01508    0.01943    0.02531    0.05750    0.06431    0.25838    0.26647    0.26682
   0.27790    0.29365    0.35407    0.36404    0.37595    0.37841    0.55489    0.55936
   0.55963    0.59660    0.60824    0.63123    0.72214    0.75948    0.76346    0.76439
 kpt# 622, nband= 48, wtk=  1.00000, kpt=  0.5000  0.5000  0.2167 (reduced coord)
  -2.85351   -2.66492   -1.70769   -1.70569   -1.70555   -1.52290   -1.52090   -1.52069
  -0.76218   -0.76033   -0.75487   -0.75302   -0.15146   -0.14566   -0.12803   -0.11628
  -0.09736   -0.08280   -0.07604   -0.07574   -0.06795   -0.06657   -0.05833   -0.05324
   0.01542    0.01989    0.02460    0.05842    0.06313    0.25952    0.26598    0.26627
   0.27996    0.29269    0.35576    0.36761    0.37923    0.38112    0.54972    0.55104
   0.55353    0.58829    0.61162    0.63513    0.72072    0.76013    0.76296    0.76902
 kpt# 623, nband= 48, wtk=  1.00000, kpt=  0.5000  0.5000  0.2333 (reduced coord)
  -2.85351   -2.66491   -1.70769   -1.70573   -1.70554   -1.52289   -1.52096   -1.52069
  -0.76191   -0.76008   -0.75491   -0.75303   -0.15092   -0.14553   -0.12831   -0.11773
  -0.09955   -0.08381   -0.07647   -0.07608   -0.06676   -0.06585   -0.05758   -0.05298
   0.01567    0.02036    0.02386    0.05936    0.06196    0.26064    0.26547    0.26571
   0.28204    0.29182    0.35752    0.37134    0.38256    0.38408    0.54294    0.54431
   0.54735    0.58009    0.61522    0.63924    0.71928    0.76117    0.76153    0.77371
 kpt# 624, nband= 48, wtk=  1.00000, kpt=  0.5000  0.5000  0.2500 (reduced coord)
  -2.85351   -2.66491   -1.70768   -1.70578   -1.70554   -1.52288   -1.52102   -1.52068
  -0.76164   -0.75982   -0.75494   -0.75303   -0.15043   -0.14543   -0.12848   -0.11911
  -0.10166   -0.08474   -0.07773   -0.07626   -0.06514   -0.06510   -0.05678   -0.05272
   0.01584    0.02084    0.02309    0.06032    0.06081    0.26174    0.26496    0.26515
   0.28412    0.29104    0.35938    0.37523    0.38593    0.38725    0.53507    0.53870
   0.54111    0.57203    0.61903    0.64352    0.71783    0.76010    0.76257    0.77801
 kpt# 625, nband= 48, wtk=  1.00000, kpt=  0.5000  0.5000  0.2667 (reduced coord)
  -2.85351   -2.66491   -1.70767   -1.70582   -1.70554   -1.52287   -1.52108   -1.52068
  -0.76136   -0.75957   -0.75498   -0.75304   -0.15001   -0.14536   -0.12854   -0.12040
  -0.10367   -0.08558   -0.07927   -0.07656   -0.06434   -0.06336   -0.05596   -0.05247
   0.01592    0.02132    0.02232    0.05969    0.06127    0.26279    0.26445    0.26459
   0.28616    0.29037    0.36133    0.37926    0.38933    0.39062    0.52746    0.53294
   0.53488    0.56412    0.62303    0.64796    0.71638    0.75869    0.76430    0.78027
 kpt# 626, nband= 48, wtk=  1.00000, kpt=  0.5000  0.5000  0.2833 (reduced coord)
  -2.85351   -2.66490   -1.70767   -1.70586   -1.70554   -1.52286   -1.52114   -1.52068
  -0.76109   -0.75931   -0.75501   -0.75305   -0.14966   -0.14530   -0.12850   -0.12161
  -0.10556   -0.08631   -0.08097   -0.07693   -0.06357   -0.06152   -0.05513   -0.05221
   0.01592    0.02154    0.02181    0.05861    0.06221    0.26381    0.26394    0.26405
   0.28814    0.28979    0.36338    0.38341    0.39276    0.39416    0.52012    0.52706
   0.52868    0.55637    0.62721    0.65250    0.71496    0.75731    0.76633    0.78387
 kpt# 627, nband= 48, wtk=  1.00000, kpt=  0.5000  0.5000  0.3000 (reduced coord)
  -2.85350   -2.66490   -1.70766   -1.70590   -1.70554   -1.52285   -1.52120   -1.52067
  -0.76083   -0.75907   -0.75505   -0.75306   -0.14941   -0.14526   -0.12834   -0.12273
  -0.10731   -0.08692   -0.08276   -0.07736   -0.06280   -0.05971   -0.05433   -0.05197
   0.01586    0.02077    0.02229    0.05757    0.06313    0.26344    0.26353    0.26478
   0.28929    0.29003    0.36555    0.38768    0.39621    0.39783    0.51309    0.52109
   0.52255    0.54881    0.63155    0.65713    0.71358    0.75597    0.76860    0.78434
 kpt# 628, nband= 48, wtk=  1.00000, kpt=  0.5000  0.5000  0.3167 (reduced coord)
  -2.85350   -2.66490   -1.70765   -1.70594   -1.70553   -1.52284   -1.52125   -1.52067
  -0.76057   -0.75883   -0.75508   -0.75307   -0.14927   -0.14521   -0.12809   -0.12376
  -0.10890   -0.08742   -0.08460   -0.07782   -0.06204   -0.05794   -0.05355   -0.05174
   0.01574    0.02000    0.02275    0.05660    0.06401    0.26295    0.26304    0.26569
   0.28888    0.29180    0.36781    0.39204    0.39967    0.40160    0.50641    0.51508
   0.51652    0.54144    0.63602    0.66179    0.71225    0.75470    0.77107    0.78484
 kpt# 629, nband= 48, wtk=  1.00000, kpt=  0.5000  0.5000  0.3333 (reduced coord)
  -2.85350   -2.66490   -1.70765   -1.70598   -1.70553   -1.52283   -1.52131   -1.52067
  -0.76032   -0.75860   -0.75511   -0.75308   -0.14925   -0.14515   -0.12774   -0.12471
  -0.11034   -0.08781   -0.08646   -0.07830   -0.06129   -0.05627   -0.05283   -0.05153
   0.01557    0.01926    0.02320    0.05569    0.06485    0.26249    0.26257    0.26655
   0.28855    0.29345    0.37017    0.39650    0.40314    0.40543    0.50010    0.50905
   0.51062    0.53428    0.64062    0.66644    0.71099    0.75349    0.77370    0.78418
 kpt# 630, nband= 48, wtk=  1.00000, kpt=  0.5000  0.5000  0.3500 (reduced coord)
  -2.85350   -2.66489   -1.70764   -1.70601   -1.70553   -1.52282   -1.52136   -1.52066
  -0.76009   -0.75838   -0.75514   -0.75308   -0.14933   -0.14507   -0.12730   -0.12557
  -0.11163   -0.08832   -0.08809   -0.07877   -0.06056   -0.05469   -0.05216   -0.05133
   0.01536    0.01856    0.02363    0.05484    0.06563    0.26205    0.26213    0.26734
   0.28828    0.29495    0.37261    0.40105    0.40661    0.40926    0.49422    0.50303
   0.50489    0.52734    0.64529    0.67104    0.70981    0.75237    0.77639    0.78197
 kpt# 631, nband= 48, wtk=  1.00000, kpt=  0.5000  0.5000  0.3667 (reduced coord)
  -2.85350   -2.66489   -1.70764   -1.70605   -1.70553   -1.52281   -1.52140   -1.52066
  -0.75988   -0.75818   -0.75517   -0.75309   -0.14951   -0.14499   -0.12679   -0.12634
  -0.11275   -0.09013   -0.08829   -0.07922   -0.05988   -0.05324   -0.05156   -0.05116
   0.01514    0.01789    0.02402    0.05407    0.06635    0.26164    0.26173    0.26807
   0.28808    0.29629    0.37509    0.40566    0.41005    0.41304    0.48883    0.49705
   0.49936    0.52064    0.65000    0.67552    0.70873    0.75134    0.77849    0.77912
 kpt# 632, nband= 48, wtk=  1.00000, kpt=  0.5000  0.5000  0.3833 (reduced coord)
  -2.85349   -2.66489   -1.70763   -1.70608   -1.70552   -1.52280   -1.52145   -1.52066
  -0.75968   -0.75800   -0.75519   -0.75310   -0.14974   -0.14490   -0.12702   -0.12623
  -0.11372   -0.09188   -0.08840   -0.07964   -0.05923   -0.05192   -0.05102   -0.05101
   0.01490    0.01727    0.02439    0.05339    0.06701    0.26127    0.26137    0.26872
   0.28792    0.29748    0.37759    0.41033    0.41345    0.41669    0.48404    0.49115
   0.49407    0.51420    0.65470    0.67982    0.70774    0.75041    0.77414    0.78184
 kpt# 633, nband= 48, wtk=  1.00000, kpt=  0.5000  0.5000  0.4000 (reduced coord)
  -2.85349   -2.66489   -1.70763   -1.70610   -1.70552   -1.52279   -1.52149   -1.52066
  -0.75951   -0.75783   -0.75522   -0.75310   -0.15001   -0.14483   -0.12761   -0.12562
  -0.11454   -0.09353   -0.08845   -0.08003   -0.05864   -0.05088   -0.05075   -0.05056
   0.01467    0.01671    0.02472    0.05278    0.06758    0.26094    0.26105    0.26930
   0.28780    0.29851    0.38004    0.41503    0.41677    0.42011    0.47993    0.48534
   0.48908    0.50803    0.65931    0.68386    0.70687    0.74958    0.76928    0.78485
 kpt# 634, nband= 48, wtk=  1.00000, kpt=  0.5000  0.5000  0.4167 (reduced coord)
  -2.85349   -2.66489   -1.70762   -1.70613   -1.70552   -1.52279   -1.52152   -1.52065
  -0.75936   -0.75769   -0.75524   -0.75311   -0.15028   -0.14477   -0.12811   -0.12501
  -0.11521   -0.09505   -0.08845   -0.08037   -0.05812   -0.05078   -0.05016   -0.04974
   0.01445    0.01622    0.02500    0.05226    0.06808    0.26066    0.26078    0.26979
   0.28772    0.29937    0.38238    0.41974    0.41997    0.42320    0.47667    0.47969
   0.48445    0.50218    0.66372    0.68754    0.70612    0.74888    0.76430    0.78690
 kpt# 635, nband= 48, wtk=  1.00000, kpt=  0.5000  0.5000  0.4333 (reduced coord)
  -2.85349   -2.66489   -1.70762   -1.70614   -1.70552   -1.52278   -1.52155   -1.52065
  -0.75923   -0.75757   -0.75525   -0.75311   -0.15053   -0.14472   -0.12852   -0.12442
  -0.11575   -0.09639   -0.08843   -0.08066   -0.05767   -0.05070   -0.04983   -0.04889
   0.01425    0.01581    0.02524    0.05184    0.06850    0.26042    0.26056    0.27021
   0.28767    0.30007    0.38452    0.42295    0.42439    0.42581    0.47425    0.47440
   0.48028    0.49670    0.66780    0.69077    0.70549    0.74829    0.75955    0.78919
 kpt# 636, nband= 48, wtk=  1.00000, kpt=  0.5000  0.5000  0.4500 (reduced coord)
  -2.85349   -2.66489   -1.70762   -1.70616   -1.70552   -1.52278   -1.52157   -1.52065
  -0.75913   -0.75748   -0.75527   -0.75311   -0.15075   -0.14469   -0.12883   -0.12389
  -0.11616   -0.09750   -0.08840   -0.08088   -0.05731   -0.05064   -0.04958   -0.04823
   0.01409    0.01548    0.02543    0.05150    0.06882    0.26023    0.26038    0.27053
   0.28763    0.30062    0.38637    0.42558    0.42784    0.42887    0.46915    0.47325
   0.47670    0.49166    0.67137    0.69344    0.70500    0.74783    0.75536    0.79122
 kpt# 637, nband= 48, wtk=  1.00000, kpt=  0.5000  0.5000  0.4667 (reduced coord)
  -2.85349   -2.66488   -1.70761   -1.70617   -1.70552   -1.52277   -1.52158   -1.52065
  -0.75906   -0.75741   -0.75527   -0.75312   -0.15091   -0.14467   -0.12906   -0.12347
  -0.11644   -0.09834   -0.08836   -0.08105   -0.05704   -0.05060   -0.04939   -0.04775
   0.01396    0.01524    0.02557    0.05126    0.06906    0.26009    0.26025    0.27076
   0.28761    0.30100    0.38780    0.42771    0.42923    0.43294    0.46463    0.47320
   0.47390    0.48723    0.67419    0.69545    0.70465    0.74750    0.75204    0.79279
 kpt# 638, nband= 48, wtk=  1.00000, kpt=  0.5000  0.5000  0.4833 (reduced coord)
  -2.85349   -2.66488   -1.70761   -1.70618   -1.70552   -1.52277   -1.52159   -1.52065
  -0.75902   -0.75737   -0.75528   -0.75312   -0.15101   -0.14466   -0.12919   -0.12320
  -0.11661   -0.09887   -0.08834   -0.08115   -0.05688   -0.05058   -0.04929   -0.04746
   0.01389    0.01510    0.02565    0.05111    0.06920    0.26001    0.26017    0.27090
   0.28759    0.30123    0.38871    0.42912    0.43001    0.43607    0.46123    0.47208
   0.47397    0.48378    0.67602    0.69669    0.70443    0.74730    0.74989    0.79387
 kpt# 639, nband= 48, wtk=  1.00000, kpt=  0.5000  0.5000  0.5000 (reduced coord)
  -2.85349   -2.66488   -1.70761   -1.70618   -1.70552   -1.52277   -1.52160   -1.52065
  -0.75900   -0.75736   -0.75528   -0.75312   -0.15105   -0.14465   -0.12924   -0.12311
  -0.11667   -0.09905   -0.08833   -0.08119   -0.05682   -0.05057   -0.04925   -0.04737
   0.01386    0.01505    0.02568    0.05106    0.06924    0.25998    0.26015    0.27095
   0.28759    0.30131    0.38903    0.42961    0.43026    0.43732    0.45989    0.47145
   0.47457    0.48229    0.67666    0.69712    0.70436    0.74723    0.74914    0.79469
